id,name,host_id,host_name,neighbourhood,latitude,longitude,room_type,price,minimum_nights,number_of_reviews,last_review,reviews_per_month,calculated_host_listings_count,availability_365,number_of_reviews_ltm,price_usd,price_brl,host_tipo,desempenho_recente,min_preco,max_preco,score
702162554826749738,Palermo corazón,476843126,Alida Maria Del Carmen,Palermo,-34.58441,-58.41941,Entire home/apt,30309.0,1,229,2025-01-29,9.55,1,345,132,35.66,178.29,Individual,132.0,-6.298323113564848,144.8866854829028,0.888851513695339
1024068421411439150,Departamento en Palermo Hollywood,545427020,Enrique Roberto,Palermo,-34.575818379564126,-58.4339414164424,Entire home/apt,35403.0,1,147,2025-01-15,10.38,1,250,128,41.65,208.25,Individual,128.0,-6.298323113564848,144.8866854829028,0.8275175465961299
892644603110040418,"Departamento en Las Cañitas, cerca del Aeroparque",513165179,Gabriel,Palermo,-34.5675982,-58.4361298,Entire home/apt,42009.0,1,247,2025-01-27,11.89,1,329,128,49.42,247.11,Individual,128.0,-6.298323113564848,144.8866854829028,0.7901797282395704
1028899812392220180,Moderno Monoambiente Palermo,547365377,Luis Mario,Palermo,-34.581996,-58.4427287,Entire home/apt,21456.0,1,120,2025-01-24,8.29,1,35,108,25.24,126.21,Individual,108.0,-6.298323113564848,144.8866854829028,0.7436252219121944
988986064403565633,Coronel Días Apartamento,527899616,Natuna,Palermo,-34.58569607737044,-58.409178775718345,Entire home/apt,26644.0,2,137,2025-01-20,8.56,1,228,111,31.35,156.73,Individual,111.0,-6.298323113564848,144.8866854829028,0.7386766342860966
1094162299794914434,Departamento a nuevo en Palermo,526292841,Diego Julian,Palermo,-34.5766034,-58.4231135,Entire home/apt,32105.0,1,208,2025-01-27,18.03,2,30,208,37.77,188.85,Individual,104.0,-6.298323113564848,144.8866854829028,0.6508640563507078
809435626666606188,Departamento en Palermo - Buenos Aires,441469480,Cesar,Palermo,-34.5813177,-58.4329413,Entire home/apt,28503.0,1,216,2025-01-10,8.85,1,325,97,33.53,167.66,Individual,97.0,-6.298323113564848,144.8866854829028,0.614276850832426
1011180226564149399,AEP Airport: nothing closer in Palermo!,543645054,Gabriel Alejandro,Palermo,-34.57589090959442,-58.419916153967286,Entire home/apt,31958.0,1,93,2025-01-29,10.49,1,16,93,37.6,187.99,Individual,93.0,-6.298323113564848,144.8866854829028,0.5621692172267299
1066561008916331876,Dpto. a estrenar en Palermo H.,555865928,Agustina Maria,Palermo,-34.57664832113919,-58.4347521193462,Entire home/apt,30761.0,1,93,2025-01-25,7.44,1,252,92,36.19,180.95,Individual,92.0,-6.298323113564848,144.8866854829028,0.5608073736979631
932819479784613380,New Studio in Palermo,524949368,Lara,Palermo,-34.578805,-58.43581750000001,Entire home/apt,52511.0,1,170,2025-01-06,9.19,1,265,107,61.78,308.89,Individual,107.0,-6.298323113564848,144.8866854829028,0.5598991304257152
1016109598432866518,Monoambiente alto palermo,459968030,Morena,Palermo,-34.5860734,-58.4110747,Entire home/apt,36758.0,1,97,2024-12-29,6.42,1,246,92,43.24,216.22,Individual,92.0,-6.298323113564848,144.8866854829028,0.5269294304014709
1062283608327496381,Paraguay Open,417702971,Augusto Tomas,Palermo,-34.5886984,-58.41918719999999,Entire home/apt,28618.0,1,80,2025-01-27,7.21,1,39,80,33.67,168.34,Individual,80.0,-6.298323113564848,144.8866854829028,0.4752677501514173
812041171202359233,Departamento en Palermo,383504466,Christian,Palermo,-34.5739924,-58.43235319999999,Entire home/apt,26886.0,2,105,2025-01-28,6.55,1,12,78,31.63,158.15,Individual,78.0,-6.298323113564848,144.8866854829028,0.46879586511214444
1056496908123581009,Cálido Estudio en Colegiales,553087217,Maria Soledad,Colegiales,-34.5763898,-58.44823149999999,Entire home/apt,24754.0,2,77,2025-01-26,6.13,1,230,76,29.12,145.61,Individual,76.0,-25.39338022656716,170.99145541453709,0.4645825096259709
38665309,"Estudio Palermo Soho, Plaza Serrano - Buenos Aires",170072747,Andy Y Flor,Palermo,-34.58914,-58.42937,Entire home/apt,26255.0,1,209,2025-01-14,3.22,1,348,77,30.89,154.44,Individual,77.0,-6.298323113564848,144.8866854829028,0.464214415624704
824122651742526877,Estudio Premium Class Palermo,115539423,Federico,Palermo,-34.583536069173874,-58.40865130971861,Entire home/apt,33008.0,2,136,2025-01-26,5.91,1,350,79,38.83,194.16,Individual,79.0,-6.298323113564848,144.8866854829028,0.44233454669953676
608103076673618898,Confortable departamento dos ambientes en Palermo,154861930,Vicky,Palermo,-34.57514,-58.43519,Entire home/apt,26255.0,3,157,2025-01-28,4.88,1,161,74,30.89,154.44,Individual,74.0,-6.298323113564848,144.8866854829028,0.4398021190605087
597689019876010289,Muy lindo dto en Palermo,452689971,Ney,Palermo,-34.58709,-58.43802,Entire home/apt,24641.0,3,82,2025-01-22,2.6,1,64,71,28.99,144.95,Individual,71.0,-6.298323113564848,144.8866854829028,0.4245200483492687
21412166,Monoambiente pensado en el detalle,126665515,Emir,Palermo,-34.58019,-58.41037,Entire home/apt,24095.0,2,283,2025-01-14,4.51,1,339,70,28.35,141.74,Individual,70.0,-6.298323113564848,144.8866854829028,0.4194580606590412
45512129,Apartamento en el corazón de Palermo 💙🚀,41498745,Graciela,Palermo,-34.58418,-58.41951,Entire home/apt,26255.0,1,196,2025-01-12,5.19,1,333,71,30.89,154.44,Individual,71.0,-6.298323113564848,144.8866854829028,0.4153898224963134
46597431,Departamento zona Embajada USA con Pileta Palermo,165122512,Andres,Palermo,-34.57505,-58.42055,Entire home/apt,41704.0,1,300,2025-01-15,6.35,1,54,80,49.06,245.32,Individual,80.0,-6.298323113564848,144.8866854829028,0.40131292074247926
877001506183423485,Explora Buenos Aires desde la comodidad de Palermo,84850261,Flavia,Palermo,-34.591520347815994,-58.418556887532446,Entire home/apt,30005.0,2,120,2025-01-28,5.63,1,25,70,35.3,176.5,Individual,70.0,-6.298323113564848,144.8866854829028,0.38606065556533625
1065505626717988681,Monoambiente en Palermo con ubicación Privilegiada,510955346,Sebastian,Palermo,-34.5756375,-58.4064139,Entire home/apt,48762.0,1,82,2025-01-23,10.0,1,331,82,57.37,286.84,Individual,82.0,-6.298323113564848,144.8866854829028,0.3776550604669997
891213934434450153,Amo Buenos Aires. Apartamento en Palermo,514688864,Yanina,Palermo,-34.5776133,-58.43506919999999,Entire home/apt,36012.0,1,133,2025-01-28,6.41,1,119,73,42.37,211.84,Individual,73.0,-6.298323113564848,144.8866854829028,0.3764989011924821
1079156178112887259,"Departamento, Palermo. Bs As",211714389,Tihanny,Palermo,-34.57957,-58.42616,Entire home/apt,26255.0,2,66,2025-01-14,5.45,1,79,66,30.89,154.44,Individual,66.0,-6.298323113564848,144.8866854829028,0.37470266155598797
613071566923997701,¡Ubicación Perfecta! Amplia habitación privada,127848291,Candela,Palermo,-34.58373,-58.42372,Private room,24901.0,2,189,2025-01-10,5.64,1,83,65,29.3,146.48,Individual,65.0,-6.298323113564848,144.8866854829028,0.37420578679223804
838492788248404932,Departamento Palermo Hollywood,98043921,Juan Pablo,Palermo,-34.5791077,-58.4286317,Entire home/apt,29102.0,2,134,2025-01-27,5.89,1,215,67,34.24,171.19,Individual,67.0,-6.298323113564848,144.8866854829028,0.3667420639506844
892690399835735107,Cálido 2 ambientes en el Corazón de Palermo Soho,131952778,Ramiro,Palermo,-34.587587,-58.42177,Entire home/apt,28440.0,2,97,2025-01-25,5.03,1,362,66,33.46,167.29,Individual,66.0,-6.298323113564848,144.8866854829028,0.3623528297443589
941843368281652108,Warm apartment in the heart of Palermo Hollywood,527393149,Antonella,Palermo,-34.58241962957683,-58.43427082866178,Entire home/apt,35854.0,3,108,2025-01-26,6.28,1,238,71,42.18,210.91,Individual,71.0,-6.298323113564848,144.8866854829028,0.3611370594016473
974524678101054284,Estudio Oro en Palermo Nuevo,279732118,Mario Cesar,Palermo,-34.5773412,-58.4224097,Entire home/apt,33912.0,2,99,2025-01-27,6.01,1,23,69,39.9,199.48,Individual,69.0,-6.298323113564848,144.8866854829028,0.3558184660490636
8626845,Apartment in Palermo,41498284,Yanina,Palermo,-34.57787,-58.41004,Entire home/apt,29259.0,2,434,2025-01-20,3.83,1,344,65,34.42,172.11,Individual,65.0,-6.298323113564848,144.8866854829028,0.34960223080953734
759328120622973112,Departamento en Palermo con vista a jardines,483433340,Andrea,Palermo,-34.573118,-58.4230651,Entire home/apt,33008.0,1,149,2025-01-27,5.67,1,236,67,38.83,194.16,Individual,67.0,-6.298323113564848,144.8866854829028,0.34468536044275555
53670846,Departamento en zona exclusiva de Buenos Aires,96018074,Sebastian,Palermo,-34.57783,-58.40874,Entire home/apt,33008.0,2,209,2025-01-27,5.71,1,18,65,38.83,194.16,Individual,65.0,-6.298323113564848,144.8866854829028,0.3284104960666253
36000598,Palermo Hollywood studio,270841978,Maria Agustina,Colegiales,-34.57872009277344,-58.44041061401367,Entire home/apt,22000.0,1,85,2025-01-25,1.25,1,249,57,25.88,129.41,Individual,57.0,-25.39338022656716,170.99145541453709,0.32554073582303683
1036824403751681456,Departamento en Buenos Aires excelente ubicación,100279978,Maria Macarena,Palermo,-34.5817965,-58.4098955,Entire home/apt,41410.0,1,75,2025-01-14,5.4,1,314,70,48.72,243.59,Individual,70.0,-6.298323113564848,144.8866854829028,0.32157242875130454
907371520256330853,Departamento muy bien ubicado.,314625260,Rodrigo,Palermo,-34.5898404,-58.4358622,Entire home/apt,22958.0,2,108,2025-01-17,5.52,1,361,57,27.01,135.05,Individual,57.0,-6.298323113564848,144.8866854829028,0.3201106541315424
922370391509324970,"Palermo Hollywood, Buenos Aires",64735123,Daniel,Palermo,-34.5840483,-58.4347332,Entire home/apt,46063.0,1,83,2025-01-15,5.74,1,254,73,54.19,270.96,Individual,73.0,-6.298323113564848,144.8866854829028,0.3196992856230443
765941186860951618,Departamento en Palermo Soho.,488629718,Alejandro,Palermo,-34.58697,-58.43284,Entire home/apt,20857.0,2,80,2025-01-12,4.52,1,9,52,24.54,122.69,Individual,52.0,-6.298323113564848,144.8866854829028,0.2912927868000587
892838167006947795,Bienvenidos a Palermo,56895608,Clara,Palermo,-34.59167862402265,-58.41744683682919,Private room,23105.0,1,164,2025-01-24,8.01,2,321,107,27.18,135.91,Individual,53.5,-6.298323113564848,144.8866854829028,0.29081272652857637
1087177505097480908,Amplio estudio Palermo Hollywood,185943172,Mauricio J.,Palermo,-34.588025333302994,-58.43856856226921,Entire home/apt,29763.0,2,58,2025-01-15,6.08,1,53,58,35.02,175.08,Individual,58.0,-6.298323113564848,144.8866854829028,0.289756976276359
861839030614844765,"Depto. Palermo, con asador en el balcón + pileta",336927220,Fede Y Joy,Palermo,-34.582673,-58.44391350000001,Entire home/apt,27757.0,1,98,2025-01-29,4.45,1,313,56,32.66,163.28,Individual,56.0,-6.298323113564848,144.8866854829028,0.2848228134860049
815783737312105706,New Palermo SOHO Modern Apartment-Estudio,460888199,Andrea,Palermo,-34.5909206,-58.4253502,Entire home/apt,29406.0,1,133,2025-01-23,5.73,1,217,56,34.6,172.98,Individual,56.0,-6.298323113564848,144.8866854829028,0.27550037235193475
1096014642279167698,Apartment in Palermo,23927879,Ignacio,Palermo,-34.5926034,-58.4178899,Entire home/apt,31359.0,1,57,2025-01-26,7.47,1,268,57,36.89,184.46,Individual,57.0,-6.298323113564848,144.8866854829028,0.27263347969617474
878873385605883570,The Luminous Bliss Studio in Palermo Hollywood •,59644745,Maria Gabriela,Palermo,-34.5811704,-58.4307793,Entire home/apt,38553.0,2,91,2025-01-26,4.72,1,289,61,45.36,226.78,Individual,61.0,-6.298323113564848,144.8866854829028,0.2644816226723659
29510716,Departamento Monoambiente en Palermo Hollywood,42806667,Serena,Palermo,-34.57949,-58.43724,Entire home/apt,30456.0,2,179,2025-01-28,2.37,1,45,55,35.83,179.15,Individual,55.0,-6.298323113564848,144.8866854829028,0.261452320269588
985637686830166536,Hermoso departamento en Palermo,433325719,Silvia,Palermo,-34.58056256524279,-58.42775771157473,Entire home/apt,28051.0,2,72,2025-01-14,4.47,1,218,52,33.0,165.01,Individual,52.0,-6.298323113564848,144.8866854829028,0.2506392548442682
42294127,Palermo: ubicación y confort,336020489,Alejandro,Palermo,-34.578548003948455,-58.42336054199749,Entire home/apt,28807.0,2,196,2025-01-29,9.97,2,71,105,33.89,169.45,Individual,52.5,-6.298323113564848,144.8866854829028,0.2504311809334954
1026237635208387896,Casa Palermitana.,45821702,Ivanna,Palermo,-34.5763601,-58.43859699999999,Entire home/apt,19954.0,1,109,2025-01-13,7.52,2,62,91,23.48,117.38,Individual,45.5,-6.298323113564848,144.8866854829028,0.2434931825271791
853029305628626380,"Monoambiente cómodo, exelente zona Recoleta",506625052,Josefina,Palermo,-34.58386835993582,-58.40659094853444,Entire home/apt,25205.0,3,107,2025-01-21,4.84,1,107,49,29.65,148.26,Individual,49.0,-6.298323113564848,144.8866854829028,0.24232498807344152
40390881,Hermoso departamento Palermo Hollywood con Piscina,312201863,Laura,Palermo,-34.57777,-58.43911,Entire home/apt,27159.0,1,165,2025-01-10,4.35,1,215,50,31.95,159.76,Individual,50.0,-6.298323113564848,144.8866854829028,0.2394100415974029
936158212196297489,Hermoso Studio en Palermo Soho | Todo luz,187152708,Rosario,Palermo,-34.5825384,-58.4276242,Entire home/apt,43206.0,3,98,2025-01-01,5.69,1,39,61,50.83,254.15,Individual,61.0,-6.298323113564848,144.8866854829028,0.23819618297991035
42149967,Lindo! 3 ambientes con cochera (“apto celiacos”),46001097,Lorena,Palermo,-34.5967,-58.41651,Entire home/apt,73515.0,1,136,2025-01-26,6.92,1,324,82,86.49,432.44,Individual,82.0,-6.298323113564848,144.8866854829028,0.23772233581538993
14898722,HABITACIÓN PRIVADA EN PALERMO,93514930,Patricia,Palermo,-34.5803,-58.40578,Private room,24607.0,1,429,2025-01-25,4.2,1,354,48,28.95,144.75,Individual,48.0,-6.298323113564848,144.8866854829028,0.2375513233048863
573152877096591874,Confortable Apt en Palermo cerca Don Julio & Subte,447417467,Ivan,Palermo,-34.58499,-58.42314,Entire home/apt,24607.0,1,134,2025-01-15,3.79,1,135,48,28.95,144.75,Individual,48.0,-6.298323113564848,144.8866854829028,0.2375513233048863
34816635,Moov- Luxurious and Exclusive in Palermo Hollywood,151931644,Adrian Y Andrea,Palermo,-34.57833203683382,-58.43800841864351,Entire home/apt,54863.0,2,309,2025-01-24,4.45,1,174,69,64.54,322.72,Individual,69.0,-6.298323113564848,144.8866854829028,0.23741385288231678
1002831056166813009,Studio moderno en Palermo Hollywood,41841579,Pablo,Palermo,-34.58190593103789,-58.43292425396727,Entire home/apt,29522.0,2,68,2025-01-26,4.34,1,326,51,34.73,173.66,Individual,51.0,-6.298323113564848,144.8866854829028,0.23418851174798597
1094773239101279574,Palermo Hip Retreat,34472903,Maria,Palermo,-34.5805791,-58.4331457,Entire home/apt,51608.0,1,66,2025-01-26,6.02,1,145,66,60.72,303.58,Individual,66.0,-6.298323113564848,144.8866854829028,0.23135811566458955
1071953855781519199,Increíble Departamento en Palermo Soho,244229586,Graciela,Palermo,-34.586700413545366,-58.42126812393498,Entire home/apt,27306.0,1,49,2025-01-29,4.05,1,247,49,32.12,160.62,Individual,49.0,-6.298323113564848,144.8866854829028,0.23045569446459963
918246311262767894,Studio en Palermo Soho,259771352,Gabriel Alfredo,Palermo,-34.5880032,-58.42004550000001,Entire home/apt,37503.0,2,99,2025-01-23,5.13,1,313,56,44.12,220.61,Individual,56.0,-6.298323113564848,144.8866854829028,0.2297531354466008
1061876661227142907,VIP/ BEST Buenos Aires spot,50778624,Marisol,Palermo,-34.5794715,-58.4283705,Entire home/apt,40958.0,1,117,2025-01-20,9.26,2,286,116,48.19,240.93,Individual,58.0,-6.298323113564848,144.8866854829028,0.22647009496929507
1018968365387513536,Cálido loft en el corazón de Palermo Soho,105940406,Ale,Palermo,-34.584024273256055,-58.42369113653122,Entire home/apt,29480.0,2,65,2025-01-09,4.52,1,42,50,34.68,173.41,Individual,50.0,-6.298323113564848,144.8866854829028,0.22629134866131445
1130597850792006656,Departamento 2 ambientes,518777078,Jorge,Palermo,-34.580927509574,-58.40883258730173,Entire home/apt,38259.0,1,56,2025-01-25,6.04,1,101,56,45.01,225.05,Individual,56.0,-6.298323113564848,144.8866854829028,0.2254763454417954
941429737506013426,Modern studio with swimming pool in Soho Palermo,432789073,Marcia,Palermo,-34.5876501,-58.4218768,Entire home/apt,39730.0,1,96,2025-01-12,5.26,1,152,57,46.74,233.71,Individual,57.0,-6.298323113564848,144.8866854829028,0.22530046672164325
1137219371113493293,Excelente ambiente cerca de Bosques de Palermo,1015142,Daniel,Palermo,-34.5824192235506,-58.40582951903343,Entire home/apt,22506.0,2,45,2025-01-26,4.87,1,87,45,26.48,132.39,Individual,45.0,-6.298323113564848,144.8866854829028,0.2250083203495329
856663312491613402,Suite Palermo a minutos del aeroparque J. Newbery,467133964,Carolina,Palermo,-34.58209958147705,-58.41436606045445,Entire home/apt,26255.0,2,163,2025-01-20,7.3,1,60,47,30.89,154.44,Individual,47.0,-6.298323113564848,144.8866854829028,0.22009144998275107
982840005449550142,¡Tu Hogar Lejos de Casa!,486859162,Camila Belén,Palermo,-34.5822883,-58.4093604,Entire home/apt,26980.0,2,60,2025-01-18,3.81,1,169,47,31.74,158.71,Individual,47.0,-6.298323113564848,144.8866854829028,0.21600687525906054
708023883644000137,"Amazing studio in Palermo Soho, perfect loc!",404969289,Manuela,Palermo,-34.59039543231676,-58.435702217790976,Entire home/apt,31359.0,2,97,2025-01-26,3.34,1,305,50,36.89,184.46,Individual,50.0,-6.298323113564848,144.8866854829028,0.21567145437971907
11298235,Bright apartment with breakfast included,59044972,Paula,Palermo,-34.5871196960039,-58.41271129629516,Entire home/apt,28912.0,2,105,2025-01-19,4.72,1,310,48,34.01,170.07,Individual,48.0,-6.298323113564848,144.8866854829028,0.21323609024385795
9836283,Precioso departamento en Palermo,50653027,Paula,Palermo,-34.58213,-58.42004,Entire home/apt,26255.0,2,145,2025-01-20,1.31,1,262,46,30.89,154.44,Individual,46.0,-6.298323113564848,144.8866854829028,0.2119540177946859
36732268,Soler Art Studios - Modern studio,14100588,Luis,Palermo,-34.57941,-58.43421,Entire home/apt,28807.0,2,300,2025-01-24,4.48,1,79,47,33.89,169.45,Individual,47.0,-6.298323113564848,144.8866854829028,0.2056753038991374
1095920594586058804,Departamento en Palermo Bs As,52348895,Christian,Palermo,-34.5928338,-58.424046,Entire home/apt,34657.0,2,51,2024-10-03,4.51,1,213,51,40.77,203.86,Individual,51.0,-6.298323113564848,144.8866854829028,0.2051640042996438
1061058723968734343,La casita de Valerio 5/6 Huéspedes,549820234,Hernan Pablo,Palermo,-34.5831329,-58.4208369,Entire home/apt,56439.0,1,71,2025-01-26,5.61,1,23,66,66.4,331.99,Individual,66.0,-6.298323113564848,144.8866854829028,0.20406354574628105
30558832,Gascón Apartment,226087595,Nicolás,Palermo,-34.59241,-58.42275,Entire home/apt,33649.0,1,251,2025-01-25,3.36,1,67,50,39.59,197.94,Individual,50.0,-6.298323113564848,144.8866854829028,0.20269692290446678
997979482828105179,Studio en Palermo,540647379,Felipe,Palermo,-34.5886174,-58.4200778,Entire home/apt,27306.0,3,54,2025-01-23,3.58,1,207,45,32.12,160.62,Individual,45.0,-6.298323113564848,144.8866854829028,0.19790596571233926
33344331,Moderno y luminoso Monoambiente en Palermo.,225292045,Juan Sebastian,Palermo,-34.5763,-58.43845,Entire home/apt,26402.0,3,156,2025-01-28,2.3,1,299,44,31.06,155.31,Individual,44.0,-6.298323113564848,144.8866854829028,0.19486223847381767
1050820508683448898,"Departamento con cochera incluida, en Palermo",11394707,Diego,Palermo,-34.5826013,-58.42319149999999,Entire home/apt,27904.0,2,95,2025-01-27,7.38,2,123,90,32.83,164.14,Individual,45.0,-6.298323113564848,144.8866854829028,0.19449414447255067
598302894001641412,Modern apartment near Bosques de Palermo,83265866,Joaquin R,Palermo,-34.56555136904498,-58.432551887756006,Entire home/apt,32557.0,2,139,2025-01-19,4.06,1,63,48,38.3,191.51,Individual,48.0,-6.298323113564848,144.8866854829028,0.19262100134429044
30012983,Estudio Beruti / Embajada EEUU / RURAL,112379771,Gerardo,Palermo,-34.5784908,-58.4232491,Entire home/apt,24460.0,2,44,2025-01-15,2.86,1,171,42,28.78,143.88,Individual,42.0,-6.298323113564848,144.8866854829028,0.18954364512123378
10117715,Departamento pleno Palermo Hollywood,51921941,Florencia,Palermo,-34.58222,-58.43126,Entire home/apt,33607.0,2,57,2025-01-14,0.93,1,313,48,39.54,197.69,Individual,48.0,-6.298323113564848,144.8866854829028,0.18666232762973012
1074185038646997048,Departamento en Palermo Soho,557891161,Marina,Palermo,-34.589428733498096,-58.42957608635587,Entire home/apt,32557.0,3,47,2025-01-26,7.27,1,326,47,38.3,191.51,Individual,47.0,-6.298323113564848,144.8866854829028,0.18448356915622538
804164528635200235,Departamento en Palermo Buenos Aires,24076148,Gisela,Palermo,-34.5880538,-58.42492720000001,Entire home/apt,45621.0,2,95,2025-01-20,5.39,1,114,56,53.67,268.36,Individual,56.0,-6.298323113564848,144.8866854829028,0.18386173708043066
1214717394448870340,Moderno Monoambiente en el Corazón de Palermo Soho,126901146,Lucas Nicolas,Palermo,-34.5825824,-58.42319669999999,Entire home/apt,29858.0,2,45,2025-01-25,8.04,1,158,45,35.13,175.64,Individual,45.0,-6.298323113564848,144.8866854829028,0.18344176580844687
36843450,"""SOLER ART STUDIOS  I C ""- Palermo Hollywood 🏡",276919293,Gonzalo,Palermo,-34.57906,-58.43522,Entire home/apt,29406.0,2,275,2025-01-18,4.09,1,81,44,34.6,172.98,Individual,44.0,-6.298323113564848,144.8866854829028,0.17785118609515355
918205888484717465,2C Nuevo apartamento en palermo!,89838772,Sofia,Palermo,-34.57986,-58.42677,Entire home/apt,28503.0,7,61,2024-12-23,3.26,1,20,43,33.53,167.66,Individual,43.0,-6.298323113564848,144.8866854829028,0.17485551267691057
845341942542062693,Luminoso apartamento en Palermo,124629039,Sofia,Palermo,-34.58262,-58.42033,Entire home/apt,27306.0,2,96,2024-12-23,4.22,1,297,42,32.12,160.62,Individual,42.0,-6.298323113564848,144.8866854829028,0.17349366914814396
1125383051692716843,Apartamento en Palermo,427997437,Paco,Palermo,-34.5864575,-58.439307,Entire home/apt,33754.0,2,46,2025-01-26,4.79,1,150,46,39.71,198.55,Individual,46.0,-6.298323113564848,144.8866854829028,0.16957054830886176
610912964213613739,DEPARTAMENTO SÚPER MODERNO  PLENO BARRIO  PALERMO,95014780,Nicolas,Palermo,-34.57808,-58.42924,Entire home/apt,51461.0,1,169,2024-11-22,5.0,1,29,58,60.54,302.71,Individual,58.0,-6.298323113564848,144.8866854829028,0.16712362692508556
1003737627843884904,New Apartment Palermo Hollywood,542155479,Alfredo Javier,Palermo,-34.5845579,-58.4418823,Entire home/apt,21456.0,3,43,2025-01-26,2.84,1,172,37,25.24,126.21,Individual,37.0,-6.298323113564848,144.8866854829028,0.1658675365595724
1066595995389935301,¡Descubre el Encanto de Palermo Hollywood!,547606586,Magali,Palermo,-34.58039463655573,-58.43317618596121,Entire home/apt,30309.0,1,43,2025-01-19,3.85,1,3,43,35.66,178.29,Individual,43.0,-6.298323113564848,144.8866854829028,0.1646200489575449
791210552212597421,Bright & Spacy Studio in Palermo,493003176,Juan,Palermo,-34.5813879,-58.4328412,Entire home/apt,26402.0,3,91,2025-01-26,3.59,1,44,40,31.06,155.31,Individual,40.0,-6.298323113564848,144.8866854829028,0.1623125097215572
917605232650905311,Hermoso y alegre apartamento en Palermo Hollywood.,166360404,Augusto,Palermo,-34.5809701,-58.43504979999999,Entire home/apt,27159.0,2,133,2025-01-29,6.81,2,221,81,31.95,159.76,Individual,40.5,-6.298323113564848,144.8866854829028,0.1621044358107844
1021751858711470611,Fantastic studio in the best neighborhood Palermo,545894787,Sol,Palermo,-34.5758765,-58.40744919999999,Entire home/apt,34657.0,2,58,2025-01-14,3.94,1,104,45,40.77,203.86,Individual,45.0,-6.298323113564848,144.8866854829028,0.1563394111712532
984333648746713014,Loft en Palermo Hollywood 3/4pax,495674247,Daniel,Palermo,-34.57678521692893,-58.43374223284353,Entire home/apt,26255.0,3,67,2024-12-23,4.12,1,341,39,30.89,154.44,Individual,39.0,-6.298323113564848,144.8866854829028,0.15499199247823026
1062556874237102774,"Puerto madero, climatized pool",465265489,Z,Puerto Madero,-34.62042,-58.36599,Entire home/apt,47858.0,1,55,2024-12-29,4.45,1,243,54,56.3,281.52,Individual,54.0,49.42092904885493,223.15875845114505,0.15494871797099916
724656673986232111,Apartamento en Palermo Hollywood,60566845,Mariano,Palermo,-34.5764396,-58.4363973,Entire home/apt,30845.0,2,42,2025-01-14,4.42,1,64,42,36.29,181.44,Individual,42.0,-6.298323113564848,144.8866854829028,0.15345522609192097
24469712,MOOD PALERMO,184776614,Julian,Palermo,-34.57857,-58.42308,Entire home/apt,25205.0,4,141,2025-01-27,1.76,1,11,38,29.65,148.26,Individual,38.0,-6.298323113564848,144.8866854829028,0.15281323400472546
15453487,Habitacion Confortable Palermo Soho,4273580,Adriana,Palermo,-34.583652,-58.425732,Private room,23105.0,1,464,2025-01-16,4.83,2,358,73,27.18,135.91,Individual,36.5,-6.298323113564848,144.8866854829028,0.1524763793314697
1142880090533625396,Departamento en Buenos Aires,196933317,Milena,Palermo,-34.5965585,-58.42308070000001,Entire home/apt,42597.0,1,50,2025-01-28,7.11,1,133,50,50.11,250.57,Individual,50.0,-6.298323113564848,144.8866854829028,0.1521443039712616
1002034986712482601,"BsAs-Palermo - Excelente ubicación
SÚPER Anfitrión",180527684,Esteban,Palermo,-34.57671447294682,-58.42416046736246,Entire home/apt,21004.0,2,44,2025-01-29,2.92,1,58,35,24.71,123.55,Individual,35.0,-6.298323113564848,144.8866854829028,0.15213952465821395
32686255,Descubre desde el balcón de este moderno Studio la belleza de Palermo Hollywood,241047982,Tatiana,Palermo,-34.58032,-58.43554,Entire home/apt,28471.0,3,156,2025-01-20,2.19,1,148,40,33.5,167.48,Individual,40.0,-6.298323113564848,144.8866854829028,0.15058737757355142
900192006502500668,Duplex con parrilla en el Soho,516739510,Daniel,Palermo,-34.585151604594,-58.42734585607799,Entire home/apt,47260.0,2,83,2025-01-20,4.23,1,179,53,55.6,278.0,Individual,53.0,-6.298323113564848,144.8866854829028,0.15017505320244393
909945239540359324,Dpto a estrenar para 2 personas en Buenos Aires,104955427,Maximiliano,Colegiales,-34.572003803987684,-58.44838156348898,Entire home/apt,23105.0,2,59,2025-01-26,3.06,1,356,36,27.18,135.91,Individual,36.0,-25.39338022656716,170.99145541453709,0.14840766323743718
726057766809620094,Amazing apartment in Palermo Hollywood,61918153,Diana,Palermo,-34.57871,-58.42919,Entire home/apt,38963.0,1,113,2025-01-26,4.16,1,352,47,45.84,229.19,Individual,47.0,-6.298323113564848,144.8866854829028,0.14825098866607636
837537493870317535,Departamento en Palermo Soho,503359839,Gonzalo,Palermo,-34.584422,-58.4215181,Entire home/apt,39310.0,1,150,2025-01-25,7.48,2,336,94,46.25,231.24,Individual,47.0,-6.298323113564848,144.8866854829028,0.1462807820346492
1049462414813848434,Departamento en Palermo Soho,415550489,Luciano,Palermo,-34.579681304382234,-58.42477045886076,Entire home/apt,30761.0,3,45,2025-01-18,3.37,1,156,41,36.19,180.95,Individual,41.0,-6.298323113564848,144.8866854829028,0.14579833210664303
1121627170129318994,Palermo soho Live departamento,475462987,Daiana,Palermo,-34.58986257849327,-58.41708141791123,Entire home/apt,28030.0,3,39,2025-01-26,4.16,1,134,39,32.98,164.88,Individual,39.0,-6.298323113564848,144.8866854829028,0.14494874403997943
1133402095216555052,2 bedroom place in palermo Soho,571969096,Gloria,Palermo,-34.58238705329409,-58.42682285810757,Entire home/apt,36758.0,2,45,2025-01-12,4.84,1,4,45,43.24,216.22,Individual,45.0,-6.298323113564848,144.8866854829028,0.1444701175624113
908043072016174531,Moderno apartamento en Palermo,47665482,Victoria,Palermo,-34.58106120000001,-58.4329466,Entire home/apt,39908.0,2,90,2025-01-09,4.5,1,287,47,46.95,234.75,Individual,47.0,-6.298323113564848,144.8866854829028,0.1429170146151393
47810036,Hermosa vista y muy luminoso 2amb en Palermo,17409090,Ana,Palermo,-34.58642578125,-58.42884063720703,Entire home/apt,37062.0,2,51,2025-01-13,3.7,1,37,45,43.6,218.01,Individual,45.0,-6.298323113564848,144.8866854829028,0.14274018003237768
903035651558279902,Hermoso apartamento en Palermo,264560635,Facundo,Palermo,-34.57738,-58.43509,Entire home/apt,31507.0,2,60,2025-01-26,3.01,1,341,41,37.07,185.34,Individual,41.0,-6.298323113564848,144.8866854829028,0.14156959592211635
1170501999877789134,Humboldt supremo,102373002,Maria Pierina,Palermo,-34.57933666814773,-58.429687432944775,Entire home/apt,28807.0,2,39,2025-01-15,4.94,1,76,39,33.89,169.45,Individual,39.0,-6.298323113564848,144.8866854829028,0.1405758463946166
1020222358522034282,Departamento con terraza,545573543,Rodrigo Miguel,Palermo,-34.5970352,-58.4163962,Entire home/apt,30320.0,3,47,2025-01-21,3.49,1,36,40,35.67,178.35,Individual,40.0,-6.298323113564848,144.8866854829028,0.14015969857307087
800658851022857152,Superiority 1    con cochera incluida,495351429,Daniela,Colegiales,-34.57106,-58.44455,Entire home/apt,34657.0,2,79,2025-01-26,3.23,1,341,43,40.77,203.86,Individual,43.0,-25.39338022656716,170.99145541453709,0.14006454679512295
745496093513209697,Departamento en Palermo,485035294,Sofía,Palermo,-34.58745,-58.41779,Entire home/apt,26255.0,3,105,2025-01-23,4.32,1,281,37,30.89,154.44,Individual,37.0,-6.298323113564848,144.8866854829028,0.13871712810210002
715138585117190765,Palermo departamento nuevo. Excelente ubicación,42196843,Juli,Palermo,-34.5755491,-58.4239208,Entire home/apt,30603.0,2,110,2025-01-27,3.84,1,113,40,36.0,180.02,Individual,40.0,-6.298323113564848,144.8866854829028,0.13857392250387338
16948366,"Studio pool Palermo, Las Cañitas Polo",113320185,Raúl Pedro,Palermo,-34.57237,-58.43178,Entire home/apt,45012.0,2,349,2024-12-30,3.58,1,57,50,52.96,264.78,Individual,50.0,-6.298323113564848,144.8866854829028,0.13844896519182862
1117555908784189155,Hermoso Estudio Nuevo! Palermo Soho,102949144,Susana,Palermo,-34.57814,-58.4244,Entire home/apt,26402.0,1,37,2025-01-17,3.6,1,112,37,31.06,155.31,Individual,37.0,-6.298323113564848,144.8866854829028,0.13790021315736192
42002667,Uriarte: clásico y moderno en Palermo,18332750,Fiore,Palermo,-34.5811331,-58.4231693,Entire home/apt,25247.0,3,76,2025-01-25,3.14,1,155,36,29.7,148.51,Individual,36.0,-6.298323113564848,144.8866854829028,0.1362981005272017
25239216,Stylish and sunny flat in trendy Palermo,53758300,Florencia,Palermo,-34.59371,-58.42888,Entire home/apt,22591.0,2,87,2025-01-07,1.33,1,211,34,26.58,132.89,Individual,34.0,-6.298323113564848,144.8866854829028,0.13501602807802968
14254505,Luminoso Studio en Palermo Hollywood,84445967,Daniela,Palermo,-34.58023,-58.43323,Entire home/apt,24155.0,3,197,2024-12-22,1.91,1,320,35,28.42,142.09,Individual,35.0,-6.298323113564848,144.8866854829028,0.13431155733481173
17991101,Brillante en Palermo - 2 dormitorios,2691885,Mariana,Palermo,-34.59008,-58.43227,Entire home/apt,57457.0,2,271,2025-01-23,2.86,1,142,58,67.6,337.98,Individual,58.0,-6.298323113564848,144.8866854829028,0.13319762980831473
37422079,"Palermo SOHO, moderno y acogedor. CERCA DE TODO.",282144275,Lorena,Palermo,-34.58321,-58.42434,Entire home/apt,21603.0,2,144,2025-01-16,2.17,1,123,33,25.42,127.08,Individual,33.0,-6.298323113564848,144.8866854829028,0.1324528390422952
1000852956198315071,Experiencia en el corazón de Palermo,492894454,Carolina,Palermo,-34.585099,-58.4203,Entire home/apt,33407.0,7,63,2025-01-05,4.1,1,133,41,39.3,196.51,Individual,41.0,-6.298323113564848,144.8866854829028,0.13085359399996355
937130098811371121,Departamento en Palermo Soho,105071730,Carla,Palermo,-34.586337465019454,-58.42107925832835,Entire home/apt,40654.0,2,61,2025-01-25,3.97,1,161,46,47.83,239.14,Individual,46.0,-6.298323113564848,144.8866854829028,0.1305508462425475
1061513124178112007,Cómodo departamento en Palermo,139612376,Luciano,Palermo,-34.5797851,-58.42469,Entire home/apt,33607.0,2,43,2025-01-20,3.35,1,166,41,39.54,197.69,Individual,41.0,-6.298323113564848,144.8866854829028,0.12970030231327445
1170392539396095447,Loft  Palermitano.,45821702,Ivanna,Palermo,-34.5763601,-58.43859699999999,Entire home/apt,19954.0,1,63,2025-01-28,7.88,2,76,63,23.48,117.38,Individual,31.5,-6.298323113564848,144.8866854829028,0.12956913189426772
7664558,"Beautiful, spacious & modern apartment in Palermo",18927106,Hector,Palermo,-34.58143,-58.42216,Entire home/apt,25205.0,3,342,2025-01-15,3.01,1,57,35,29.65,148.26,Individual,35.0,-6.298323113564848,144.8866854829028,0.12840093744053016
53947918,Departamento reciclado Palermo,212070604,Sebastian,Palermo,-34.5885928,-58.4361967,Entire home/apt,32410.0,2,41,2025-01-07,3.29,1,130,40,38.13,190.65,Individual,40.0,-6.298323113564848,144.8866854829028,0.12833845878450767
783253439999805790,Cálido y moderno depto en Palermo Hollywood,235078973,Carolina,Palermo,-34.58226,-58.43092,Entire home/apt,80415.0,2,141,2025-01-19,5.61,1,244,73,94.61,473.03,Individual,73.0,-6.298323113564848,144.8866854829028,0.1254657440564897
599198557658593756,Cozy studio in the center of Puerto Madero,145220814,Marina,Puerto Madero,-34.61151,-58.36295,Entire home/apt,53109.0,1,110,2025-01-24,3.23,1,138,54,62.48,312.41,Individual,54.0,49.42092904885493,223.15875845114505,0.12525145703875504
647150888990222019,Luminoso y acogedor apartamento en Palermo.,424423978,Pablo,Palermo,-34.57629,-58.42438,Entire home/apt,30152.0,3,89,2024-12-30,2.87,1,97,38,35.47,177.36,Individual,38.0,-6.298323113564848,144.8866854829028,0.12484591060251496
1196426691541526818,Luminoso y acogedor departamento en Palermo Soho,588381695,Patricia,Palermo,-34.5900662,-58.4180046,Entire home/apt,23105.0,2,33,2025-01-28,5.05,1,231,33,27.18,135.91,Individual,33.0,-6.298323113564848,144.8866854829028,0.12399536667324187
983466226420203171,Relajante amplio ambiente de 40 metros con balcón,537778346,Maximiliano Roy,Palermo,-34.56836,-58.43129,Entire home/apt,26255.0,1,50,2024-11-29,3.13,1,249,35,30.89,154.44,Individual,35.0,-6.298323113564848,144.8866854829028,0.12244226372596984
1123041321826740720,Superiority 5,23215758,Ignacio,Palermo,-34.58455,-58.42193,Entire home/apt,26255.0,2,35,2025-01-05,3.61,1,259,35,30.89,154.44,Individual,35.0,-6.298323113564848,144.8866854829028,0.12244226372596984
40968241,Nice room in the heart of Palermo Soho,319331552,Juan,Palermo,-34.58869,-58.42291,Private room,13653.0,4,54,2025-01-25,0.92,1,338,26,16.06,80.31,Individual,26.0,-6.298323113564848,144.8866854829028,0.12046918950671408
990630722948479479,Apartamento de lujo a estrenar,35343692,Franco,Palermo,-34.58910178664346,-58.4157520160079,Entire home/apt,36758.0,3,49,2025-01-17,3.11,1,337,42,43.24,216.22,Individual,42.0,-6.298323113564848,144.8866854829028,0.12005782099821599
926736287251385220,Estudio en el corazón de Palermo,449369435,Constanza,Palermo,-34.57842,-58.423766,Entire home/apt,31055.0,1,57,2025-01-06,3.31,1,315,38,36.54,182.68,Individual,38.0,-6.298323113564848,144.8866854829028,0.11970415183269276
1100839243276170715,Departamento en Palermo,161617535,Laura,Palermo,-34.59206,-58.41569,Entire home/apt,21004.0,2,31,2025-01-26,3.18,1,107,31,24.71,123.55,Individual,31.0,-6.298323113564848,144.8866854829028,0.11958979590595352
1066086734968151769,¡Hermoso departamento!,537465921,Juan Carlos,Palermo,-34.5819961,-58.4236001,Entire home/apt,23409.0,1,98,2025-01-28,11.14,3,341,98,27.54,137.7,Profissional,32.666666666666664,-6.298323113564848,144.8866854829028,0.11955295174718647
1086446,Spacious apartment in Palermo,4921782,Ari,Palermo,-34.58332,-58.4231,Entire home/apt,24008.0,2,305,2025-01-24,2.29,1,295,33,28.24,141.22,Individual,33.0,-6.298323113564848,144.8866854829028,0.11890166172369837
905653634039495539,Chic Studio in Palermo Hollywood,517501700,Maria Laura,Palermo,-34.57753,-58.44015,Entire home/apt,34206.0,3,68,2025-01-22,3.4,1,305,40,40.24,201.21,Individual,40.0,-6.298323113564848,144.8866854829028,0.11819910270569942
28386809,Light Filled Studio in Heart of Palermo Hollywood,29514058,Andre,Palermo,-34.57938,-58.44075,Entire home/apt,42912.0,2,215,2025-01-22,2.77,1,316,46,50.48,252.42,Individual,46.0,-6.298323113564848,144.8866854829028,0.11781658386868879
926276600469603807,Cozy Studio in Palermo Hollywood,444675029,Silvia,Palermo,-34.585511601565315,-58.44306863844395,Entire home/apt,24460.0,3,52,2025-01-16,2.84,1,307,33,28.78,143.88,Individual,33.0,-6.298323113564848,144.8866854829028,0.1163067554286479
1055269126677092664,Monoambiente nuevo en Palermo,552794233,Marcela,Palermo,-34.5946904,-58.42676059999999,Entire home/apt,38858.0,1,43,2025-01-29,3.53,1,327,43,45.72,228.58,Individual,43.0,-6.298323113564848,144.8866854829028,0.11627790575716046
1105102135235393254,Apartment in Palermo Soho,10133274,Maria Noel,Palermo,-34.58263,-58.42541,Entire home/apt,30456.0,2,37,2025-01-27,3.89,1,161,37,35.83,179.15,Individual,37.0,-6.298323113564848,144.8866854829028,0.11497854088441622
626074458929441288,Palermo Madison / Palermo Chico,458643715,Gabriela,Palermo,-34.573399,-58.422508,Entire home/apt,37661.0,2,64,2025-01-22,2.69,1,118,42,44.31,221.54,Individual,42.0,-6.298323113564848,144.8866854829028,0.11491606222839379
940572034988181116,Departamento zona Las Cañitas,493972365,Paula,Palermo,-34.56886208506767,-58.436572525158674,Entire home/apt,29102.0,2,47,2025-01-28,2.77,1,44,36,34.24,171.19,Individual,36.0,-6.298323113564848,144.8866854829028,0.11448166612066638
803613224432491248,Cozy design studio in Palermo,135776804,Marcelo,Palermo,-34.5954345,-58.42333050000001,Entire home/apt,26255.0,6,47,2025-01-22,1.94,1,144,34,30.89,154.44,Individual,34.0,-6.298323113564848,144.8866854829028,0.11430483153790472
22878294,Luxury Studio with pool and gym - Palermo Soho!,169287404,Clara,Palermo,-34.58219,-58.42415,Entire home/apt,42156.0,3,243,2025-01-23,2.86,1,123,45,49.6,247.98,Individual,45.0,-6.298323113564848,144.8866854829028,0.11390788786515038
974066929926844974,Studio en Palermo Hollywood. Estupenda Ubicación!,535705275,Roberto Ariel,Palermo,-34.578773036911144,-58.43594415603638,Entire home/apt,33607.0,3,56,2025-01-18,3.39,1,74,39,39.54,197.69,Individual,39.0,-6.298323113564848,144.8866854829028,0.11342543793714424
953506078486497076,Monoambiente luminoso en Palermo,124646843,Agus,Palermo,-34.58286,-58.42671,Entire home/apt,32410.0,2,63,2025-01-27,3.58,1,249,38,38.13,190.65,Individual,38.0,-6.298323113564848,144.8866854829028,0.11206359440837751
1000842889211830051,Departamento Palermo Hollywood,427509537,Florencia,Palermo,-34.5859255,-58.4408121,Entire home/apt,33912.0,2,56,2025-01-14,3.6,1,23,39,39.9,199.48,Individual,39.0,-6.298323113564848,144.8866854829028,0.1116955004071106
924114107904108099,Palermo Soho. Spacious & bright.,268787135,Martin,Palermo,-34.58358441650576,-58.42529913078139,Entire home/apt,25373.0,4,48,2025-01-16,2.63,1,342,33,29.85,149.25,Individual,33.0,-6.298323113564848,144.8866854829028,0.1111649966588257
929787591590400822,Moderno y equipado departamento en Palermo Soho,56544336,Pablo,Palermo,-34.5934742,-58.4298837,Entire home/apt,42912.0,2,65,2025-01-20,3.53,1,194,45,50.48,252.42,Individual,45.0,-6.298323113564848,144.8866854829028,0.10967915168062373
31593927,PALERMO HOLLYWOOD -  LOFT  de 92m2 sobre GORRITI,236832989,Martin,Palermo,-34.58316,-58.43981,Entire home/apt,38711.0,1,260,2025-01-07,3.55,1,327,42,45.54,227.71,Individual,42.0,-6.298323113564848,144.8866854829028,0.10900544233411222
627622479290855710,Hermoso y cómodo depto en pleno Palermo.,435220520,Ariel,Palermo,-34.58143,-58.41994,Entire home/apt,27306.0,2,103,2025-01-04,3.13,1,89,34,32.12,160.62,Individual,34.0,-6.298323113564848,144.8866854829028,0.10839421164362315
1124235438429982195,Departamento con vista panorámica en Palermo Soho,545286874,Gabriela,Palermo,-34.5840011,-58.42543740000001,Entire home/apt,31864.0,2,37,2025-01-11,3.85,1,256,37,37.49,187.44,Individual,37.0,-6.298323113564848,144.8866854829028,0.10700160671814998
1113018917498987973,Apartamento en Palermo Soho para 3 personas,567210011,Ezequiel,Palermo,-34.5831148,-58.4244406,Entire home/apt,30656.0,2,36,2025-01-07,3.55,1,241,36,36.07,180.33,Individual,36.0,-6.298323113564848,144.8866854829028,0.10568781700966204
979083723221070720,Studio Palermo Hollywood: Balcony + swimming pool,202766539,Monica,Palermo,-34.5837662,-58.43381729999999,Entire home/apt,33607.0,3,55,2025-01-14,3.44,1,163,38,39.54,197.69,Individual,38.0,-6.298323113564848,144.8866854829028,0.10528800574907912
24019303,Home Sweet Home BsAs,12743194,Christian,Colegiales,-34.56988,-58.44868,Entire home/apt,25132.0,3,170,2025-01-13,2.04,1,290,32,29.57,147.84,Individual,32.0,-25.39338022656716,170.99145541453709,0.10437307143856453
551642579860567094,Hermoso Studio con Pileta en terraza y vista 360!,328202218,Nicolas,Palermo,-34.5881959,-58.4387735,Entire home/apt,43962.0,1,133,2025-01-18,4.64,1,352,45,51.72,258.6,Individual,45.0,-6.298323113564848,144.8866854829028,0.1037204779660634
1102084283597202885,Cuarto espacioso en Palermo Soho,117311442,Clara,Palermo,-34.58432,-58.42367,Private room,21004.0,1,29,2025-01-15,3.09,1,208,29,24.71,123.55,Individual,29.0,-6.298323113564848,144.8866854829028,0.10331493152982334
888265513816533456,Ambiente a nuevo en Palermo!,507075087,Sebastián,Palermo,-34.5779301,-58.4232628,Entire home/apt,16803.0,5,53,2025-01-24,2.6,1,66,26,19.77,98.84,Individual,26.0,-6.298323113564848,144.8866854829028,0.10264122218331186
22354109,Vive la exclusividad en el corazón de Buenos Aires,9703550,Guido,Palermo,-34.56786,-58.43763,Entire home/apt,24155.0,2,104,2025-01-29,1.24,1,351,31,28.42,142.09,Individual,31.0,-6.298323113564848,144.8866854829028,0.10176182858255131
876855298613458011,"Cozy apt in Palermo, prime location",467676607,Eduardo,Palermo,-34.5903216,-58.4176981,Entire home/apt,26560.0,3,104,2025-01-29,4.92,2,57,65,31.25,156.24,Individual,32.5,-6.298323113564848,144.8866854829028,0.10036874572577342
1048607099839149778,"Confortable apartamento, Palermo",546699169,Carlos,Palermo,-34.57684203478195,-58.43358676800871,Entire home/apt,34510.0,2,42,2025-01-20,3.17,1,348,38,40.6,203.0,Individual,38.0,-6.298323113564848,144.8866854829028,0.10019430079953562
1271008643992632066,Departamento en Palermo,657931989,César,Palermo,-34.590073501277345,-58.41741255023428,Entire home/apt,23105.0,1,30,2025-01-26,9.28,1,152,30,27.18,135.91,Individual,30.0,-6.298323113564848,144.8866854829028,0.09958307010904655
835305922790736208,Estudio Luxury en Palermo Soho,301511055,Bea,Palermo,-34.58206703301707,-58.42807603875335,Entire home/apt,36159.0,3,75,2025-01-07,3.29,1,346,39,42.54,212.7,Individual,39.0,-6.298323113564848,144.8866854829028,0.09900929185353058
23631497,Spacious room in the heart of Palermo,20824499,Noelia,Palermo,-34.58058,-58.42387,Private room,20406.0,1,102,2025-01-23,1.22,1,23,28,24.01,120.04,Individual,28.0,-6.298323113564848,144.8866854829028,0.09854126676126809
50023359,Punto Palermo Bs.As luminoso monoambiente c/balcón,403447295,Veronica,Palermo,-34.58897,-58.42447,Entire home/apt,42009.0,3,127,2025-01-19,3.02,1,327,43,49.42,247.11,Individual,43.0,-6.298323113564848,144.8866854829028,0.09849799225403694
1033934752777295565,Espectacular Estudio BA,548357746,Martin,Colegiales,-34.57880831324464,-58.455623388290405,Entire home/apt,26255.0,3,40,2025-01-14,2.86,1,209,32,30.89,154.44,Individual,32.0,-25.39338022656716,170.99145541453709,0.09802996716177453
750006939971403160,Palermo Soho Lovely New Apartment,79552853,Marian,Palermo,-34.5880535,-58.42492660000001,Entire home/apt,32105.0,2,91,2025-01-14,3.35,1,239,36,37.77,188.85,Individual,36.0,-6.298323113564848,144.8866854829028,0.09751866756228098
22002003,"Lovely appt, vip Buenos Aires area, w pool !",50778624,Marisol,Palermo,-34.583321,-58.426567,Entire home/apt,43658.0,1,538,2025-01-29,6.4,2,319,88,51.36,256.81,Individual,44.0,-6.298323113564848,144.8866854829028,0.09731298330803198
1037763071694739810,New studio in Palermo Soho,549148241,Rolando,Palermo,-34.5842851,-58.4290956,Entire home/apt,23619.0,1,31,2025-01-28,2.35,1,227,30,27.79,138.94,Individual,30.0,-6.298323113564848,144.8866854829028,0.09665178707204511
876240764906425297,Departamento moderno en el Corazón de Palermo,502108107,Melisa,Palermo,-34.58068158018658,-58.422628211190826,Entire home/apt,25205.0,1,50,2025-01-17,2.33,1,236,31,29.65,148.26,Individual,31.0,-6.298323113564848,144.8866854829028,0.09585120868826974
699188370501658940,Hermoso y moderno depto. con Piscina en Palermo.,458299394,Alejandro,Palermo,-34.57624,-58.43904,Entire home/apt,42807.0,2,112,2025-01-16,3.91,1,143,43,50.36,251.81,Individual,43.0,-6.298323113564848,144.8866854829028,0.09398093314783801
582654162671948789,Amplio departamento con estacionamiento privado.,441380116,Federico,Palermo,-34.59253,-58.42547,Entire home/apt,63013.0,2,150,2025-01-11,4.41,1,255,57,74.13,370.66,Individual,57.0,-6.298323113564848,144.8866854829028,0.09368105297825069
956618933991770823,Espléndido estudio super-luminoso,59343066,Andrea,Palermo,-34.58136,-58.41237,Entire home/apt,26402.0,1,96,2025-01-06,5.43,2,254,63,31.06,155.31,Individual,31.5,-6.298323113564848,144.8866854829028,0.0931443361230039
808070601883429057,Acogedor estudio en Palermo Soho,443469630,Eugenia,Palermo,-34.5834125,-58.4232432,Entire home/apt,24302.0,3,75,2025-01-07,3.22,1,334,30,28.59,142.95,Individual,30.0,-6.298323113564848,144.8866854829028,0.09280748144974812
595445707703014127,Departamento en Palermo,273996923,Dario,Palermo,-34.58105,-58.43026,Entire home/apt,27306.0,3,105,2025-01-19,3.43,1,266,32,32.12,160.62,Individual,32.0,-6.298323113564848,144.8866854829028,0.09211934726749296
1155844391426899197,Nice property in Palermo Cañitas,577349035,Diego,Palermo,-34.5720682,-58.4338421,Entire home/apt,26108.0,3,31,2025-01-29,3.69,1,353,31,30.72,153.58,Individual,31.0,-6.298323113564848,144.8866854829028,0.09070944991844754
1155213573326998432,Depto. 3 amb. en Palermo frente a plaza Armenia,577204166,Verónica,Palermo,-34.5886440564491,-58.42352617611724,Entire home/apt,46357.0,2,45,2025-01-24,5.4,1,73,45,54.54,272.69,Individual,45.0,-6.298323113564848,144.8866854829028,0.09016930064746656
985465302844327905,"Habitación, espacio buena onda para relajar",109672537,Horace,Colegiales,-34.5722037,-58.4446816,Private room,15000.0,1,26,2025-01-27,1.75,1,45,23,17.65,88.24,Individual,23.0,-25.39338022656716,170.99145541453709,0.08841633551820353
719054135429831240,Hermoso Studio ubicado en Palermo Hollywood!,479943895,Florencia,Palermo,-34.59567,-58.42245,Entire home/apt,29406.0,4,87,2024-12-23,3.07,1,145,33,34.6,172.98,Individual,33.0,-6.298323113564848,144.8866854829028,0.08833943202643743
7902415,Comfortable loft in Palermo,793104,Pablo,Palermo,-34.58397,-58.44216,Entire home/apt,36758.0,2,107,2025-01-14,0.93,1,151,38,43.24,216.22,Individual,38.0,-6.298323113564848,144.8866854829028,0.0875080922459556
1173897330056041190,Palermo excelente departamento en el mejor lugar,526292841,Diego Julian,Palermo,-34.57830893627643,-58.42332422733307,Entire home/apt,34804.0,2,73,2025-01-27,9.44,2,173,73,40.95,204.73,Individual,36.5,-6.298323113564848,144.8866854829028,0.08630626880768302
28566894,Departamento  en  Palermo,28587533,Alberto Horacio,Palermo,-34.5779914855957,-58.42901611328125,Entire home/apt,28356.0,3,177,2025-01-24,2.32,1,70,32,33.36,166.8,Individual,32.0,-6.298323113564848,144.8866854829028,0.08616067355293264
889939679481276688,Monoambiente SÚPER luminoso!,293975398,Camila,Palermo,-34.58119286870734,-58.41007308849266,Entire home/apt,28356.0,3,45,2025-01-09,2.25,1,264,32,33.36,166.8,Individual,32.0,-6.298323113564848,144.8866854829028,0.08616067355293264
1040438119840826943,New Renovated Apartment in Palermo-Ideal Location,107227451,Ana,Palermo,-34.58777884894444,-58.42258393764496,Entire home/apt,27127.0,2,67,2025-01-05,4.98,2,23,62,31.91,159.57,Individual,31.0,-6.298323113564848,144.8866854829028,0.08499104530528076
757422012832829734,Nicaragua 5765,364240211,Roberto,Palermo,-34.57941,-58.43552,Entire home/apt,31507.0,2,96,2025-01-24,3.57,1,71,34,37.07,185.34,Individual,34.0,-6.298323113564848,144.8866854829028,0.0846075706056606
1015965287933376382,Monoambiente Palermo Hollywood,511619384,Mariela,Palermo,-34.5809701,-58.43504979999999,Entire home/apt,27306.0,2,38,2025-01-18,2.56,1,169,31,32.12,160.62,Individual,31.0,-6.298323113564848,144.8866854829028,0.08398191507942784
30589225,Charming Studio in Plaza Serrano/Palermo Soho,139111902,Felipe,Palermo,-34.59003829956055,-58.43108749389648,Entire home/apt,34510.0,3,197,2025-01-24,2.71,1,155,36,40.6,203.0,Individual,36.0,-6.298323113564848,144.8866854829028,0.08391943642340544
1058848781758954455,Private bedroom in Palermo,532097780,Pedro,Palermo,-34.57702,-58.4324,Private room,21004.0,1,58,2025-01-18,4.42,2,266,53,24.71,123.55,Individual,26.5,-6.298323113564848,144.8866854829028,0.0829713510596606
1006750085150283979,Urban Elegance: Hollywood Vistas,83154688,Ary Benjamin,Palermo,-34.5818492,-58.4416056,Entire home/apt,34804.0,2,39,2025-01-15,2.8,1,227,36,40.95,204.73,Individual,36.0,-6.298323113564848,144.8866854829028,0.08223755271365049
24427419,"Chez Olivia, Palermo Cañitas",184447986,Olivia,Palermo,-34.5725,-58.43145,Entire home/apt,62267.0,2,265,2025-01-22,3.23,1,293,55,73.26,366.28,Individual,55.0,-6.298323113564848,144.8866854829028,0.0815868709663683
1043628375188992791,Amanda's kingdom - Alto Palermo,550401835,Juan Alberto,Palermo,-34.588885551177,-58.41292635438733,Entire home/apt,36611.0,3,40,2025-01-19,3.05,1,44,37,43.07,215.36,Individual,37.0,-6.298323113564848,144.8866854829028,0.0801875750026286
1017967291994919781,"Palermo, luminoso, acogedor con patio y dormitorio",278353254,Axel Lionel,Palermo,-34.5918768,-58.4133381,Entire home/apt,35172.0,1,53,2025-01-24,3.53,1,325,36,41.38,206.89,Individual,36.0,-6.298323113564848,144.8866854829028,0.08017123844166588
771669148471685082,Clásico y cómodo en la mejor zona de la ciudad,489724901,Gabriela Silvina,Palermo,-34.5778246,-58.4115052,Entire home/apt,31170.0,3,92,2024-12-14,3.5,1,350,33,36.67,183.35,Individual,33.0,-6.298323113564848,144.8866854829028,0.07839229122874403
1195073271639726943,Palermo Thames,34041498,Lagmi,Palermo,-34.5888461,-58.4325199,Entire home/apt,48457.0,1,45,2025-01-22,6.89,1,58,45,57.01,285.04,Individual,45.0,-6.298323113564848,144.8866854829028,0.07830000703862469
963310570891823909,Departamento luminoso en Palermo ¡Gran ubicación!,78965011,Mariano,Palermo,-34.5908634,-58.41584830000001,Entire home/apt,25436.0,2,83,2025-01-23,4.87,2,263,58,29.92,149.62,Individual,29.0,-6.298323113564848,144.8866854829028,0.07827889116461431
719718236154784136,Estudio en el corazón del Soho,480223321,Maria Noelia,Palermo,-34.58394,-58.42168,Entire home/apt,31244.0,2,38,2025-01-15,2.89,1,168,33,36.76,183.79,Individual,33.0,-6.298323113564848,144.8866854829028,0.07795980684623563
693449,BEAUTIFUL STUDIO IN PALERMO FOR RENT WITH WIFI,3547344,Mariano,Palermo,-34.58262,-58.40397,Entire home/apt,25508.0,2,59,2025-01-13,0.4,1,239,29,30.01,150.05,Individual,29.0,-6.298323113564848,144.8866854829028,0.07784640678210589
53024850,Monoambiente en Palermo-Botánico,282358038,Juan Pablo,Palermo,-34.58413890358321,-58.41328250907953,Entire home/apt,19051.0,3,56,2024-12-29,3.58,2,52,49,22.41,112.06,Individual,24.5,-6.298323113564848,144.8866854829028,0.07774886534763419
1091916244456532768,Nordic style loft in Palermo Hollywood,537676286,Alejandra,Palermo,-34.576704513335955,-58.43635976314545,Entire home/apt,50557.0,2,46,2025-01-25,4.34,1,90,46,59.48,297.39,Individual,46.0,-6.298323113564848,144.8866854829028,0.07456814561784783
935492533249352200,"Regarde le ciel, nid d'amour",236178456,Carolina,Palermo,-34.59775632148012,-58.41726746410132,Entire home/apt,30456.0,4,45,2025-01-22,2.48,1,289,32,35.83,179.15,Individual,32.0,-6.298323113564848,144.8866854829028,0.07429137994409074
1126821302579698762,Dpto 2 ambientes en Belgrano,172035385,Nicolas,Colegiales,-34.56831,-58.45174,Entire home/apt,27757.0,4,30,2024-12-04,3.02,1,17,30,32.66,163.28,Individual,30.0,-25.39338022656716,170.99145541453709,0.07324957659631229
1109602892417888648,Un lugar soñado en Palermo Soho,359335670,Guillermo Adrian,Palermo,-34.588224617884826,-58.42972464859486,Entire home/apt,37955.0,2,37,2025-01-22,7.5,1,146,37,44.65,223.26,Individual,37.0,-6.298323113564848,144.8866854829028,0.07259507139859209
35006217,Perfecto para dos: hermoso estudio en Palermo,148543732,Federico,Palermo,-34.5831,-58.42737,Entire home/apt,45159.0,5,212,2025-01-12,3.08,1,63,42,53.13,265.64,Individual,42.0,-6.298323113564848,144.8866854829028,0.07253259274256965
644244994825265959,Habitación privada con pileta en Palermo,152380815,Paula,Palermo,-34.57837,-58.43738,Private room,37367.0,1,211,2025-01-09,7.48,2,344,73,43.96,219.81,Individual,36.5,-6.298323113564848,144.8866854829028,0.07184206890379069
1006014319921862145,Departamento en Palermo Soho,542608525,Barbara,Palermo,-34.58898997873535,-58.43528474112196,Entire home/apt,25205.0,2,46,2025-01-14,3.02,1,258,28,29.65,148.26,Individual,28.0,-6.298323113564848,144.8866854829028,0.07143891212407447
1115864306126031285,En Palermo para 6,567873811,Barbara Soledad,Palermo,-34.5841633,-58.4361299,Entire home/apt,48384.0,1,44,2025-01-26,4.34,1,205,44,56.92,284.61,Individual,44.0,-6.298323113564848,144.8866854829028,0.070595059233068
937914252875903851,"Divino, exclusivo y bien ubicado",110528791,Cecilia,Palermo,-34.5659605,-58.4351613,Entire home/apt,47260.0,2,63,2025-01-23,3.49,1,100,43,55.6,278.0,Individual,43.0,-6.298323113564848,144.8866854829028,0.06880073132179285
578938288150878060,Arcos Studios fully equiped in Palermo Hollywood,91548766,Nicolás Ernesto,Palermo,-34.5811418,-58.4307016,Entire home/apt,34353.0,2,60,2025-01-13,2.35,1,236,34,40.42,202.08,Individual,34.0,-6.298323113564848,144.8866854829028,0.06850954081229202
816045137407812295,"Hermoso dto en Palermo!
2/3 per",27238115,Natalia,Palermo,-34.57911,-58.42509,Entire home/apt,31507.0,1,93,2024-12-02,3.99,1,233,32,37.07,185.34,Individual,32.0,-6.298323113564848,144.8866854829028,0.06833270622953042
821845432502560958,Un ambiente excelente ubicación,400933078,Jazmín,Palermo,-34.59505,-58.41723,Entire home/apt,10649.0,3,31,2025-01-13,1.33,1,324,17,12.53,62.64,Individual,17.0,-6.298323113564848,144.8866854829028,0.06419529837251356
11649246,Sunny & Comfortable Studio in the heart of Palermo,7656050,Elena,Palermo,-34.58313,-58.42394,Entire home/apt,25205.0,2,185,2025-01-19,2.12,1,11,27,29.65,148.26,Individual,27.0,-6.298323113564848,144.8866854829028,0.06330147993600935
838584740177993852,2 Ambientes tipo loft Botánico,503598867,Juan Ignacio,Palermo,-34.5825272,-58.414056,Entire home/apt,36758.0,2,79,2024-12-29,3.44,1,75,35,43.24,216.22,Individual,35.0,-6.298323113564848,144.8866854829028,0.0630957956817603
1134139564503458079,Cómodo departamento en Palermo,64822886,Maria Elina,Palermo,-34.58498,-58.42115,Entire home/apt,28209.0,2,29,2025-01-27,3.66,1,144,29,33.19,165.94,Individual,29.0,-6.298323113564848,144.8866854829028,0.06256529193347543
1031170621322530219,Departamento en Palermo/Cañitas,532601073,Edgardo,Palermo,-34.57634675343205,-58.43238753669943,Entire home/apt,28503.0,2,31,2025-01-09,2.16,1,254,29,33.53,167.66,Individual,29.0,-6.298323113564848,144.8866854829028,0.06093146204399921
940583718357349032,Balcón vista abierta a verde en zona de privilegio,527104566,Barbara,Palermo,-34.58379516054521,-58.40101602327881,Entire home/apt,35823.0,1,40,2025-01-10,2.45,1,90,34,42.14,210.72,Individual,34.0,-6.298323113564848,144.8866854829028,0.06024428372435353
39601805,Palermo Hollywood,67084053,Dominique,Palermo,-34.5776252746582,-58.436973571777344,Entire home/apt,31507.0,3,97,2025-01-27,1.51,1,326,31,37.07,185.34,Individual,31.0,-6.298323113564848,144.8866854829028,0.060195274041465296
597978468401022993,Design loft in Palermo BA,452770691,Santiago,Palermo,-34.59648,-58.41668,Entire home/apt,31507.0,3,93,2025-01-02,2.79,1,191,31,37.07,185.34,Individual,31.0,-6.298323113564848,144.8866854829028,0.060195274041465296
18690562,"Cozy Room, Patio & Terrace in Palermo Soho Wifi100",110780550,Vane,Palermo,-34.59012,-58.43393,Private room,27306.0,2,329,2024-12-19,3.53,1,85,28,32.12,160.62,Individual,28.0,-6.298323113564848,144.8866854829028,0.05956961851523257
858741057707541624,Luminoso departamento en Palermo Soho,185257944,Martina,Palermo,-34.58501556273876,-58.424862773541264,Entire home/apt,38858.0,1,50,2024-12-30,2.55,1,207,36,45.72,228.58,Individual,36.0,-6.298323113564848,144.8866854829028,0.05931588044070482
1205872787352180792,Spacious and Luminous Studio,591248603,Ana Maria Fernanda,Palermo,-34.5874461,-58.4174918,Entire home/apt,27453.0,2,28,2025-01-26,4.86,1,138,28,32.3,161.49,Individual,28.0,-6.298323113564848,144.8866854829028,0.05870464975021575
29754677,Loft en Palermo Hollywood c/pileta cochera y Sum,223845986,Marcela,Palermo,-34.58731,-58.44013,Entire home/apt,42009.0,1,273,2025-01-24,3.6,1,80,38,49.42,247.11,Individual,38.0,-6.298323113564848,144.8866854829028,0.05781083131371148
734702482588473232,Departamento con servicios incluidos en Palermo,481381186,Susana,Palermo,-34.5806154,-58.42575309999999,Entire home/apt,26255.0,2,96,2024-11-20,3.43,1,133,27,30.89,154.44,Individual,27.0,-6.298323113564848,144.8866854829028,0.05734280622144902
815812339715185711,Glück Studio in Palermo Soho,498689176,Francisco,Palermo,-34.58635,-58.42183,Entire home/apt,42313.0,3,70,2025-01-22,3.07,1,365,38,49.78,248.9,Individual,38.0,-6.298323113564848,144.8866854829028,0.056080893783677865
685759833289074724,"Palermo: ubicación ideal, encanto y tranquilidad",163570377,Martin,Palermo,-34.5814551,-58.40809609999999,Entire home/apt,32410.0,2,36,2025-01-08,2.76,1,136,31,38.13,190.65,Individual,31.0,-6.298323113564848,144.8866854829028,0.05510156909192179
20119243,"Departamento completo en Palermo, check-in amplio.",143007669,Gerardo Hector,Palermo,-34.57845,-58.42373,Entire home/apt,36758.0,3,131,2025-01-14,1.57,1,321,34,43.24,216.22,Individual,34.0,-6.298323113564848,144.8866854829028,0.05495836349369518
631809513299070254,Monoambiente amoblado en Palermo,243099861,Leandro,Palermo,-34.59675,-58.41604,Entire home/apt,21004.0,3,78,2025-01-13,2.4,1,208,23,24.71,123.55,Individual,23.0,-6.298323113564848,144.8866854829028,0.054490338401432734
689705728769927521,Confortable y moderno monoambiente en Palermo,145178174,Nataly,Palermo,-34.596591,-58.41970699999999,Entire home/apt,24901.0,3,163,2025-01-26,5.61,3,209,77,29.3,146.48,Profissional,25.666666666666668,-6.298323113564848,144.8866854829028,0.054133454061677494
774476925313227625,Alegría de Estar,490176385,Natalia,Palermo,-34.5897437,-58.42353589999999,Entire home/apt,35707.0,1,76,2024-12-26,3.23,1,363,33,42.01,210.04,Individual,33.0,-6.298323113564848,144.8866854829028,0.05273155119991174
656251591898199546,Palermo Place Premium II,252880838,Franco,Palermo,-34.58021,-58.43521,Entire home/apt,30005.0,2,99,2025-01-08,3.2,1,357,29,35.3,176.5,Individual,29.0,-6.298323113564848,144.8866854829028,0.05242593585466718
18228901,Apartment in Palermo .,125900803,Silvia,Palermo,-34.5778,-58.41381,Entire home/apt,30152.0,3,183,2025-01-08,1.97,1,175,29,35.47,177.36,Individual,29.0,-6.298323113564848,144.8866854829028,0.051609020909929054
1026610517282580485,Monoambiente en Palermo,518426080,Agustin,Palermo,-34.59206655215762,-58.4307124753792,Entire home/apt,23703.0,1,58,2025-01-26,4.04,2,268,49,27.89,139.43,Individual,24.5,-6.298323113564848,144.8866854829028,0.051415371834899914
959534026468628090,"Palermo Soho Apartment, Buenos Aires",133523972,Emilia,Palermo,-34.58715,-58.42277,Entire home/apt,43206.0,3,50,2025-01-20,2.91,1,296,38,50.83,254.15,Individual,38.0,-6.298323113564848,144.8866854829028,0.05103524265441309
792710694284938828,One-bedroom apartment in Palermo,156849276,Liliana,Palermo,-34.58477374373408,-58.44039428701379,Entire home/apt,30309.0,3,78,2025-01-16,3.12,1,86,29,35.66,178.29,Individual,29.0,-6.298323113564848,144.8866854829028,0.050695998324633534
31411439,Departamento en Palermo a metros del Movistar,23748308,Lucas,Palermo,-34.5875272,-58.4396415,Entire home/apt,26297.0,1,26,2025-01-29,2.52,1,156,26,30.94,154.69,Individual,26.0,-6.298323113564848,144.8866854829028,0.048965104931990355
19719191,Big Trendy Apartment in Palermo,396713,Bruno,Palermo,-34.58192,-58.4303,Entire home/apt,43637.0,2,219,2025-01-27,2.39,1,0,38,51.34,256.69,Individual,38.0,-6.298323113564848,144.8866854829028,0.048584497820198747
40139085,"Departamento en Palermo, inmejorable ubicación!!",130653528,Cristina,Palermo,-34.58669,-58.41554,Entire home/apt,43637.0,2,68,2024-12-30,1.07,1,0,38,51.34,256.69,Individual,38.0,-6.298323113564848,144.8866854829028,0.048584497820198747
912317414311873772,Confortable departamento tranquilo y luminoso,30744529,Victoria,Mataderos,-34.6456879,-58.4945157,Entire home/apt,23556.0,2,51,2024-12-31,2.62,1,229,24,27.71,138.56,Individual,24.0,-4.8729494172172,136.2138585081263,0.048211624505884204
28381342,Confortable monoambiente en la zona de Palermo,180465155,Victor Adrian,Palermo,-34.59006,-58.41699,Entire home/apt,23556.0,2,86,2025-01-11,2.51,1,28,24,27.71,138.56,Individual,24.0,-6.298323113564848,144.8866854829028,0.048211624505884204
1740526,Modern Studio: Palermo Soho with pool & ChromeCast,6704860,Maria Cruz,Palermo,-34.59126,-58.42469,Entire home/apt,35109.0,3,91,2025-01-26,1.05,1,345,32,41.3,206.52,Individual,32.0,-6.298323113564848,144.8866854829028,0.04800594025163518
818636014330069022,Departamento cerca de Plaza Armenia y Pza. Serrano,385228054,Antonella,Palermo,-34.58676,-58.42384,Entire home/apt,33754.0,3,53,2024-12-20,2.23,1,71,31,39.71,198.55,Individual,31.0,-6.298323113564848,144.8866854829028,0.04750906548788528
817768020027646212,Divine studio super bright with balcony,59343066,Andrea,Palermo,-34.5810084074035,-58.41033371444322,Entire home/apt,34510.0,1,138,2025-01-09,5.86,2,344,63,40.6,203.0,Individual,31.5,-6.298323113564848,144.8866854829028,0.04730099157711248
1036906447253708390,Estudio en Palermo con balcon,534511553,Mariano,Palermo,-34.5924605,-58.4140196,Entire home/apt,24575.0,1,53,2025-01-25,3.83,2,232,49,28.91,144.56,Individual,24.5,-6.298323113564848,144.8866854829028,0.04651388216647129
43687905,Lovely and bright Studio apartment in Palermo,348921684,Ignacio,Palermo,-34.57494,-58.43834,Entire home/apt,32557.0,2,33,2025-01-23,2.3,1,300,30,38.3,191.51,Individual,30.0,-6.298323113564848,144.8866854829028,0.046147221959118634
51540925,Hermoso monoambiente con balcón en Palermo,145178174,Nataly,Palermo,-34.5975,-58.4228,Entire home/apt,26854.0,3,171,2025-01-25,5.26,3,208,78,31.59,157.96,Profissional,26.0,-6.298323113564848,144.8866854829028,0.04584160661387407
968901349983879584,"Excelente,  metros Embajada USA y La Rural.Piscina",534545136,Silvina,Palermo,-34.581198857761365,-58.423228673636906,Private room,39908.0,1,55,2025-01-23,3.27,1,263,35,46.95,234.75,Individual,35.0,-6.298323113564848,144.8866854829028,0.045267828358358075
998650465807160072,3 ambientes en Palermo SOHO,336252049,Gabriel,Palermo,-34.586586,-58.4232201,Entire home/apt,48762.0,1,56,2025-01-14,3.55,1,27,41,57.37,286.84,Individual,41.0,-6.298323113564848,144.8866854829028,0.044020340756330684
1065306519453837459,Premium apartment Palermo Soho,495669174,Sol,Palermo,-34.5828896,-58.427457,Entire home/apt,48762.0,2,43,2025-01-11,3.37,1,89,41,57.37,286.84,Individual,41.0,-6.298323113564848,144.8866854829028,0.044020340756330684
1102950954909042403,Atractivo departamento c/balcón,60541696,Marta,Mataderos,-34.64647,-58.49353,Entire home/apt,24302.0,2,24,2025-01-16,2.22,1,234,24,28.59,142.95,Individual,24.0,-4.8729494172172,136.2138585081263,0.04398288832135755
37215996,SOLER ART STUDIOS II B - PALERMO HOLLYWOOD,280190512,Raul,Palermo,-34.57941,-58.4342,Entire home/apt,31507.0,2,259,2025-01-12,3.89,1,30,29,37.07,185.34,Individual,29.0,-6.298323113564848,144.8866854829028,0.043920409665335114
689696516313124941,Amplio estudio en Palermo Soho,211461765,Marcelo,Palermo,-34.5828896,-58.427457,Entire home/apt,50410.0,3,67,2025-01-05,3.4,1,124,42,59.31,296.53,Individual,42.0,-6.298323113564848,144.8866854829028,0.04283533181032553
1128427209286417816,Mono ambiente Palermo,269811363,Euge,Palermo,-34.584814624573426,-58.42224095016718,Entire home/apt,25993.0,2,25,2025-01-05,2.58,1,325,25,30.58,152.9,Individual,25.0,-6.298323113564848,144.8866854829028,0.042557610273958935
1192709642159455048,Departamento en Las Cañitas,391306006,Charo,Palermo,-34.56683,-58.43924,Entire home/apt,23252.0,1,23,2025-01-27,3.85,1,346,23,27.36,136.78,Individual,23.0,-6.298323113564848,144.8866854829028,0.04175607602757403
31381540,"Studio apartment in Palermo, best location!",38597391,Frann,Palermo,-34.57635,-58.43742,Entire home/apt,27610.0,3,118,2025-01-14,1.6,1,96,26,32.48,162.41,Individual,26.0,-6.298323113564848,144.8866854829028,0.04156481660906872
36474186,"Buenos Aires, apartment in HEART of Palermo Soho",225620911,Alberto,Palermo,-34.58438,-58.42583,Entire home/apt,39163.0,4,169,2025-01-16,2.5,1,231,34,46.07,230.37,Individual,34.0,-6.298323113564848,144.8866854829028,0.04135913235481964
1112341600235621664,En el corazón de Palermo.,567063887,Melisa,Palermo,-34.58304900589663,-58.40802027849181,Entire home/apt,43637.0,1,37,2024-10-31,4.61,1,0,37,51.34,256.69,Individual,37.0,-6.298323113564848,144.8866854829028,0.04044706563213363
1231079321284066143,Private room in Palermo soho,341539530,Francisco,Palermo,-34.59115697176096,-58.42552196234465,Private room,17854.0,21,19,2024-11-14,3.77,1,116,19,21.0,105.02,Individual,19.0,-6.298323113564848,144.8866854829028,0.03976857697257456
785435637019302706,Studio en Palermo Chico,78921561,Christian,Palermo,-34.57905894861708,-58.41271369629516,Entire home/apt,29406.0,3,33,2024-12-21,1.37,1,4,27,34.6,172.98,Individual,27.0,-6.298323113564848,144.8866854829028,0.0395148388980468
696593340746134757,2. Departamento c/ estacionamiento Palermo,267013037,Blas,Palermo,-34.57972,-58.42735,Entire home/apt,26255.0,1,209,2025-01-09,7.01,3,340,74,30.89,154.44,Profissional,24.666666666666668,-6.298323113564848,144.8866854829028,0.03835546444929713
1002964275591100363,Don Miguel Haus - Apartamento único Bs. As.,91423571,Miguel,Colegiales,-34.57001,-58.44946,Entire home/apt,28356.0,3,30,2025-01-11,2.18,1,13,26,33.36,166.8,Individual,26.0,-25.39338022656716,170.99145541453709,0.037336080424542034
990501777536038423,Apartamento en Palermo,538320555,Facundo,Palermo,-34.57918898307674,-58.42375639826059,Entire home/apt,27001.0,4,35,2025-01-13,2.23,1,30,25,31.77,158.83,Individual,25.0,-6.298323113564848,144.8866854829028,0.03683920566079216
776709176309713113,Luxury Boutique Loft in Palermo Hollywood,264300757,Milagros,Palermo,-34.57892,-58.43391,Entire home/apt,30309.0,3,73,2025-01-24,2.83,1,116,27,35.66,178.29,Individual,27.0,-6.298323113564848,144.8866854829028,0.034421133948503324
1007449874972458402,Departamento en Palermo,530062864,Ximena,Palermo,-34.582899684785026,-58.42669915396726,Entire home/apt,34657.0,3,41,2024-11-22,2.74,1,56,30,40.77,203.86,Individual,30.0,-6.298323113564848,144.8866854829028,0.03427792835027668
42814105,Amaizing and bright apt. at Palermo Hollywood,38579367,María Eugenia,Palermo,-34.5811,-58.433,Entire home/apt,36127.0,2,134,2025-01-26,2.82,1,355,31,42.5,212.51,Individual,31.0,-6.298323113564848,144.8866854829028,0.03410204963012459
1206558381834471057,Estudio de Lujo en Palermo Hollywood,233324721,Julieta Esther,Palermo,-34.57886418183381,-58.43536328929462,Entire home/apt,36243.0,2,31,2025-01-12,6.08,1,16,31,42.64,213.19,Individual,31.0,-6.298323113564848,144.8866854829028,0.033429296146222615
1087804855715994571,Moderno departamento en Palermo,70043892,Jessica,Palermo,-34.58172526519769,-58.40909712016582,Entire home/apt,42009.0,2,35,2025-01-06,3.74,1,153,35,49.42,247.11,Individual,35.0,-6.298323113564848,144.8866854829028,0.03339853474951618
631731341070745825,Polo’s Home,218829133,Polo,Palermo,-34.59298,-58.43063,Entire home/apt,37808.0,2,113,2024-12-30,3.52,1,170,32,44.48,222.4,Individual,32.0,-6.298323113564848,144.8866854829028,0.032724825403004726
1051532488159510205,Palermo: donde todo comienza,552024779,Daniel,Palermo,-34.5879556,-58.4226445,Entire home/apt,43637.0,5,36,2025-01-19,3.54,1,0,36,51.34,256.69,Individual,36.0,-6.298323113564848,144.8866854829028,0.032309633444068564
36466880,Great Location! Modern Studio in Palermo Soho,274180173,Sebastian,Palermo,-34.58231,-58.4213,Entire home/apt,43637.0,7,105,2025-01-10,3.06,1,0,36,51.34,256.69,Individual,36.0,-6.298323113564848,144.8866854829028,0.032309633444068564
1000029719778960749,Departamento Palermo Luminoso,1998257,Pablo,Palermo,-34.58958434411121,-58.41986079645343,Entire home/apt,33607.0,4,40,2025-01-13,2.57,1,100,29,39.54,197.69,Individual,29.0,-6.298323113564848,144.8866854829028,0.03205111605649322
8213433,Beautiful Room in Palermo,43312760,Martin,Palermo,-34.5845,-58.42291,Private room,25058.0,1,216,2025-01-26,1.96,2,83,46,29.48,147.4,Individual,23.0,-6.298323113564848,144.8866854829028,0.03156866612848705
573839057874348926,Apartment Palermo soho excellent location!,422443722,Monica,Palermo,-34.58773422241211,-58.428619384765625,Entire home/apt,28209.0,1,88,2025-01-27,2.58,1,247,25,33.19,165.94,Individual,25.0,-6.298323113564848,144.8866854829028,0.030015563181215038
743192185024831563,Luminoso Studio,16667857,Alejandra,Colegiales,-34.56817,-58.45383,Entire home/apt,16746.0,5,41,2025-01-19,1.51,1,317,17,19.7,98.51,Individual,17.0,-25.39338022656716,170.99145541453709,0.029740709232676937
623969569039109519,Moderno departamento con excelente ubicación,102829815,Ignacio Jorge,Palermo,-34.581852,-58.407673,Entire home/apt,76120.0,1,107,2024-12-29,3.27,1,231,58,89.55,447.76,Individual,58.0,-6.298323113564848,144.8866854829028,0.027719494296541525
838616771517722135,Cozy apartment in the best area of ​​Palermo.,105865354,Martin,Palermo,-34.5939086,-58.4292347,Entire home/apt,30152.0,2,62,2025-01-12,2.76,1,322,26,35.47,177.36,Individual,26.0,-6.298323113564848,144.8866854829028,0.027196724345733753
1014036667408245297,Excelente departamento en Palermo con piscina,11394707,Diego,Palermo,-34.5795309,-58.42908389999999,Entire home/apt,30152.0,2,71,2025-01-10,4.87,2,164,52,35.47,177.36,Individual,26.0,-6.298323113564848,144.8866854829028,0.027196724345733753
53225666,Lovely One Bedroom Apartment  - Palermo holly 1DA,250876700,Pablo,Palermo,-34.58352,-58.44227,Entire home/apt,22233.0,2,139,2025-01-13,3.55,2,149,41,26.16,130.78,Individual,20.5,-6.298323113564848,144.8866854829028,0.027178953990856736
933339608190056701,Palermo Studio con Cochera,525089302,Daniel Angel,Palermo,-34.5780125,-58.4384327,Entire home/apt,44708.0,2,46,2025-01-18,2.61,1,266,36,52.6,262.99,Individual,36.0,-6.298323113564848,144.8866854829028,0.026254852088950842
42814322,"Departamento en Palermo, excelente zona!",15905577,Eduardo Rafael,Palermo,-34.57719,-58.42111,Entire home/apt,30456.0,4,109,2024-12-31,2.75,1,170,26,35.83,179.15,Individual,26.0,-6.298323113564848,144.8866854829028,0.025466786815700138
924798475117565488,Ultimo piso con balcon y en esquina -Palermo,509632689,Alfonsina,Palermo,-34.58733,-58.44014,Entire home/apt,23451.0,1,67,2025-01-25,3.52,2,224,42,27.59,137.95,Individual,21.0,-6.298323113564848,144.8866854829028,0.02437597378503345
1120383847163556249,Boutique Palermo,485378837,Gerardo,Palermo,-34.58600077522071,-58.41790117009696,Entire home/apt,29427.0,3,25,2025-01-09,2.43,1,18,25,34.62,173.1,Individual,25.0,-6.298323113564848,144.8866854829028,0.02314386688135922
33070878,Departamento en Palermo hollywood,93844523,Sofia,Colegiales,-34.579138641894055,-58.4424744809499,Entire home/apt,40958.0,3,98,2025-01-11,1.39,1,316,33,48.19,240.93,Individual,33.0,-25.39338022656716,170.99145541453709,0.023034290267667623
711413903629808826,Apartamento nuevo en torre con piscina en Palermo,478672095,Daniel,Palermo,-34.5779,-58.4226,Entire home/apt,30887.0,1,63,2025-01-28,2.17,1,307,26,36.34,181.69,Individual,26.0,-6.298323113564848,144.8866854829028,0.023016041981485796
1148611480983073483,Depto Exclusivo  Palermo. Calidad y ubicación,498685476,Imanol,Palermo,-34.5761047,-58.4200009,Entire home/apt,45306.0,2,72,2025-01-21,8.18,2,183,72,53.3,266.51,Individual,36.0,-6.298323113564848,144.8866854829028,0.02289108466944101
695527140182999540,Confortable departamento cerca del Botánico.,44204894,Maria Victoria,Palermo,-34.58358,-58.41485,Entire home/apt,52511.0,3,116,2025-01-05,3.94,1,45,41,61.78,308.89,Individual,41.0,-6.298323113564848,144.8866854829028,0.0228286060134186
28576866,"Luminoso cómodo con balcón verde Cañitas, Palermo",84560033,Patricia Elena,Palermo,-34.57121598132664,-58.433341222572345,Entire home/apt,25205.0,3,45,2025-01-24,2.28,1,176,22,29.65,148.26,Individual,22.0,-6.298323113564848,144.8866854829028,0.022614318995683863
611372765201421336,Apartment all inclusive-Grill Pool in Palermo Area,424921144,Leandro Javier,Palermo,-34.57928,-58.43169,Entire home/apt,32494.0,2,164,2025-01-25,4.89,2,319,54,38.23,191.14,Individual,27.0,-6.298323113564848,144.8866854829028,0.022071302136874305
33713041,Fitz Roy Apartment I - Nice Palermo Hollywood!,43100198,Valerio,Palermo,-34.5817,-58.43213,Entire home/apt,30152.0,2,148,2025-01-27,2.45,3,360,76,35.47,177.36,Profissional,25.333333333333332,-6.298323113564848,144.8866854829028,0.02177176955369034
682009065174450243,Un oásis en medio de la ciudad LA MEJOR UBICACIÓN,472273838,Juan Jose,Palermo,-34.57258,-58.42389,Entire home/apt,24018.0,1,55,2025-01-28,1.86,1,358,21,28.26,141.28,Individual,21.0,-6.298323113564848,144.8866854829028,0.02115636782635974
905106029739146754,Studio Palermo,8619091,Ana,Palermo,-34.5795504,-58.4110835,Entire home/apt,28356.0,2,54,2025-01-28,2.74,1,291,24,33.36,166.8,Individual,24.0,-6.298323113564848,144.8866854829028,0.02106121604841185
873358829611999422,Estudio en último piso,509632689,Alfonsina,Palermo,-34.58852,-58.43872,Entire home/apt,26213.0,1,80,2025-01-08,3.89,2,333,45,30.84,154.19,Individual,22.5,-6.298323113564848,144.8866854829028,0.020964630476549645
672562523044282229,Departamento studio para 3p Palermo Holywood VISTA,465916786,Oscar,Palermo,-34.5811418,-58.4307016,Entire home/apt,44256.0,2,87,2025-01-08,2.83,1,0,35,52.07,260.33,Individual,35.0,-6.298323113564848,144.8866854829028,0.02066427237565749
854000851737007939,Arcos Palermo departamento 2 ambientes,4080695,Emiliano,Palermo,-34.5811897,-58.4263096,Entire home/apt,28440.0,3,58,2024-12-22,2.68,1,355,24,33.46,167.29,Individual,24.0,-6.298323113564848,144.8866854829028,0.02058067784562473
863761762949704016,Sunny and comfy modern home with sunset views& GYM,4728839,Natalia,Palermo,-34.58404214728601,-58.44163730695824,Entire home/apt,38585.0,1,68,2025-01-01,3.14,1,361,31,45.39,226.97,Individual,31.0,-6.298323113564848,144.8866854829028,0.020214495569576774
39362209,Habitación privada en Palermo,69336665,Claudia,Palermo,-34.59161,-58.42028,Private room,19954.0,2,92,2025-01-19,1.44,1,26,18,23.48,117.38,Individual,18.0,-6.298323113564848,144.8866854829028,0.01971379735538885
892915828453587935,Palermo Hollywood Studio with Pool and BBQ,103624973,Fede,Palermo,-34.5785774,-58.43533309999999,Entire home/apt,40213.0,1,57,2025-01-26,3.05,1,74,32,47.31,236.55,Individual,32.0,-6.298323113564848,144.8866854829028,0.01912559426412916
698326781680656756,Lovely studio apartment in Palermo Hollywood,40101112,Paula,Palermo,-34.57497,-58.43841,Entire home/apt,27306.0,2,49,2025-01-05,1.68,1,355,23,32.12,160.62,Individual,23.0,-6.298323113564848,144.8866854829028,0.018882457574907058
1234971092010833846,Amazing studio Palermo District,121201243,Elizabeth,Palermo,-34.5800259,-58.4252447,Entire home/apt,27390.0,2,23,2025-01-21,5.27,1,329,23,32.22,161.12,Individual,23.0,-6.298323113564848,144.8866854829028,0.018401919372119907
1191181543420368072,Moderno Studio en Palermo,90877715,Santiago,Palermo,-34.59072095078959,-58.41676189510999,Entire home/apt,23189.0,2,20,2024-12-21,3.08,1,106,20,27.28,136.41,Individual,20.0,-6.298323113564848,144.8866854829028,0.0177282100256084
6276067,"Amplia habitación,individual.",32589348,Aracelinora,Colegiales,-34.56852,-58.45188,Private room,16803.0,1,178,2025-01-05,1.61,2,316,31,19.77,98.84,Individual,15.5,-25.39338022656716,170.99145541453709,0.0171981842086283
1094278055540459100,Divino Dpto. nuevo Palermo Hollywood,41922708,Celina,Palermo,-34.58017,-58.43419,Entire home/apt,42009.0,2,33,2025-01-04,2.9,1,56,33,49.42,247.11,Individual,33.0,-6.298323113564848,144.8866854829028,0.017123670373385996
959511371629226562,Modern & Spacious Apt Alto Palermo,52705046,Cami,Palermo,-34.5881168,-58.4112022,Entire home/apt,39310.0,2,44,2024-11-26,2.52,1,317,31,46.25,231.24,Individual,31.0,-6.298323113564848,144.8866854829028,0.016081867025607544
1191188365133704046,Cozy Loft in Palermo Hollywood,29210299,Daniela,Palermo,-34.581271516952704,-58.43284336635871,Entire home/apt,46514.0,1,36,2025-01-25,5.37,1,201,36,54.72,273.61,Individual,36.0,-6.298323113564848,144.8866854829028,0.01606744218986389
1121235292217154227,Experiencia Palermo Soho + Patio privado,108633314,Tomas,Palermo,-34.588278,-58.4337362,Entire home/apt,33607.0,2,27,2025-01-10,2.65,1,203,27,39.54,197.69,Individual,27.0,-6.298323113564848,144.8866854829028,0.015776251680363007
634141460580267648,Departamento en Palermo,447433676,Marta Inés,Palermo,-34.5976,-58.42173,Entire home/apt,36758.0,1,256,2025-01-27,7.92,2,341,58,43.24,216.22,Individual,29.0,-6.298323113564848,144.8866854829028,0.014271202553369694
1019840355502653996,New Estudio! Palermo c/Jacuzzi,481169920,Leonardo,Palermo,-34.5747269,-58.44137620000001,Entire home/apt,55598.0,3,50,2025-01-13,3.42,1,262,42,65.41,327.05,Individual,42.0,-6.298323113564848,144.8866854829028,0.013522501440311196
45503690,Cerca de todo en Palermo,23768528,Antonella,Palermo,-34.57848,-58.43028,Entire home/apt,26854.0,3,109,2024-12-25,2.12,1,267,22,31.59,157.96,Individual,22.0,-6.298323113564848,144.8866854829028,0.013291877861613677
42607476,Niceto Live Second - Palermo Hollywood,339408106,Guillermina,Palermo,-34.58497,-58.44121,Entire home/apt,28303.0,2,148,2025-01-20,4.34,2,71,46,33.3,166.49,Individual,23.0,-6.298323113564848,144.8866854829028,0.013212106782019006
887689068965770934,Dumont Urban Studio,513959301,Lola,Palermo,-34.5742216,-58.4389837,Entire home/apt,48457.0,1,54,2025-01-16,2.69,1,341,37,57.01,285.04,Individual,37.0,-6.298323113564848,144.8866854829028,0.013200549534103878
20362823,Departamento 2 ambientes muy luminoso-Palermo Soho,145244476,Silvia Y Fernando,Palermo,-34.58303,-58.4235,Entire home/apt,28356.0,4,84,2025-01-27,0.93,1,294,23,33.36,166.8,Individual,23.0,-6.298323113564848,144.8866854829028,0.012923783860346733
47960922,Charming and Unique with pool and garden views,218995253,Flor,Palermo,-34.5756365659517,-58.43637678205448,Entire home/apt,39908.0,1,100,2024-12-03,2.85,1,343,31,46.95,234.75,Individual,31.0,-6.298323113564848,144.8866854829028,0.012718099606097655
647188982089212744,MonoMatu,458024980,Viviana,Palermo,-34.589162,-58.4134347,Entire home/apt,26255.0,1,155,2025-01-28,5.04,2,260,43,30.89,154.44,Individual,21.5,-6.298323113564848,144.8866854829028,0.012586929187090978
750222631412962382,Studio in the heart of Palermo,208906298,Milagros,Palermo,-34.58265908782896,-58.42007774859666,Entire home/apt,24155.0,3,32,2025-01-01,1.42,1,160,20,28.42,142.09,Individual,20.0,-6.298323113564848,144.8866854829028,0.012250074513835224
29631052,Encantador departamento en Palermo Soho,165309293,Leandro,Palermo,-34.58791,-58.42764,Entire home/apt,28503.0,3,144,2024-12-22,1.9,1,260,23,33.53,167.66,Individual,23.0,-6.298323113564848,144.8866854829028,0.01210686891560861
35666542,Luxury Studio in Palermo Hollywood,66217018,Delfina,Palermo,-34.5767,-58.43814,Entire home/apt,47260.0,2,153,2025-01-13,2.33,1,179,36,55.6,278.0,Individual,36.0,-6.298323113564848,144.8866854829028,0.011838706005337207
40006597,Ultimo piso en Palermo 2 ambientes,144180704,Luis,Palermo,-34.58353,-58.4278,Entire home/apt,37356.0,3,72,2025-01-27,1.14,1,321,29,43.95,219.74,Individual,29.0,-6.298323113564848,144.8866854829028,0.010859381313581135
590018582482969025,Amazing apt:private Grill+Pool. Best Palermo Area,31348289,Natalia,Palermo,-34.580547,-58.441814,Entire home/apt,58959.0,3,164,2025-01-18,4.77,1,128,44,69.36,346.82,Individual,44.0,-6.298323113564848,144.8866854829028,0.010816106806350034
999281116512514499,"Bright, minimalist, quiet at Palermo Soho",173090752,Soledad,Palermo,-34.585501138939875,-58.42579769679126,Entire home/apt,31811.0,4,30,2024-12-26,2.0,1,290,25,37.42,187.12,Individual,25.0,-6.298323113564848,144.8866854829028,0.009688797203319777
1100271424385008411,Hermoso y luminoso depto Palermo,563439770,Natalia,Palermo,-34.5843921,-58.41160679999999,Entire home/apt,30456.0,4,24,2024-12-15,2.18,1,150,24,35.83,179.15,Individual,24.0,-6.298323113564848,144.8866854829028,0.009191922439569955
692946503616075010,"Luis ´apartments  #1 in Palermo Soho,",3411185,Luis,Palermo,-34.58746,-58.43235,Entire home/apt,27001.0,4,49,2025-01-25,3.54,2,57,43,31.77,158.83,Individual,21.5,-6.298323113564848,144.8866854829028,0.008358193002564296
1119624177566672265,Divino dpto en Palermo Hollywood con piscina,433719939,Olivia,Palermo,-34.57771680267122,-58.43504648655653,Entire home/apt,35109.0,2,27,2024-12-24,2.63,1,240,27,41.3,206.52,Individual,27.0,-6.298323113564848,144.8866854829028,0.00731877931130967
821956775314168058,Beautiful Studio in Palermo near Campo De Polo,3252171,Anabella,Palermo,-34.5666457,-58.434581,Entire home/apt,25058.0,3,37,2025-01-01,1.54,1,352,20,29.48,147.4,Individual,20.0,-6.298323113564848,144.8866854829028,0.007156369564291748
1097121312208452187,Apart w/ Fast Internet - Palermo,295195190,Tomi,Palermo,-34.5874461,-58.4174918,Entire home/apt,25058.0,3,40,2025-01-15,3.55,2,6,40,29.48,147.4,Individual,20.0,-6.298323113564848,144.8866854829028,0.007156369564291748
1100063179869527214,Departamento en Palermo,547069550,Bautista,Palermo,-34.5790678,-58.43030169999999,Entire home/apt,40958.0,2,31,2025-01-16,3.05,1,122,31,48.19,240.93,Individual,31.0,-6.298323113564848,144.8866854829028,0.006759425891537385
22919388,Jeronimo Apartment in Palermo (Bulnes - Subway D),60419303,Celeste,Palermo,-34.58846,-58.41308,Entire home/apt,52511.0,3,184,2025-01-11,2.63,1,119,39,61.78,308.89,Individual,39.0,-6.298323113564848,144.8866854829028,0.0065537416372883905
964534788537151430,Departamento en Colegiales,229720298,Martín,Colegiales,-34.57043588390412,-58.448631539940834,Entire home/apt,36758.0,3,28,2025-01-25,2.54,1,29,28,43.24,216.22,Individual,28.0,-25.39338022656716,170.99145541453709,0.006133770365304603
1204598169959498352,Vive Palermo Soho en nuevo departamento a estrenar,6130780,Eugenia,Palermo,-34.59328936978907,-58.42979103326797,Entire home/apt,41105.0,2,31,2025-01-27,4.97,1,68,31,48.36,241.79,Individual,31.0,-6.298323113564848,144.8866854829028,0.005942510946799262
13083184,Charming apartment in Palermo,72585103,Marianne,Palermo,-34.57744,-58.41048,Entire home/apt,55514.0,3,345,2025-01-14,3.29,1,297,41,65.31,326.55,Individual,41.0,-6.298323113564848,144.8866854829028,0.005865607455033173
817289651410369177,Habitación privada en departamento de Palermo,155833965,Lucila,Palermo,-34.58660217035691,-58.42026555520253,Private room,21004.0,1,43,2024-10-13,1.79,1,333,17,24.71,123.55,Individual,17.0,-6.298323113564848,144.8866854829028,0.00566574527304213
948766852179804747,Acogedor estudio en Palermo Plaza Italia,43637082,Ailin,Palermo,-34.58841427741927,-58.41818910279631,Entire home/apt,23892.0,2,30,2024-10-26,1.68,1,232,19,28.11,140.54,Individual,19.0,-6.298323113564848,144.8866854829028,0.005602310754410228
600211983084155881,Spacious and Bright Studio-Security24/7-2Balconies,453262946,Roberto,Palermo,-34.58326,-58.42794,Entire home/apt,44109.0,2,90,2025-01-23,2.67,1,308,33,51.89,259.46,Individual,33.0,-6.298323113564848,144.8866854829028,0.0052543767645441
836825303827951576,Moderno Departamento en Palermo,8114357,Marcelo,Palermo,-34.582545,-58.404777,Entire home/apt,31160.0,3,50,2025-01-09,2.18,1,121,24,36.66,183.29,Individual,24.0,-6.298323113564848,144.8866854829028,0.005203455356436848
721122364778452359,Niceto Live Seven - Palermo Hollywood,339408106,Guillermina,Palermo,-34.58372,-58.44289,Entire home/apt,25426.0,3,122,2024-12-25,4.29,2,74,40,29.91,149.56,Individual,20.0,-6.298323113564848,144.8866854829028,0.005090055292307105
38837515,Cálido monoambiente Palermo Rosedal Embajada EEUU,25072981,Sandra,Palermo,-34.57499,-58.41973,Entire home/apt,41263.0,2,114,2025-01-18,1.76,1,171,31,48.54,242.72,Individual,31.0,-6.298323113564848,144.8866854829028,0.005077542181782441
941560775747855699,Ideal para tu estadía económica y placentera.,127026655,Ivan,Palermo,-34.5900662,-58.4180046,Entire home/apt,24008.0,2,35,2025-01-28,1.93,1,315,19,28.24,141.22,Individual,19.0,-6.298323113564848,144.8866854829028,0.004977611090786954
791989292218948876,Chic apartment with swimming pool in Palermo,471832543,Mercedes,Palermo,-34.586277499123284,-58.43831558100886,Entire home/apt,42754.0,3,65,2025-01-26,2.59,1,231,32,50.3,251.49,Individual,32.0,-6.298323113564848,144.8866854829028,0.00475750200079425
33368993,"Strategic location, Equipped and Silent !",142922283,Diego,Palermo,-34.58689,-58.41399,Entire home/apt,18305.0,2,393,2025-01-23,5.55,6,199,90,21.54,107.68,Profissional,15.0,-6.298323113564848,144.8866854829028,0.004623941925263705
1008636091191415828,Departamento intimo y cálido en Palermo Chico,543114298,Pato,Palermo,-34.57873000987989,-58.40571916984857,Entire home/apt,35707.0,2,37,2025-01-05,2.45,1,159,27,42.01,210.04,Individual,27.0,-6.298323113564848,144.8866854829028,0.0039069580715211105
628756101803097211,Hermoso departamento en edificio con pileta,157288264,Mora,Palermo,-34.5812898,-58.4273405,Entire home/apt,47260.0,1,103,2024-12-31,3.23,1,336,35,55.6,278.0,Individual,35.0,-6.298323113564848,144.8866854829028,0.0037012738172720883
856570703842081183,Estudio nuevo Palermo / Edificio con jacuzzi&gym,507352917,Javier,Palermo,-34.583660463453334,-58.44204839865118,Entire home/apt,25771.0,1,76,2025-01-27,3.41,2,256,40,30.32,151.59,Individual,20.0,-6.298323113564848,144.8866854829028,0.0031198486608799147
1040009045039170886,Cozy & stylish apartment/Late check-in available,239610345,Sofia,Colegiales,-34.5783,-58.44727,Entire home/apt,37430.0,3,30,2024-11-24,2.34,1,179,28,44.04,220.18,Individual,28.0,-25.39338022656716,170.99145541453709,0.0022894647430076465
1062276738986222962,Moz Haus,56660620,Juan Pablo,Palermo,-34.57968698472019,-58.42714244380328,Entire home/apt,43962.0,1,65,2025-01-03,5.45,2,46,65,51.72,258.6,Individual,32.5,-6.298323113564848,144.8866854829028,0.0020025756152496355
16796945,Palermo soho. Beautiful and cozy apartment,111656452,Fran Y Jor,Palermo,-34.58696,-58.42531,Entire home/apt,23105.0,4,86,2025-01-11,0.89,1,258,18,27.18,135.91,Individual,18.0,-6.298323113564848,144.8866854829028,0.0019338838522653667
31258495,Habitación privada con wifi y mesa de trabajo,233880416,Laura,Palermo,-34.58788,-58.41683,Private room,17402.0,1,65,2025-01-23,0.93,1,26,14,20.47,102.36,Individual,14.0,-6.298323113564848,144.8866854829028,0.0016282685070208164
29606450,"Departamento en Palermo 
65 m de comodidad/cochera",128546140,Romina,Palermo,-34.59437,-58.42086,Entire home/apt,37661.0,2,115,2025-01-11,1.52,1,203,28,44.31,221.54,Individual,28.0,-6.298323113564848,144.8866854829028,0.0009920115954824005
33577370,Estilo & Confort en el Centro de Palermo Hollywood,182821925,Angeles,Palermo,-34.57969,-58.43503,Entire home/apt,30603.0,2,261,2024-12-23,3.68,1,357,23,36.0,180.02,Individual,23.0,-6.298323113564848,144.8866854829028,0.000237575306766713
28482240,PRIVATE JACUZZI♥SPA♥COUPLES♥PALERMO SOHO♥BEST LCTN,6843477,Eduardo,Palermo,-34.59103,-58.42902,Entire home/apt,76666.0,1,357,2025-01-14,4.67,1,310,55,90.2,450.98,Individual,55.0,-6.298323113564848,144.8866854829028,0.00018369941422990976
1004907829835515644,Departamento en Palermo,280228844,Francisco,Palermo,-34.58261,-58.42258,Entire home/apt,29259.0,2,29,2025-01-20,1.93,1,44,22,34.42,172.11,Individual,22.0,-6.298323113564848,144.8866854829028,-0.00030735327726186257
671589999446706037,Amplio y luminoso departamento en Palermo.,469624909,Sebastian,Palermo,-34.57886,-58.43564,Entire home/apt,30719.0,2,61,2025-01-28,2.0,1,338,23,36.14,180.7,Individual,23.0,-6.298323113564848,144.8866854829028,-0.0004351781771352592
1034753183177101022,Calidez y armonía en Colegiales,539887045,FeryGachy,Colegiales,-34.57471894808993,-58.4571008825518,Entire home/apt,29406.0,2,25,2024-11-25,1.79,1,226,22,34.6,172.98,Individual,22.0,-25.39338022656716,170.99145541453709,-0.001172322042278684
1104647051096576320,Moderno alojamiento en Palermo,485847086,Marie,Palermo,-34.58175,-58.42317,Entire home/apt,43805.0,4,32,2025-01-13,2.91,1,251,32,51.54,257.68,Individual,32.0,-6.298323113564848,144.8866854829028,-0.001201171713766075
4292991,Departamento con terraza en pleno Palermo Soho,19433030,Francisco Javier,Palermo,-34.58869,-58.42495,Entire home/apt,52511.0,2,153,2025-01-13,1.26,1,150,38,61.78,308.89,Individual,38.0,-6.298323113564848,144.8866854829028,-0.0015836905507767285
1095838136084492867,SosiegoBA,212471714,Juan Martín,Palermo,-34.58146329250397,-58.408683724701405,Entire home/apt,28051.0,4,21,2024-12-24,1.86,1,82,21,33.0,165.01,Individual,21.0,-6.298323113564848,144.8866854829028,-0.001621142985749835
1151301101679168059,Cozy Studio in Palermo Soho,576097987,Fernanda,Palermo,-34.5909206,-58.4253502,Entire home/apt,32410.0,4,24,2024-12-21,2.83,1,320,24,38.13,190.65,Individual,24.0,-6.298323113564848,144.8866854829028,-0.001860456224533874
938451776622374152,Acogedor studio en Palermo,122586587,Celina,Palermo,-34.5820798,-58.40864209999999,Entire home/apt,21004.0,2,45,2024-12-30,2.43,1,50,16,24.71,123.55,Individual,16.0,-6.298323113564848,144.8866854829028,-0.002471686915022961
800674671005653158,"Acogedor studio apt en Palermo Soho, con seguridad",72837372,Joaquín,Palermo,-34.581378132794576,-58.42734049999999,Entire home/apt,45611.0,2,65,2024-12-20,2.71,1,325,33,53.66,268.3,Individual,33.0,-6.298323113564848,144.8866854829028,-0.0032511494247879358
815821234344384412,Hermoso Depto en Palermo Soho!,55799855,Ninnette,Palermo,-34.59149423757235,-58.42550420182305,Entire home/apt,28356.0,2,63,2025-01-10,2.65,1,333,21,33.36,166.8,Individual,21.0,-6.298323113564848,144.8866854829028,-0.00335108051578345
943566697672904317,(SFE)Amplio de 2 dormitorios en Palermo Hollywood,527898317,Ana Paula,Palermo,-34.5777608,-58.4283149,Entire home/apt,44256.0,2,53,2025-01-26,2.91,1,232,32,52.07,260.33,Individual,32.0,-6.298323113564848,144.8866854829028,-0.003748024188537813
37382434,Espectacular y luminoso duplex en Palermo de 100m2,281674533,Tomas,Palermo,-34.59149,-58.41952,Entire home/apt,51461.0,1,78,2025-01-11,1.18,1,332,37,60.54,302.71,Individual,37.0,-6.298323113564848,144.8866854829028,-0.0037624490242815223
984683226927702729,Studio in Palermo Soho with amazing view,392577958,Martina,Palermo,-34.58116457928619,-58.423459345444726,Entire home/apt,51461.0,3,51,2025-01-10,3.17,1,290,37,60.54,302.71,Individual,37.0,-6.298323113564848,144.8866854829028,-0.0037624490242815223
1018955625354047995,Departamento en excelente zona de Palermo,545260976,Nilda,Palermo,-34.584103364422496,-58.416587188574326,Entire home/apt,24155.0,4,22,2025-01-06,1.49,1,169,18,28.42,142.09,Individual,18.0,-6.298323113564848,144.8866854829028,-0.0040247898622949585
33578868,Departamento completo en Belgrano,44343385,Leonardo,Palermo,-34.56406,-58.44232,Entire home/apt,21393.0,1,18,2025-01-18,1.22,1,179,16,25.17,125.84,Individual,16.0,-6.298323113564848,144.8866854829028,-0.004682162647843713
733951214946636401,"Departamento Palermo Soho, excelente ubicación",262412397,Maria Del Carmen,Palermo,-34.5857615,-58.4234218,Entire home/apt,31507.0,2,47,2024-12-03,1.7,1,84,23,37.07,185.34,Individual,23.0,-6.298323113564848,144.8866854829028,-0.004904183463055489
35494064,Moderno monoambiente con cochera en Palermo,171490842,Marco,Palermo,-34.57587,-58.44268,Entire home/apt,31507.0,3,114,2025-01-15,1.66,1,147,23,37.07,185.34,Individual,23.0,-6.298323113564848,144.8866854829028,-0.004904183463055489
661434160836462161,"Beautiful home, Palermo Hollywood. Great Location!",467077863,Mailen,Palermo,-34.5837222,-58.44199249999999,Entire home/apt,31507.0,3,88,2025-01-18,2.83,1,89,23,37.07,185.34,Individual,23.0,-6.298323113564848,144.8866854829028,-0.004904183463055489
41875047,"Palermo Soho, Guemes a pasos del Botánico",93685919,Vicky,Palermo,-34.58594,-58.41801,Entire home/apt,28660.0,2,126,2025-01-23,2.08,1,351,21,33.72,168.59,Individual,21.0,-6.298323113564848,144.8866854829028,-0.005081018045817093
712960800407321860,Acogedora y luminosa habitación en Palermo Soho,478944093,Rosa Ángela,Palermo,-34.59029,-58.4227,Private room,15753.0,3,62,2024-11-25,2.15,1,3,12,18.53,92.66,Individual,12.0,-6.298323113564848,144.8866854829028,-0.005324154735039235
29901820,Best Location! A few steps from US Embassy!,38649148,Pedro,Palermo,-34.57457,-58.41929,Entire home/apt,27306.0,2,116,2025-01-07,1.53,2,336,40,32.12,160.62,Individual,20.0,-6.298323113564848,144.8866854829028,-0.005529838989288244
973301242292060356,Palermo Soho,196683014,Fabricio,Palermo,-34.5853717,-58.4212812,Entire home/apt,36758.0,2,69,2025-01-28,4.5,2,97,53,43.24,216.22,Individual,26.5,-6.298323113564848,144.8866854829028,-0.006072377916793048
1052156874405043763,Departamento con terraza Palermo,164019445,Tere,Palermo,-34.5867,-58.41678,Entire home/apt,23105.0,2,18,2024-11-05,1.47,1,232,17,27.18,135.91,Individual,17.0,-6.298323113564848,144.8866854829028,-0.006203548335799752
735677606281473328,Unico e Impecable Apto - Palermo Hollywood,483227105,Gladys Emilse,Palermo,-34.5811388,-58.4306982,Entire home/apt,30456.0,2,95,2025-01-24,3.44,2,44,44,35.83,179.15,Individual,22.0,-6.298323113564848,144.8866854829028,-0.007082941936560255
40917801,Palermo Hollywood House,6150344,Leandro,Palermo,-34.583980560302734,-58.44184112548828,Entire home/apt,30456.0,3,43,2025-01-17,0.74,1,140,22,35.83,179.15,Individual,22.0,-6.298323113564848,144.8866854829028,-0.007082941936560255
33591750,"Palermo Hollywood apartamento Balcón, c/Piscina",211658473,Andrés,Palermo,-34.57889,-58.42772,Entire home/apt,50715.0,3,239,2025-01-27,3.39,1,347,36,59.66,298.32,Individual,36.0,-6.298323113564848,144.8866854829028,-0.007671145027819903
21249964,Amazing apartment in the heart of Palermo SOHO.,30303253,Yula,Palermo,-34.58315,-58.42758,Entire home/apt,26255.0,2,150,2025-01-04,1.77,1,329,19,30.89,154.44,Individual,19.0,-6.298323113564848,144.8866854829028,-0.007756651283071764
1183997343263006568,Dos balcones puro sol en Palermo,584839090,Beatriz,Palermo,-34.57862,-58.43357,Entire home/apt,32032.0,1,23,2025-01-28,3.94,1,338,23,37.68,188.42,Individual,23.0,-6.298323113564848,144.8866854829028,-0.007835466500056926
1196363488988490689,Pequeño departamento con patio,10131978,Gabriela,Palermo,-34.58490656472359,-58.41970961686025,Entire home/apt,22055.0,2,16,2024-12-23,2.58,1,36,16,25.95,129.74,Individual,16.0,-6.298323113564848,144.8866854829028,-0.008430360629583258
52222950,Impecable Studio en el corazón de Palermo,114393546,Martin,Palermo,-34.581646,-58.413254,Entire home/apt,29280.0,3,115,2025-01-09,2.81,1,173,21,34.45,172.24,Individual,21.0,-6.298323113564848,144.8866854829028,-0.008588946926163105
15872941,New studio Palermo w/private patio -24hs security-,141001157,Juan Pablo,Palermo,-34.59449,-58.42162,Entire home/apt,23556.0,1,71,2025-01-13,0.71,1,148,17,27.71,138.56,Individual,17.0,-6.298323113564848,144.8866854829028,-0.008750400810571518
1105930124332928771,"Recoleta Square,  2 huéspedes",270129108,Geo,Palermo,-34.58404,-58.40097,Entire home/apt,38015.0,3,27,2025-01-09,2.59,1,24,27,44.72,223.62,Individual,27.0,-6.298323113564848,144.8866854829028,-0.009115627224009881
25095804,Acogedor y practico estudio en Palermo/Recoleta,87599789,Juan Ramon,Palermo,-34.59013,-58.41125,Entire home/apt,22202.0,1,210,2024-12-16,2.57,1,159,16,26.12,130.6,Individual,16.0,-6.298323113564848,144.8866854829028,-0.009247275574321367
26412597,"Dpto Cañitas, a metros del Polo",198604964,Raúl G.,Palermo,-34.573809594617714,-58.433303690896814,Entire home/apt,29406.0,3,21,2025-01-27,2.0,1,149,21,34.6,172.98,Individual,21.0,-6.298323113564848,144.8866854829028,-0.009309754230343775
1075974366549861909,Palermo Borges Apart,555032192,Luciana,Palermo,-34.582105069430085,-58.42120284158258,Entire home/apt,39908.0,1,114,2025-01-24,9.27,4,242,113,46.95,234.75,Profissional,28.25,-6.298323113564848,144.8866854829028,-0.009659838911081353
1091481019577251917,Spacious Room in Palermo with Setup | Nomads,460225739,Camilo,Palermo,-34.59086709949942,-58.4161602565496,Private room,25205.0,1,18,2024-12-03,1.61,1,160,18,29.65,148.26,Individual,18.0,-6.298323113564848,144.8866854829028,-0.00993540975657653
1023180298213928690,Studio en Palermo,81276178,Laura,Palermo,-34.5846848,-58.4426104,Entire home/apt,25205.0,2,21,2025-01-21,1.49,1,240,18,29.65,148.26,Individual,18.0,-6.298323113564848,144.8866854829028,-0.00993540975657653
758600883023334967,Wonderstay in Palermo,164662920,Joo Kyung,Palermo,-34.5805107,-58.4314477,Entire home/apt,36758.0,7,48,2024-11-10,2.37,1,99,26,43.24,216.22,Individual,26.0,-6.298323113564848,144.8866854829028,-0.010141094010825608
21259699,Cozy studio. Best Location! Palermo Soho,153734073,Sole Y Valen,Palermo,-34.58938,-58.41908,Entire home/apt,36758.0,2,297,2024-09-15,3.34,1,77,26,43.24,216.22,Individual,26.0,-6.298323113564848,144.8866854829028,-0.010141094010825608
33374561,"Ubicación excelente, equipado y silencioso !",142922283,Diego,Palermo,-34.58158,-58.42231,Entire home/apt,17108.0,2,300,2025-01-24,4.22,6,224,74,20.13,100.64,Profissional,12.333333333333334,-6.298323113564848,144.8866854829028,-0.010300288583611483
965104062382087494,En Palermo con balcon muy cómodo,533635009,Hugo Marcos,Palermo,-34.57753110000001,-58.4361967,Entire home/apt,28177.0,1,40,2025-01-03,2.35,1,266,20,33.15,165.75,Individual,20.0,-6.298323113564848,144.8866854829028,-0.010479382477995625
704926298027152278,Hermoso Departamento en Palermo!,289242186,Gaston,Palermo,-34.58809,-58.41935,Entire home/apt,21004.0,5,52,2025-01-08,1.83,2,41,30,24.71,123.55,Individual,15.0,-6.298323113564848,144.8866854829028,-0.010609119103088066
1210241488326362072,Cozy apartment near Alto Palermo,311880627,Jorgelina María De Los Ángeles,Palermo,-34.591539,-58.4156089,Entire home/apt,21004.0,2,15,2025-01-27,2.59,1,180,15,24.71,123.55,Individual,15.0,-6.298323113564848,144.8866854829028,-0.010609119103088066
675201901143741575,Apartamento super luminoso y confortable.,470561195,Joaquin,Palermo,-34.58226,-58.43232,Entire home/apt,31191.0,1,81,2025-01-02,2.64,1,362,22,36.7,183.48,Individual,22.0,-6.298323113564848,144.8866854829028,-0.01126362430080824
749487910766220238,Hermoso departamento en Palermo apto home office,27536567,Ana Clara,Palermo,-34.59495,-58.41594,Entire home/apt,28356.0,3,44,2024-09-24,1.62,1,150,20,33.36,166.8,Individual,20.0,-6.298323113564848,144.8866854829028,-0.011488512703848569
1186317913248251500,Encantador Dpto 2 Amb en Palermo,583448920,Juan,Palermo,-34.5819961,-58.4236001,Entire home/apt,28356.0,4,20,2025-01-26,2.87,1,94,20,33.36,166.8,Individual,20.0,-6.298323113564848,144.8866854829028,-0.011488512703848569
1049258811418408282,La mejor zona de Buenos Aires,133458988,César,Palermo,-34.564988041612764,-58.43663953959315,Entire home/apt,35707.0,3,27,2024-12-01,2.1,1,322,25,42.01,210.04,Individual,25.0,-6.298323113564848,144.8866854829028,-0.012367906304609072
760974024521567698,Amplio y muy luminoso mono ambiente en Palermo,297228654,Camila,Palermo,-34.58567,-58.43738,Entire home/apt,35707.0,5,32,2025-01-28,1.27,1,146,25,42.01,210.04,Individual,25.0,-6.298323113564848,144.8866854829028,-0.012367906304609072
1065333258304893146,Muy amplio y hermoso depto.Palermo,555539285,Sol,Palermo,-34.58840588640521,-58.42106371922393,Entire home/apt,51608.0,1,37,2025-01-10,2.91,1,53,36,60.72,303.58,Individual,36.0,-6.298323113564848,144.8866854829028,-0.012764849977363435
1264462239020244956,Cálido depto p/ 2 en el corazón de Palermo Soho,147679459,Gabriela,Palermo,-34.58442366700433,-58.41917848428144,Entire home/apt,28660.0,2,20,2025-01-27,5.41,1,9,20,33.72,168.59,Individual,20.0,-6.298323113564848,144.8866854829028,-0.013218450233882212
1192098964369736570,Estudio a estrenar Palermo soho,587071954,Jessica,Palermo,-34.5828808,-58.4222062,Entire home/apt,31580.0,3,22,2025-01-25,3.3,1,320,22,37.15,185.76,Individual,22.0,-6.298323113564848,144.8866854829028,-0.013426046213350279
1248625589379238006,"Silencioso, excelente diseño y ubicación !",6633241,Lucila,Palermo,-34.56626,-58.43448,Entire home/apt,30152.0,2,21,2025-01-14,4.81,1,166,21,35.47,177.36,Individual,21.0,-6.298323113564848,144.8866854829028,-0.013490436594591732
847246230753273538,Apartamento en Palermo Soho,121506399,Nicolas,Palermo,-34.59113244775234,-58.4288840930224,Entire home/apt,43206.0,2,68,2024-11-30,3.0,1,20,30,50.83,254.15,Individual,30.0,-6.298323113564848,144.8866854829028,-0.014064214850107726
755876093713747016,Estudio en la mejor zona de Palermo Hollywood,173866916,Adriana,Palermo,-34.57789,-58.43977,Entire home/apt,30456.0,2,90,2025-01-19,3.34,1,334,21,35.83,179.15,Individual,21.0,-6.298323113564848,144.8866854829028,-0.015220374124625347
34092378,Bright and cozy apartment in Palermo Hollywood,65207574,Matias,Palermo,-34.57676,-58.4319,Entire home/apt,30456.0,2,76,2025-01-13,1.12,1,179,21,35.83,179.15,Individual,21.0,-6.298323113564848,144.8866854829028,-0.015220374124625347
34124758,Loft en Cañitas,2412153,Maria,Palermo,-34.56339,-58.43956,Entire home/apt,30456.0,2,144,2024-12-21,2.07,1,112,21,35.83,179.15,Individual,21.0,-6.298323113564848,144.8866854829028,-0.015220374124625347
28253234,Departamento en el corazón de Palermo Hollywood,213395636,Matías,Palermo,-34.5831157,-58.43554580000001,Entire home/apt,42009.0,2,29,2025-01-27,3.69,1,40,29,49.42,247.11,Individual,29.0,-6.298323113564848,144.8866854829028,-0.015426058378874424
1125457825365250628,Palermo: Tu Espacio Cálido y Confortable,189414372,Maria Isabel,Palermo,-34.5828808,-58.4222062,Entire home/apt,42009.0,2,29,2025-01-25,3.32,1,349,29,49.42,247.11,Individual,29.0,-6.298323113564848,144.8866854829028,-0.015426058378874424
887144371376550418,Super ubicación en Palermo Hollywood,378619791,Mariano,Palermo,-34.5795309,-58.42908389999999,Entire home/apt,43510.0,3,54,2025-01-14,3.07,1,335,30,51.19,255.94,Individual,30.0,-6.298323113564848,144.8866854829028,-0.01579415238014137
17555521,Encantador estudio contemporaneo.,63276279,Raquel,Palermo,-34.58375,-58.44406,Entire home/apt,26255.0,3,197,2025-01-28,2.11,1,89,18,30.89,154.44,Individual,18.0,-6.298323113564848,144.8866854829028,-0.015894083471136855
968785798498852824,Estudio 7,464915828,Federico,Palermo,-34.58785,-58.41295,Entire home/apt,26255.0,1,74,2025-01-14,4.3,3,226,54,30.89,154.44,Profissional,18.0,-6.298323113564848,144.8866854829028,-0.015894083471136855
1085059405536139295,Departamento 2 amb en Belgrano!,85953920,Camila,Colegiales,-34.57004766846847,-58.44848110020863,Entire home/apt,26255.0,2,18,2025-01-24,1.62,1,146,18,30.89,154.44,Individual,18.0,-25.39338022656716,170.99145541453709,-0.015894083471136855
814591103342227013,Departamento en Palermo con piscina,147117062,Laura,Palermo,-34.5831348,-58.441753,Entire home/apt,20553.0,25,43,2025-01-15,1.77,1,305,14,24.18,120.9,Individual,14.0,-6.298323113564848,144.8866854829028,-0.016199698816381405
40306362,Apartment  with pool  Palermo. Great location,295195190,Tomi,Palermo,-34.58316,-58.42675,Entire home/apt,24155.0,2,117,2025-01-11,1.89,2,2,33,28.42,142.09,Individual,16.5,-6.298323113564848,144.8866854829028,-0.01623093814439261
1074553480698030490,"Con balcón, super luminoso y en zona muy tranquila",557973125,María Laura,Palermo,-34.59201837143247,-58.416901461376966,Entire home/apt,34962.0,3,24,2025-01-01,2.17,1,122,24,41.13,205.66,Individual,24.0,-6.298323113564848,144.8866854829028,-0.01627660230814751
1048714343330596955,Ambiente en Palermo. Gran vista.,551425138,Monica Liliana,Palermo,-34.594970881352964,-58.41739585001324,Entire home/apt,43637.0,3,30,2024-12-19,2.62,1,0,30,51.34,256.69,Individual,30.0,-6.298323113564848,144.8866854829028,-0.016514959684322067
1106811923399142679,Palermo Chic apartamento,85885371,Menchu,Palermo,-34.57540669999999,-58.423838,Entire home/apt,26402.0,1,36,2025-01-28,3.45,2,200,36,31.06,155.31,Individual,18.0,-6.298323113564848,144.8866854829028,-0.01671099841587495
597298449878092745,Acogedor departamento en Palermo,127397092,Regina,Palermo,-34.57884,-58.42543,Entire home/apt,25000.0,2,42,2024-10-11,1.31,1,127,17,29.41,147.06,Individual,17.0,-6.298323113564848,144.8866854829028,-0.01691955025795258
1217566899218104640,Apartamento Plaza Serrano,116657741,Diego Oscar,Palermo,-34.5881703,-58.4300908,Entire home/apt,29406.0,1,20,2025-01-17,4.11,1,362,20,34.6,172.98,Individual,20.0,-6.298323113564848,144.8866854829028,-0.017447186418408894
1078952523489388107,"Cozy, brand new, fully equipped studio - Palermo H",87801415,Andrea,Palermo,-34.58497995110216,-58.43483079542915,Entire home/apt,36611.0,3,25,2025-01-06,2.34,1,199,25,43.07,215.36,Individual,25.0,-6.298323113564848,144.8866854829028,-0.017461611254152576
1082559439369587428,Luminous apartment in Palermo Hollywood,2663928,Maria Eugenia,Palermo,-34.57987293255216,-58.43509285767212,Entire home/apt,52511.0,2,36,2025-01-15,3.24,1,12,36,61.78,308.89,Individual,36.0,-6.298323113564848,144.8866854829028,-0.01785855492690691
20818388,Beautiful and comfortable loft in Palermo SOHO,94847562,Juan Pablo,Palermo,-34.58131,-58.42675,Entire home/apt,25205.0,3,322,2025-01-29,3.58,1,237,17,29.65,148.26,Individual,17.0,-6.298323113564848,144.8866854829028,-0.01807284194464165
21424566,Soler Suites,155278606,Soler,Palermo,-34.58063,-58.43319,Entire home/apt,25205.0,2,225,2025-01-24,2.55,2,165,34,29.65,148.26,Individual,17.0,-6.298323113564848,144.8866854829028,-0.01807284194464165
21425267,Soler Suites II,155278606,Soler,Palermo,-34.58068,-58.43373,Entire home/apt,25205.0,3,231,2025-01-26,2.61,2,148,34,29.65,148.26,Individual,17.0,-6.298323113564848,144.8866854829028,-0.01807284194464165
1237891812499661390,Moderno y acogedor depto. en Jardín Botánico,559939990,Gabriel,Palermo,-34.583717,-58.4119298,Entire home/apt,25205.0,2,17,2024-12-22,3.86,1,144,17,29.65,148.26,Individual,17.0,-6.298323113564848,144.8866854829028,-0.01807284194464165
1116650544063830823,Amplio y cómodo con patio (Güemes y Bulnes),568069859,Gustaco Adolfo,Palermo,-34.58891,-58.41327,Entire home/apt,54013.0,2,37,2025-01-12,3.8,1,69,37,63.54,317.72,Individual,37.0,-6.298323113564848,144.8866854829028,-0.018178595107895212
1160266206198686510,New Studio Suite en Palermo SoHo,28056052,Gustavo,Palermo,-34.5934742,-58.4298837,Entire home/apt,36758.0,2,25,2025-01-25,3.39,1,319,25,43.24,216.22,Individual,25.0,-6.298323113564848,144.8866854829028,-0.0182785261988907
741115424696465026,Fully equipped modern apartment @heart of Palermo,134558873,Juan José,Palermo,-34.59381386468846,-58.4283875199385,Entire home/apt,43962.0,2,61,2025-01-26,2.2,1,324,30,51.72,258.6,Individual,30.0,-6.298323113564848,144.8866854829028,-0.018341004854913107
698624562354843829,Hermoso Studio en el Corazon de Palermo Hollywood,25913752,Sebastian,Palermo,-34.5811388,-58.4306982,Entire home/apt,34657.0,4,103,2025-01-29,3.47,2,235,47,40.77,203.86,Individual,23.5,-6.298323113564848,144.8866854829028,-0.018615380872146453
979684436133752860,Stylish studio in Palermo,8514100,Felipe,Palermo,-34.5831003,-58.4020983,Entire home/apt,39005.0,2,69,2025-01-25,4.31,2,324,53,45.89,229.44,Individual,26.5,-6.298323113564848,144.8866854829028,-0.018806640290651766
908708448067009656,Apartamento Boho Chic Hollywood,49038797,Alan,Palermo,-34.5789295,-58.4334071,Entire home/apt,33302.0,3,66,2025-01-25,3.55,2,258,45,39.18,195.89,Individual,22.5,-6.298323113564848,144.8866854829028,-0.019112255635896275
938616755147680755,Lindo. Zona divertida y segura.,21234074,Ivanna,Palermo,-34.59306036605135,-58.41635947760752,Entire home/apt,29711.0,2,107,2025-01-25,5.76,3,241,60,34.95,174.77,Profissional,20.0,-6.298323113564848,144.8866854829028,-0.01912907012816384
974848857134925771,Departamento en Palermo Soho,535802972,Ines,Palermo,-34.58349631052017,-58.42664815485478,Entire home/apt,41263.0,1,73,2025-01-09,4.35,1,244,28,48.54,242.72,Individual,28.0,-6.298323113564848,144.8866854829028,-0.019334754382412833
42714837,Bright and Spacious in Cañitas and Palermo,44933939,Alejo,Palermo,-34.57431025015666,-58.43347169458866,Entire home/apt,39908.0,1,74,2024-12-25,3.42,1,177,27,46.95,234.75,Individual,27.0,-6.298323113564848,144.8866854829028,-0.019831629146162738
782598900269934983,Soho House 2 BDR,160483101,Sofia Yasmin,Palermo,-34.5894847,-58.42368810000001,Entire home/apt,63013.0,2,62,2025-01-25,2.81,1,162,43,74.13,370.66,Individual,43.0,-6.298323113564848,144.8866854829028,-0.020242997654660755
1055893215904400531,Departamento en Buenos Aires,152259140,Ivan,Palermo,-34.57773,-58.42383,Entire home/apt,28503.0,1,19,2025-01-12,4.19,1,358,19,33.53,167.66,Individual,19.0,-6.298323113564848,144.8866854829028,-0.020442859836651783
1175448624548534884,Departamento luminoso en Palermo. Seguridad 24hs,29341450,Tere,Palermo,-34.58571,-58.41433,Entire home/apt,35707.0,1,24,2025-01-27,3.3,1,269,24,42.01,210.04,Individual,24.0,-6.298323113564848,144.8866854829028,-0.020505338492674163
715221353782696016,Full Studio Spa GYM SAUNA & POOL,103902155,Alicia,Puerto Madero,-34.6162216,-58.3614919,Entire home/apt,50263.0,2,79,2025-01-19,2.81,1,346,34,59.13,295.66,Individual,34.0,49.42092904885493,223.15875845114505,-0.02139915692917843
26334672,Respirá Palermo sobre el Boulevard Charcas,198037587,Natalin,Palermo,-34.59111,-58.41307,Entire home/apt,33008.0,2,200,2025-01-17,2.52,1,256,22,38.83,194.16,Individual,22.0,-6.298323113564848,144.8866854829028,-0.021499088020173918
7986402,Great and comfortable studio in Barrio Belgrano,6943255,Lucila Y Pablo,Colegiales,-34.57156,-58.45166,Entire home/apt,24460.0,20,137,2024-12-13,1.21,1,190,16,28.78,143.88,Individual,16.0,-25.39338022656716,170.99145541453709,-0.02202959176845881
9504276,Cosy and bright apt Palermo Soho - kid friendly,6867313,Martina,Palermo,-34.5891747,-58.420323,Entire home/apt,38858.0,2,111,2024-09-15,3.99,1,330,26,45.72,228.58,Individual,26.0,-6.298323113564848,144.8866854829028,-0.022058441439946203
1047138473152346908,Stylish Skyline View 1BR Home at Palermo Polo,5058597,Diego & Nati,Palermo,-34.5751857,-58.4318936,Entire home/apt,37451.0,1,29,2025-01-10,2.16,1,362,25,44.06,220.3,Individual,25.0,-6.298323113564848,144.8866854829028,-0.02221893946174508
1276557876711779632,Elegant Studio in the Heart of Palermo,166262556,Brenda,Palermo,-34.58592,-58.42119,Entire home/apt,25951.0,2,17,2025-01-11,5.54,1,156,17,30.53,152.65,Individual,17.0,-6.298323113564848,144.8866854829028,-0.02230157812916833
1180536495611966371,Ubicación Perfecta - El Mejor Desayuno - WIFI,577492386,Ezequiel,Colegiales,-34.56625410654575,-58.45245802537803,Private room,18757.0,1,12,2024-12-20,3.16,1,365,12,22.07,110.34,Individual,12.0,-25.39338022656716,170.99145541453709,-0.022335207113703334
1243494660994013427,Casita con patio en el corazón de Palermo,651480849,Emilia,Palermo,-34.58249563501765,-58.42376081028178,Entire home/apt,27453.0,1,18,2025-01-19,3.86,1,63,18,32.3,161.49,Individual,18.0,-6.298323113564848,144.8866854829028,-0.022669672130435248
1201736478635594620,Apartment Palermo in front las Heras Park! 2 amb,160492154,Esperanza,Palermo,-34.582568275638536,-58.40835716575384,Entire home/apt,28954.0,2,19,2025-01-04,3.02,1,230,19,34.06,170.32,Individual,19.0,-6.298323113564848,144.8866854829028,-0.02298971231142352
1197286494129219605,"Amplio y elegante Mono en Las Cañitas, Palermo",114534844,Nacho,Palermo,-34.56789688614318,-58.43320191155144,Entire home/apt,30456.0,2,20,2024-12-21,3.11,1,338,20,35.83,179.15,Individual,20.0,-6.298323113564848,144.8866854829028,-0.023357806312690466
1073251184291870213,Entre parques,223895101,Alejandra,Palermo,-34.5783976,-58.41214660000001,Entire home/apt,40643.0,2,55,2025-01-26,4.47,2,258,54,47.82,239.08,Individual,27.0,-6.298323113564848,144.8866854829028,-0.024012311510410667
932562284945008464,Monoambiente boulevard Cerviño,22692794,Mercedes,Palermo,-34.5783633359986,-58.41394125396729,Entire home/apt,26255.0,6,28,2025-01-21,1.5,1,103,17,30.89,154.44,Individual,17.0,-6.298323113564848,144.8866854829028,-0.024031515659201974
39468549,Stylish Studio Flat with pool - English/Español -,303172893,María José,Palermo,-34.58964,-58.41811,Entire home/apt,33460.0,3,114,2024-12-15,1.77,1,365,22,39.36,196.82,Individual,22.0,-6.298323113564848,144.8866854829028,-0.024045940494945656
954098131122882392,"119 - Apartment in Palermo, Cabrera St.",169179941,Fernando,Palermo,-34.59237,-58.42876,Entire home/apt,43637.0,1,44,2024-11-30,2.6,1,0,29,51.34,256.69,Individual,29.0,-6.298323113564848,144.8866854829028,-0.024652391872387158
1105251876064191241,Hippie chic apartment in Palermo,466470373,Adrian Ruben,Palermo,-34.5758308630121,-58.43218642067931,Entire home/apt,22055.0,5,28,2025-01-23,2.86,2,41,28,25.95,129.74,Individual,14.0,-6.298323113564848,144.8866854829028,-0.024705225005713455
663806918998676780,Palermo Spacious Studio Apartment,300561056,Michelle,Palermo,-34.5825562,-58.4231096,Entire home/apt,33607.0,2,25,2025-01-05,1.74,1,269,22,39.54,197.69,Individual,22.0,-6.298323113564848,144.8866854829028,-0.024910909259962477
44306754,COZY Apartment in Palermo,93669751,Melisa,Palermo,-34.57018,-58.43392,Entire home/apt,40811.0,1,61,2025-01-03,1.12,1,149,27,48.01,240.06,Individual,27.0,-6.298323113564848,144.8866854829028,-0.024925334095706186
1019092017336596341,Departamento Penthouse para grupos grandes,438001530,Diego Fernando,Palermo,-34.580865944309295,-58.42315055429936,Entire home/apt,84017.0,1,66,2025-01-11,4.42,1,78,57,98.84,494.22,Individual,57.0,-6.298323113564848,144.8866854829028,-0.02505993693044717
32660563,Studio de 35 mts en Palermo Cañitas,156510638,Diego,Palermo,-34.566864013671875,-58.43334197998047,Entire home/apt,24302.0,3,185,2025-01-08,2.6,2,44,31,28.59,142.95,Individual,15.5,-6.298323113564848,144.8866854829028,-0.025185285277195824
820078946328602932,Industrial Loft in Palermo Soho!,44128372,Lucas Martin,Palermo,-34.59023,-58.4324,Entire home/apt,31507.0,1,87,2024-12-22,3.63,2,273,41,37.07,185.34,Individual,20.5,-6.298323113564848,144.8866854829028,-0.02524776393321823
841279249244474958,Departamento Palermo Terraza y Gimnasio privados.,482507798,Matias,Palermo,-34.5939956,-58.4277434,Entire home/apt,30908.0,30,65,2025-01-04,2.82,1,296,20,36.36,181.81,Individual,20.0,-6.298323113564848,144.8866854829028,-0.02590465878746223
770073876561244939,Depto Diego - Close to everything you need!,794195,Diego,Palermo,-34.5760998,-58.4321946,Entire home/apt,25163.0,1,156,2025-01-19,5.97,4,126,64,29.6,148.02,Profissional,16.0,-6.298323113564848,144.8866854829028,-0.025970005031313192
952173831174230218,Departamento entero c/servicios,530280148,Monica,Palermo,-34.567172879963124,-58.440863767563535,Entire home/apt,36758.0,1,28,2025-01-16,1.61,1,286,24,43.24,216.22,Individual,24.0,-6.298323113564848,144.8866854829028,-0.02641595838695579
990765430119949462,Amplio Departamento Palermo Hollywood con Piscina,492827741,Diego,Palermo,-34.5790130617666,-58.43510127581598,Entire home/apt,36758.0,10,35,2025-01-15,2.2,1,139,24,43.24,216.22,Individual,24.0,-6.298323113564848,144.8866854829028,-0.02641595838695579
1112548286206306472,Moz Haus 2,56660620,Juan Pablo,Palermo,-34.58010770381499,-58.42768971728528,Entire home/apt,45453.0,1,60,2025-01-26,5.66,2,37,60,53.47,267.37,Individual,30.0,-6.298323113564848,144.8866854829028,-0.026750423403687745
6989067,Palermo Soho in Condo full amenities 1 bdr aptmt,19053018,Alejandro,Palermo,-34.58019864538438,-58.42666775859709,Entire home/apt,52658.0,2,250,2025-01-26,2.17,1,107,35,61.95,309.75,Individual,35.0,-6.298323113564848,144.8866854829028,-0.026812902059710153
36767287,Palermo Cañitas Hermoso ático con terraza.,102953493,Coni,Palermo,-34.57354635946308,-58.43219896738309,Entire home/apt,21004.0,2,172,2025-01-22,2.56,2,174,26,24.71,123.55,Individual,13.0,-6.298323113564848,144.8866854829028,-0.026883983479218262
32085070,Cute entire apartment @ Palermo Hollywood w/2pools,1943150,Florencia,Palermo,-34.57947,-58.44043,Entire home/apt,49812.0,2,178,2025-01-17,2.49,1,169,33,58.6,293.01,Individual,33.0,-6.298323113564848,144.8866854829028,-0.02698973664247173
919518326026321425,Departamento en Palermo,518426080,Agustin,Palermo,-34.5926596,-58.42951969999999,Entire home/apt,21739.0,1,52,2025-01-14,2.79,2,365,27,25.58,127.88,Individual,13.5,-6.298323113564848,144.8866854829028,-0.02699594974943366
23035112,Cozy Studio in the heart of Palermo Soho,122562696,Lilian,Palermo,-34.59189,-58.42259,Entire home/apt,25352.0,3,94,2024-11-26,1.12,1,333,16,29.83,149.13,Individual,16.0,-6.298323113564848,144.8866854829028,-0.02707524289772356
933281345439064187,Dpto Colegiales,305060198,Agustina,Colegiales,-34.571842774334534,-58.458944715344245,Entire home/apt,32557.0,3,41,2025-01-12,2.19,1,142,21,38.3,191.51,Individual,21.0,-25.39338022656716,170.99145541453709,-0.027089667733467243
16882483,Habitación indiv. c/ baño priv. en Palermo Soho,13099205,Claudia,Palermo,-34.591839,-58.433598,Private room,16803.0,2,79,2025-01-26,1.09,1,59,10,19.77,98.84,Individual,10.0,-6.298323113564848,144.8866854829028,-0.027557692825729743
31526883,"Tipico PH Palermoniano, refaccionado.",39401260,Pepe,Palermo,-34.57744,-58.43166,Entire home/apt,28356.0,1,142,2025-01-02,1.94,1,0,18,33.36,166.8,Individual,18.0,-6.298323113564848,144.8866854829028,-0.02776337707997875
1065220931636144636,Palermo Soho Clásico,302536850,Gabriela Y Guillermo,Palermo,-34.5869711967848,-58.426002748310566,Entire home/apt,39908.0,2,27,2025-01-08,2.11,1,100,26,46.95,234.75,Individual,26.0,-6.298323113564848,144.8866854829028,-0.02796906133422783
891981613847936496,The Arcos Flats,440160302,Paola,Palermo,-34.579392912355125,-58.42892051511746,Entire home/apt,24155.0,2,19,2024-11-04,1.01,1,38,15,28.42,142.09,Individual,15.0,-6.298323113564848,144.8866854829028,-0.028437086426490274
27808922,Hermoso Estudio en Palermo Hollywood- Holly Studio,209988655,Natalia,Palermo,-34.58152,-58.44138,Entire home/apt,35707.0,2,97,2025-01-05,1.28,1,87,23,42.01,210.04,Individual,23.0,-6.298323113564848,144.8866854829028,-0.028642770680739282
31437147,Cálido Monoambiente (Studio) en Palermo,218947909,May,Palermo,-34.5872,-58.41506,Entire home/apt,22800.0,20,73,2025-01-06,1.0,1,278,14,26.82,134.12,Individual,14.0,-6.298323113564848,144.8866854829028,-0.028885907369961425
796380540960970540,Luminoso Depto. en Palermo a metros visa EE.UU.,451949358,Carolina,Palermo,-34.583532183710446,-58.423582908324434,Entire home/apt,33607.0,2,106,2025-01-26,4.46,2,163,43,39.54,197.69,Individual,21.5,-6.298323113564848,144.8866854829028,-0.028979625353995037
797209526598026232,Departamento en Palermo Botánico,9206457,Ezequiel,Palermo,-34.58552801655182,-58.41912858188152,Entire home/apt,27159.0,5,26,2024-12-11,1.54,1,17,17,31.95,159.76,Individual,17.0,-6.298323113564848,144.8866854829028,-0.02912522060874545
1011358225494191137,Palermo Soho Serrano,200806632,Leonardo,Palermo,-34.58855390562709,-58.42863500118256,Entire home/apt,31507.0,1,23,2025-01-08,1.68,1,144,20,37.07,185.34,Individual,20.0,-6.298323113564848,144.8866854829028,-0.02931648002725079
826761169751584605,Departamento moderno en el corazón de Palermo Soho,47921644,Alejandro,Palermo,-34.5875427,-58.41829809999999,Entire home/apt,31507.0,2,96,2025-01-28,4.18,2,112,40,37.07,185.34,Individual,20.0,-6.298323113564848,144.8866854829028,-0.02931648002725079
646447457769521682,En el corazón de Palermo!,153226223,Virginia,Palermo,-34.58330032700028,-58.42373628169298,Entire home/apt,31507.0,2,24,2025-01-05,1.62,1,33,20,37.07,185.34,Individual,20.0,-6.298323113564848,144.8866854829028,-0.02931648002725079
849160369494517084,Torre Full amenities - Palermo,505808430,Laura,Palermo,-34.597391580762306,-58.42330326389739,Entire home/apt,40213.0,1,38,2024-08-25,2.39,1,29,26,47.31,236.55,Individual,26.0,-6.298323113564848,144.8866854829028,-0.029698998864261444
703696291133925746,Spacious apartmentPalermo  Soho-6pax-6pers,477134733,Cristina,Palermo,-34.58219,-58.42348,Entire home/apt,54611.0,2,63,2025-01-23,2.22,1,294,36,64.25,321.24,Individual,36.0,-6.298323113564848,144.8866854829028,-0.029727848535748835
22970867,"Loft Clay    :: Las Cañitas,  Belgrano-Palermo",170250209,Juan,Palermo,-34.57303,-58.43136,Entire home/apt,27306.0,4,83,2025-01-08,1.08,1,37,17,32.12,160.62,Individual,17.0,-6.298323113564848,144.8866854829028,-0.029942135553483545
706517488524617764,Departamento luminoso en Palermo Soho,47921644,Alejandro,Palermo,-34.58764869136683,-58.4182122693115,Entire home/apt,27306.0,2,107,2025-01-23,3.79,2,124,34,32.12,160.62,Individual,17.0,-6.298323113564848,144.8866854829028,-0.029942135553483545
29916589,"VivIr Palermo!. Dpto Luminoso, Cómodo y Seguro.",38155483,Ingrid,Palermo,-34.59723,-58.42015,Entire home/apt,34510.0,2,132,2025-01-17,1.76,1,24,22,40.6,203.0,Individual,22.0,-6.298323113564848,144.8866854829028,-0.03000461420950598
577703672361307297,Silence and light Palermo soho room.,439089601,Alejo,Palermo,-34.585750579833984,-58.4284553527832,Private room,25205.0,1,99,2024-12-19,3.11,2,73,31,29.65,148.26,Individual,15.5,-6.298323113564848,144.8866854829028,-0.0302789902267393
1137731843144703407,New studio in Buenos Aires,573012721,Camila,Palermo,-34.5775498,-58.4364245,Entire home/apt,50410.0,2,33,2025-01-28,3.9,1,253,33,59.31,296.53,Individual,33.0,-6.298323113564848,144.8866854829028,-0.030401557882260344
1134031521574300332,Departamento en Buenos Aires,124599428,Paula,Palermo,-34.58253054791338,-58.42731354072068,Entire home/apt,34657.0,1,22,2024-08-25,2.31,1,195,22,40.77,203.86,Individual,22.0,-6.298323113564848,144.8866854829028,-0.030821529154244104
1176845764460120218,"Departamento Palermo 3 Ambientes, Amoblado",223512453,Agustina Sofía,Palermo,-34.580806,-58.42511889999999,Entire home/apt,39100.0,3,25,2025-01-23,3.69,1,70,25,46.0,230.0,Individual,25.0,-6.298323113564848,144.8866854829028,-0.03154138059581524
993639074652765198,Palermo View Conection,540060028,Federico,Palermo,-34.5839059,-58.4256488,Entire home/apt,42009.0,2,50,2025-01-21,3.16,1,247,27,49.42,247.11,Individual,27.0,-6.298323113564848,144.8866854829028,-0.031700922755004635
23958356,Comfortable Palermo - Plaza Italia,180153507,Andrea,Palermo,-34.58335,-58.42421,Entire home/apt,42009.0,3,145,2025-01-11,1.76,1,135,27,49.42,247.11,Individual,27.0,-6.298323113564848,144.8866854829028,-0.031700922755004635
782023685360325731,Modern 2 room Palermo Soho,440071636,Nicolás,Palermo,-34.58365966428825,-58.42336640793456,Entire home/apt,26255.0,4,20,2024-09-09,0.84,1,240,16,30.89,154.44,Individual,16.0,-6.298323113564848,144.8866854829028,-0.032168947847267065
979822731517461702,Brand New in Palermo for 2,110656984,Matias,Palermo,-34.58374087868518,-58.41083343873866,Entire home/apt,27698.0,2,25,2024-11-30,1.52,1,242,17,32.59,162.93,Individual,17.0,-6.298323113564848,144.8866854829028,-0.032200665106583065
1172662983504845466,Condo in Palermo with rooftop pool and security,17945438,Ornella Stefania,Palermo,-34.5856821,-58.4410372,Entire home/apt,34962.0,2,22,2025-01-24,3.17,1,78,22,41.13,205.66,Individual,22.0,-6.298323113564848,144.8866854829028,-0.03255146668427772
26053549,COZY BED  IN PALERMO HOME - Breakfast Included!!,133513536,Mer,Palermo,-34.5785,-58.42896,Private room,43637.0,1,138,2024-11-15,1.73,1,0,28,51.34,256.69,Individual,28.0,-6.298323113564848,144.8866854829028,-0.03278982406045225
1118217004847008283,Excelente Ubicación y  Silencioso en Palermo,388867938,Sebastian,Palermo,-34.58869,-58.42162,Entire home/apt,43637.0,3,28,2024-11-16,2.72,1,0,28,51.34,256.69,Individual,28.0,-6.298323113564848,144.8866854829028,-0.03278982406045225
1135464789175427336,Divino apt en Palermo con piscina,14227500,Flor,Palermo,-34.5806544,-58.4404152,Entire home/apt,30719.0,2,19,2025-01-21,2.24,1,360,19,36.14,180.7,Individual,19.0,-6.298323113564848,144.8866854829028,-0.03298490692939565
583813838605428576,⚡️Hermoso dos ambientes en  Palermo Soho⚡️,8410663,Ronen,Palermo,-34.59181,-58.42953,Entire home/apt,33607.0,2,134,2025-01-03,3.98,2,138,42,39.54,197.69,Individual,21.0,-6.298323113564848,144.8866854829028,-0.03304834144802757
1187603167653354025,Petit Studio Palermo Hollywood,9469833,Florencia,Palermo,-34.57595138710699,-58.435210092082286,Entire home/apt,30761.0,7,19,2025-01-27,2.98,1,19,19,36.19,180.95,Individual,19.0,-6.298323113564848,144.8866854829028,-0.0332251760307892
688617928797701518,Departamento MarioBravo,322772496,Alejandro,Palermo,-34.5947793,-58.41481470000001,Entire home/apt,17854.0,3,29,2025-01-09,1.25,1,274,10,21.0,105.02,Individual,10.0,-6.298323113564848,144.8866854829028,-0.03346831272001134
821584468019314628,Alto Palermo Apartment,499983440,Book House,Palermo,-34.59032,-58.41574,Entire home/apt,25058.0,4,33,2025-01-12,1.41,1,204,15,29.48,147.4,Individual,15.0,-6.298323113564848,144.8866854829028,-0.03353079137603375
924661080268105177,"Perfect apto in Palermo Soho, Gym, Spa & pool",522763556,Horacio,Palermo,-34.5820204,-58.42402370000001,Entire home/apt,45233.0,3,48,2025-01-11,2.57,1,230,29,53.22,266.08,Individual,29.0,-6.298323113564848,144.8866854829028,-0.033686510084785015
1212480126810517750,Luminous modern apartment in Palermo Hollywood,11803120,Layla,Palermo,-34.58369494784119,-58.44213672544112,Entire home/apt,33754.0,2,21,2025-01-19,3.48,1,160,21,39.71,198.55,Individual,21.0,-6.298323113564848,144.8866854829028,-0.03386525639276569
1114771545364378232,Soho Chic,534186330,Trinidad,Palermo,-34.593,-58.42863,Entire home/apt,40958.0,2,26,2025-01-14,2.5,1,266,26,48.19,240.93,Individual,26.0,-6.298323113564848,144.8866854829028,-0.0339277350487881
597124086991931754,Palermo Soho-Bright Studio-2Balconies-24h security,452573282,Alejandro,Palermo,-34.583965,-58.427048,Entire home/apt,45306.0,2,64,2025-01-28,2.04,1,299,29,53.3,266.51,Individual,29.0,-6.298323113564848,144.8866854829028,-0.034070940647014714
899182107478834220,Departamento en la mejor zona de Buenos Aires,134075436,Nicolas,Palermo,-34.58861418714139,-58.41372075251039,Entire home/apt,35256.0,3,46,2025-01-06,2.25,1,165,22,41.48,207.39,Individual,22.0,-6.298323113564848,144.8866854829028,-0.034233350394032636
1152206189661818582,Nuevo piso central y tranquilo,519083668,Sabrina,Palermo,-34.57899579746718,-58.42348349177424,Entire home/apt,22338.0,2,13,2025-01-02,1.65,1,63,13,26.28,131.4,Individual,13.0,-6.298323113564848,144.8866854829028,-0.034428433262976066
1211768854239220264,Palermo Soho con terraza,117691998,Federico,Palermo,-34.591238880231366,-58.4309624539673,Entire home/apt,54013.0,2,35,2025-01-24,6.1,1,307,35,63.54,317.72,Individual,35.0,-6.298323113564848,144.8866854829028,-0.034453459484025395
805176989343526968,"Amplio, confortable y en el corazón de Palermo",4073586,Maria,Palermo,-34.578775469983846,-58.42989330925965,Entire home/apt,36758.0,2,69,2025-01-29,2.84,1,364,23,43.24,216.22,Individual,23.0,-6.298323113564848,144.8866854829028,-0.03455339057502091
1073932604288918447,Luminoso Dpto en Palermo,206528598,Luciana,Palermo,-34.592580847750334,-58.428938840861726,Entire home/apt,36758.0,3,23,2024-12-04,2.47,1,148,23,43.24,216.22,Individual,23.0,-6.298323113564848,144.8866854829028,-0.03455339057502091
1274194361155422700,Departamento en Palermo frente al Jardin Botanico,293249678,Gonzalo,Palermo,-34.58082,-58.42329,Entire home/apt,20931.0,2,12,2025-01-26,4.19,1,351,12,24.62,123.12,Individual,12.0,-6.298323113564848,144.8866854829028,-0.03458893128477494
960013927680094413,Estudio 6,464915828,Federico,Palermo,-34.58861,-58.41221,Entire home/apt,26255.0,2,76,2025-01-23,4.46,3,211,47,30.89,154.44,Profissional,15.666666666666666,-6.298323113564848,144.8866854829028,-0.03488142524328877
29558454,Espectacular mono ambiente en Palermo,222534869,Sebastian,Palermo,-34.58454,-58.41652,Entire home/apt,21004.0,2,26,2024-09-11,0.34,1,97,12,24.71,123.55,Individual,12.0,-6.298323113564848,144.8866854829028,-0.035021415667283354
1012470879878877312,Hermoso 60 metros en Las Cañitas,3345072,Rodrigo,Palermo,-34.57028,-58.4338,Entire home/apt,26781.0,6,22,2025-01-10,1.49,1,198,16,31.51,157.54,Individual,16.0,-6.298323113564848,144.8866854829028,-0.03514828470454723
1009649651321561440,cosy & best located apt in Palermo,7519018,Eva,Palermo,-34.5872141,-58.4213223,Entire home/apt,32557.0,2,23,2025-01-10,1.73,1,344,20,38.3,191.51,Individual,20.0,-6.298323113564848,144.8866854829028,-0.03522709992153236
848661205488237009,Great Deal in Palermo Chico!,8781339,Diego,Palermo,-34.5783976,-58.41214660000001,Entire home/apt,39761.0,4,52,2024-12-20,2.35,1,46,25,46.78,233.89,Individual,25.0,-6.298323113564848,144.8866854829028,-0.0352895785775548
963050853741284079,Amazing duplex in Palermo,8692655,Andrés,Palermo,-34.57848926568039,-58.434547642327885,Entire home/apt,44109.0,2,34,2025-01-01,2.14,1,35,28,51.89,259.46,Individual,28.0,-6.298323113564848,144.8866854829028,-0.03543278417578141
626552561788843952,"Palermo, excelente ubicación, cómodo mono ambiente",463886334,Maria Alejandra,Palermo,-34.57645,-58.42877,Entire home/apt,19681.0,2,122,2025-01-28,4.47,4,74,44,23.15,115.77,Profissional,11.0,-6.298323113564848,144.8866854829028,-0.03566245189186934
712414326117437788,Monoambiente en recoleta,478861284,Julia,Palermo,-34.58803,-58.40947,Entire home/apt,24008.0,3,54,2024-12-04,2.15,1,268,14,28.24,141.22,Individual,14.0,-6.298323113564848,144.8866854829028,-0.035709549849538544
49295329,Dúplex con todo lo que buscas y la mejor ubicación,11850481,Nico,Palermo,-34.5792,-58.43292,Entire home/apt,41295.0,4,101,2025-01-20,2.36,1,145,26,48.58,242.91,Individual,26.0,-6.298323113564848,144.8866854829028,-0.035801834039657865
908590533981046159,"Spacious Apartment in a Luxury Tower, Palermo",169527168,Carlos,Palermo,-34.58863,-58.43854,Entire home/apt,49959.0,3,54,2025-01-26,2.84,1,317,32,58.78,293.88,Individual,32.0,-6.298323113564848,144.8866854829028,-0.0359921375955537
33553723,"Loft Palermo diseño, elegancia y seguridad.",252829613,Maria,Palermo,-34.58559,-58.42173,Entire home/apt,25510.0,1,136,2025-01-21,1.93,1,25,15,30.01,150.06,Individual,15.0,-6.298323113564848,144.8866854829028,-0.036077643850805516
672413893146468368,Monoambiente con pileta para vivir Buenos Aires!,8761593,Virginia,Palermo,-34.58675,-58.44037,Entire home/apt,39908.0,2,49,2025-01-26,1.62,1,2,25,46.95,234.75,Individual,25.0,-6.298323113564848,144.8866854829028,-0.03610649352229292
1225539437944761881,1 Bed/ 1 Bath apartment Palermo,573736781,Leandro,Palermo,-34.5805107,-58.4314477,Entire home/apt,34206.0,2,21,2025-01-06,3.96,1,84,21,40.24,201.21,Individual,21.0,-6.298323113564848,144.8866854829028,-0.03641210886753743
29099982,Palermo cozy. Best location (30sqm),78452306,Diego,Palermo,-34.58791,-58.41822,Entire home/apt,35671.0,3,127,2025-01-24,1.66,1,42,22,41.97,209.83,Individual,22.0,-6.298323113564848,144.8866854829028,-0.036587987587689524
43515040,Excelente ubicación en el centro de Palermo Soho,320952520,Patricia,Palermo,-34.582332611083984,-58.42819595336914,Entire home/apt,29196.0,1,76,2025-01-15,3.21,2,155,35,34.35,171.74,Individual,17.5,-6.298323113564848,144.8866854829028,-0.03658942138160384
955708430330634314,Comfy Apartment in Palermo Hollywood,308151031,Mariano,Palermo,-34.5760998,-58.4321946,Entire home/apt,28503.0,3,24,2024-11-27,1.42,1,352,17,33.53,167.66,Individual,17.0,-6.298323113564848,144.8866854829028,-0.036717724212781994
921756795573080485,Studio Moderno Barrio Cañitas,421168554,Sofia,Palermo,-34.56742,-58.43638,Entire home/apt,35707.0,3,49,2025-01-02,2.54,1,244,22,42.01,210.04,Individual,22.0,-6.298323113564848,144.8866854829028,-0.036780202868804374
803033113510434863,Exclusivo depto en Palermo,261640900,Alfonso,Palermo,-34.57699100000001,-58.43422150000001,Entire home/apt,35707.0,5,44,2025-01-17,1.96,1,60,22,42.01,210.04,Individual,22.0,-6.298323113564848,144.8866854829028,-0.036780202868804374
1202784751876931652,Apartamento Casa Nido en Palermo,590354540,Matías,Palermo,-34.577259938364584,-58.431615624218,Entire home/apt,35707.0,2,22,2025-01-12,4.18,1,68,22,42.01,210.04,Individual,22.0,-6.298323113564848,144.8866854829028,-0.036780202868804374
599867569503970037,Encantador en corazón del SOHO!,180857891,Celestino,Palermo,-34.58568957505594,-58.42547046679534,Entire home/apt,35109.0,1,56,2025-01-10,3.72,2,129,43,41.3,206.52,Individual,21.5,-6.298323113564848,144.8866854829028,-0.037437097723048374
715105850144012637,Studio in Palermo Chico with Independent kitchen,479343787,Veronica,Palermo,-34.5821014,-58.40688599999999,Entire home/apt,31507.0,5,75,2025-01-21,2.81,2,193,38,37.07,185.34,Individual,19.0,-6.298323113564848,144.8866854829028,-0.03745391221531588
2574061,Cozy Studio in Palermo Buenos Aires,13180808,Gaston,Palermo,-34.57852,-58.4297,Entire home/apt,31507.0,3,71,2025-01-17,0.54,1,76,19,37.07,185.34,Individual,19.0,-6.298323113564848,144.8866854829028,-0.03745391221531588
671771608271510884,Chill Balcony Studio with an Amazing Location,142922283,Diego,Palermo,-34.57594,-58.42359,Entire home/apt,21960.0,3,181,2025-01-20,5.87,6,234,74,25.84,129.18,Profissional,12.333333333333334,-6.298323113564848,144.8866854829028,-0.037739019962756123
742554340355535627,Hermoso Loft Palermo con terraza,73538200,Veronica,Palermo,-34.58698,-58.42789,Entire home/apt,25804.0,5,21,2025-01-27,1.41,1,144,15,30.36,151.79,Individual,15.0,-6.298323113564848,144.8866854829028,-0.03775952756056043
1196608995731661674,Estudio en el corazón de Palermo,255470661,Elaine Fabiane,Palermo,-34.57771746622231,-58.42176847647438,Entire home/apt,23409.0,2,40,2025-01-20,6.0,3,228,40,27.54,137.7,Profissional,13.333333333333334,-6.298323113564848,144.8866854829028,-0.03777073722207208
26818561,Charming studio in Palermo,197561329,Caro,Palermo,-34.58165,-58.43349,Entire home/apt,31622.0,1,290,2025-01-12,3.67,4,148,76,37.2,186.01,Profissional,19.0,-6.298323113564848,144.8866854829028,-0.038078611878939156
1173107123020428676,Precioso y Luminoso departamento en Buenos Aires,125182226,Martin,Colegiales,-34.580225300835,-58.45165107976227,Entire home/apt,38858.0,2,24,2025-01-22,3.6,1,166,24,45.72,228.58,Individual,24.0,-25.39338022656716,170.99145541453709,-0.038333305816076385
563780555700899874,Hollywood Apartment,267922329,Paula,Palermo,-34.58135,-58.43112,Entire home/apt,38858.0,3,102,2025-01-29,2.94,2,308,48,45.72,228.58,Individual,24.0,-6.298323113564848,144.8866854829028,-0.038333305816076385
859539640943928667,Lindo departamento en corazón de Palermo Hollywood,65072143,Federico,Palermo,-34.58550759551731,-58.43830215332871,Entire home/apt,50410.0,4,65,2025-01-15,3.08,1,329,32,59.31,296.53,Individual,32.0,-6.298323113564848,144.8866854829028,-0.03853899007032546
1010159248939801274,Hermoso depto en  Palermo Chico!,160225982,Tamara Y Mauri,Palermo,-34.5820001,-58.4091459,Entire home/apt,50410.0,1,39,2024-12-13,2.67,1,29,32,59.31,296.53,Individual,32.0,-6.298323113564848,144.8866854829028,-0.03853899007032546
972652267332549396,"Lindo, práctico y ubicación ideal",49363367,Julia,Palermo,-34.59006700342103,-58.41873597353697,Entire home/apt,25951.0,2,20,2025-01-02,1.27,1,319,15,30.53,152.65,Individual,15.0,-6.298323113564848,144.8866854829028,-0.03857644250529853
14755182,Beautiful apartment in the heart of Palermo,16838010,Victoria,Palermo,-34.57761,-58.42366,Entire home/apt,23105.0,7,48,2025-01-25,0.48,1,327,13,27.18,135.91,Individual,13.0,-6.298323113564848,144.8866854829028,-0.038753277088060145
883913943058693527,Gran depto Palermo / Plaza Italia/ Distrito Arcos,88997319,Guillermo,Palermo,-34.5783822,-58.42783379999999,Entire home/apt,37503.0,2,36,2025-01-15,1.74,1,23,23,44.12,220.61,Individual,23.0,-6.298323113564848,144.8866854829028,-0.038782126759547536
939813947522857481,Mansión Momo,8524774,Sebastian,Palermo,-34.58045,-58.40738,Entire home/apt,28954.0,4,31,2024-12-04,1.77,1,215,17,34.06,170.32,Individual,17.0,-6.298323113564848,144.8866854829028,-0.03926457668755373
38482233,HNP Palermo: encantador 1 amb/studio en Palermo,292202666,Have A Nice Place,Palermo,-34.58099,-58.42272,Entire home/apt,18904.0,2,72,2024-11-26,1.1,1,135,10,22.24,111.2,Individual,10.0,-6.298323113564848,144.8866854829028,-0.03942698643457164
42115151,Apartment with excellent location - Palermo,334043464,Ivana,Palermo,-34.58179,-58.40931,Entire home/apt,27904.0,2,279,2025-01-15,4.66,4,47,65,32.83,164.14,Profissional,16.25,-6.298323113564848,144.8866854829028,-0.03945703093432096
1218136662582641921,Departamento Palermo Hollywood,594786000,Zulema,Palermo,-34.5805457,-58.4401293,Entire home/apt,30456.0,3,18,2025-01-23,3.38,1,211,18,35.83,179.15,Individual,18.0,-6.298323113564848,144.8866854829028,-0.03963267068882065
993582227080110091,"Amplio y luminoso, 1 dormitorio y Piscina. Palermo",540045569,Horacio,Palermo,-34.5971483,-58.4158643,Entire home/apt,30456.0,1,28,2025-01-02,1.83,1,45,18,35.83,179.15,Individual,18.0,-6.298323113564848,144.8866854829028,-0.03963267068882065
1197711932891821131,Piso 13 muy luminoso en Palermo,588811586,Juan Cruz,Palermo,-34.58227161103122,-58.41604027206232,Entire home/apt,26140.0,1,15,2025-01-26,2.36,1,354,15,30.75,153.76,Individual,15.0,-6.298323113564848,144.8866854829028,-0.0396336265514302
1157973165397090477,Palermo Soho in front of the Botanical Garden,302288545,Ezequiel Mariano Andres,Palermo,-34.5814606,-58.42147060000001,Entire home/apt,27610.0,2,16,2025-01-16,2.02,1,240,16,32.48,162.41,Individual,16.0,-6.298323113564848,144.8866854829028,-0.03980950527158228
703799691090202423,Bright studio with two balconies and security,477155438,Rosana,Palermo,-34.58277,-58.42766,Entire home/apt,46357.0,2,57,2025-01-15,2.04,1,344,29,54.54,272.69,Individual,29.0,-6.298323113564848,144.8866854829028,-0.04002961436157504
42732855,"Alvaro's Brutalistic Apartment(Palermo,Polo Arena)",339936803,Alvaro,Palermo,-34.57538,-58.43185,Private room,19051.0,3,60,2025-01-18,1.01,2,73,20,22.41,112.06,Individual,10.0,-6.298323113564848,144.8866854829028,-0.04024390137930976
1178967976644301715,Chic Studio Diseño Palermo Hollywood,27523293,Macarena,Palermo,-34.5788739822535,-58.42943889509377,Entire home/apt,65113.0,2,42,2025-01-17,5.63,1,324,42,76.6,383.02,Individual,42.0,-6.298323113564848,144.8866854829028,-0.04024972345156774
1215748960053965249,Palermo SOHO balcón WIFI 300Mb.,593583786,Sergio Fabian,Palermo,-34.5834931,-58.42776,Entire home/apt,26255.0,3,15,2025-01-21,2.98,1,295,15,30.89,154.44,Individual,15.0,-6.298323113564848,144.8866854829028,-0.04030638003533217
968820809917794278,En Alto Palermo con balcon - Oferta Lanzamiento!,534511553,Mariano,Palermo,-34.5924605,-58.4140196,Entire home/apt,22685.0,1,34,2025-01-25,2.03,2,250,25,26.69,133.44,Individual,12.5,-6.298323113564848,144.8866854829028,-0.0404673559884358
1150097713472710619,Come to enjoy Buenos Aires!,23081516,Luli,Palermo,-34.5876671,-58.41191749999999,Entire home/apt,37808.0,2,23,2025-01-11,2.89,1,241,23,44.48,222.4,Individual,23.0,-6.298323113564848,144.8866854829028,-0.04051206428958118
1114469403173058536,"Palermo brand new one bedroom, with an open view.",91003322,Maria Pia,Palermo,-34.5848803,-58.4417152,Entire home/apt,21267.0,7,23,2025-01-06,3.01,2,38,23,25.02,125.1,Individual,11.5,-6.298323113564848,144.8866854829028,-0.04057980018995598
40677208,Confortable Departamento Palermo.  Excelente wifi,120220970,María José,Palermo,-34.5817,-58.43547,Entire home/apt,28476.0,4,120,2025-01-28,1.96,2,257,33,33.5,167.51,Individual,16.5,-6.298323113564848,144.8866854829028,-0.040642278845978375
1076809613925427263,Great Studio close by Alto Palermo,322173200,Maria Candela,Palermo,-34.5910078,-58.41298310000001,Entire home/apt,24901.0,3,14,2024-12-16,1.16,1,311,14,29.3,146.48,Individual,14.0,-6.298323113564848,144.8866854829028,-0.04080325479908202
1078939880049046872,Hermoso y acogedor Estudio,559052109,Florencia,Palermo,-34.5735392,-58.44033450000001,Entire home/apt,43637.0,1,27,2024-06-16,2.45,1,0,27,51.34,256.69,Individual,27.0,-6.298323113564848,144.8866854829028,-0.04092725624851737
713559783400845284,Estudio en Palermo Soho - luminoso - Plaza Italia,203109589,Alejandro,Palermo,-34.5825538,-58.4217852,Entire home/apt,19650.0,2,86,2025-01-21,3.0,4,224,41,23.12,115.59,Profissional,10.25,-6.298323113564848,144.8866854829028,-0.04162136457208204
49346614,Hermoso y moderno monoambiente en Palermo,22567931,Aure,Palermo,-34.58038,-58.43193,Entire home/apt,27950.0,3,46,2025-01-21,2.04,1,209,16,32.88,164.41,Individual,16.0,-6.298323113564848,144.8866854829028,-0.0417316580827308
795721737708271669,Gran depto en  Palermo Hollywood,264543331,Sandra,Palermo,-34.58418829682279,-58.43256015924681,Entire home/apt,33754.0,2,58,2025-01-01,2.37,1,28,20,39.71,198.55,Individual,20.0,-6.298323113564848,144.8866854829028,-0.04200268858083081
1044470888841215724,Palermo VIVE 204,11246334,Leandro,Palermo,-34.5975189,-58.4218319,Entire home/apt,35256.0,2,24,2025-01-27,1.8,1,333,21,41.48,207.39,Individual,21.0,-6.298323113564848,144.8866854829028,-0.04237078258209773
894211938998727887,Departamento a estrenar en Palermo Soho,514888276,Paola,Palermo,-34.5934742,-58.4298837,Entire home/apt,32410.0,2,30,2025-01-26,1.7,1,363,19,38.13,190.65,Individual,19.0,-6.298323113564848,144.8866854829028,-0.042547617164859386
636068918129370085,Lovely One Bedroom  Apartment - Palermo Holly 7CA,102771145,Ariel,Palermo,-34.583164,-58.443264,Entire home/apt,25226.0,2,85,2024-12-21,2.62,2,161,28,29.68,148.39,Individual,14.0,-6.298323113564848,144.8866854829028,-0.04262929996967309
990900868167824390,Nuevo Depto. De categoría con balcón y parrilla,203799516,Gabriela,Palermo,-34.59539,-58.41546,Entire home/apt,36758.0,5,31,2025-01-02,2.03,1,223,22,43.24,216.22,Individual,22.0,-6.298323113564848,144.8866854829028,-0.042690822763086
1083216059089226289,Ambiente con pileta,476421455,Martina,Palermo,-34.58351733258142,-58.44264404229882,Entire home/apt,23252.0,2,25,2025-01-09,2.25,2,239,25,27.36,136.78,Individual,12.5,-6.298323113564848,144.8866854829028,-0.04368696194710951
671228972937331152,"Jorge Luis Borges, ubicación ideal en Palermo Soho",221711907,Marina,Palermo,-34.583640366070526,-58.42286596322936,Entire home/apt,30456.0,3,64,2025-01-27,2.62,2,320,35,35.83,179.15,Individual,17.5,-6.298323113564848,144.8866854829028,-0.04370138678285321
917399950011007355,¡Quédate en La Mejor Vista de Palermo Soho!,520859300,Héctor Gerardo,Palermo,-34.5858823,-58.42056890000001,Private room,24943.0,3,59,2025-01-27,3.66,3,0,41,29.34,146.72,Profissional,13.666666666666666,-6.298323113564848,144.8866854829028,-0.043707947476218575
1165299001103453281,Departamento en Palermo Hollywood,5516767,Natalia,Palermo,-34.579445,-58.43342819999999,Entire home/apt,27610.0,2,31,2025-01-20,4.13,2,68,31,32.48,162.41,Individual,15.5,-6.298323113564848,144.8866854829028,-0.04387822136561484
907121263749822980,Studio Nuevo en Palermo Soho! Ubicacion perfecta.,2453977,Ignacio,Palermo,-34.58035,-58.42697,Entire home/apt,30603.0,2,66,2025-01-19,3.3,2,349,35,36.0,180.02,Individual,17.5,-6.298323113564848,144.8866854829028,-0.04451830172759133
33238017,"Luminoso monoambiente, en el corazón de Palermo.",142100393,Carolina,Palermo,-34.59115,-58.41728,Entire home/apt,31811.0,3,247,2025-01-26,3.49,3,124,55,37.42,187.12,Profissional,18.333333333333332,-6.298323113564848,144.8866854829028,-0.04456075071711424
885632075462510847,Lindísimo depto en Palermo,513484784,Cecilia,Palermo,-34.57999602444937,-58.41108043393062,Entire home/apt,38553.0,2,26,2025-01-01,1.24,1,358,23,45.36,226.78,Individual,23.0,-6.298323113564848,144.8866854829028,-0.04474080047410786
847984196384017564,Moderno & Luminoso Palermo Buenos Aires,49999345,Lorena,Palermo,-34.57854,-58.43368,Entire home/apt,35707.0,4,49,2025-01-21,2.24,1,315,21,42.01,210.04,Individual,21.0,-6.298323113564848,144.8866854829028,-0.044917635056869465
990057169177898777,Excelente apartamento!,255470661,Elaine Fabiane,Palermo,-34.591092453983144,-58.41630723281126,Entire home/apt,24754.0,2,45,2025-01-27,3.04,3,198,40,29.12,145.61,Profissional,13.333333333333334,-6.298323113564848,144.8866854829028,-0.045363240826108625
14103360,"Feel at home, in the heart of Palermo Soho.",20955385,Pato,Palermo,-34.58888,-58.42798,Entire home/apt,63160.0,3,262,2025-01-21,2.57,1,26,40,74.31,371.53,Individual,40.0,-6.298323113564848,144.8866854829028,-0.045520262983872906
29515424,Flat in Bueno Aires,217769950,Agustina,Palermo,-34.56812,-58.43231,Entire home/apt,31507.0,4,61,2024-12-14,1.98,1,59,18,37.07,185.34,Individual,18.0,-6.298323113564848,144.8866854829028,-0.04559134440338097
1045105232031290611,Palermo luminoso hermosa vista,4796030,Jimena,Palermo,-34.5847404,-58.4417039,Entire home/apt,31507.0,3,22,2025-01-12,1.67,1,180,18,37.07,185.34,Individual,18.0,-6.298323113564848,144.8866854829028,-0.04559134440338097
837201885288465343,Departamento Monoambiente en Palermo Hollywood,16832590,Ana,Palermo,-34.58035976861008,-58.43388078362754,Entire home/apt,33008.0,1,55,2025-01-24,2.37,1,231,19,38.83,194.16,Individual,19.0,-6.298323113564848,144.8866854829028,-0.04591138458436922
40010315,"Luminoso PH cerca de Plaza Serrano, Palermo Soho",308556593,Mabel,Palermo,-34.58666,-58.43017,Entire home/apt,54611.0,1,294,2025-01-26,4.64,1,46,34,64.25,321.24,Individual,34.0,-6.298323113564848,144.8866854829028,-0.04600271291187907
999132912363766949,La Mejor Opcion en la Rural y Embajada de USA.,204327957,Mariana,Palermo,-34.57707636772082,-58.42215880751609,Entire home/apt,27306.0,2,20,2024-10-13,1.32,1,334,15,32.12,160.62,Individual,15.0,-6.298323113564848,144.8866854829028,-0.04621699992961374
44999412,"Palermo Soho 2 BDR Apt/ 5guest, pool, freeparking.",339354083,Roberto,Palermo,-34.584904,-58.422737,Entire home/apt,87767.0,2,156,2025-01-26,3.89,1,279,57,103.26,516.28,Individual,57.0,-6.298323113564848,144.8866854829028,-0.04629972549363792
988566276415275404,New Studio in Palermo Hollywood!,519444531,Matias,Palermo,-34.5798554,-58.43374199999999,Entire home/apt,21939.0,2,61,2025-01-25,3.84,4,218,45,25.81,129.05,Profissional,11.25,-6.298323113564848,144.8866854829028,-0.046410410038990504
597805932806796112,Hermoso loft en el corazón de Palermo Soho,57747682,Agustina,Palermo,-34.58348,-58.42604,Entire home/apt,36758.0,3,137,2025-01-17,4.0,2,176,43,43.24,216.22,Individual,21.5,-6.298323113564848,144.8866854829028,-0.04675953885711856
14790676,Depto Luminoso Palermo - Oro y Charcas,1434365,Natalia,Palermo,-34.58176,-58.42687,Entire home/apt,23105.0,2,56,2025-01-26,1.52,1,307,12,27.18,135.91,Individual,12.0,-6.298323113564848,144.8866854829028,-0.046890709276125236
876133500707416069,Monoambiente Hermoso y tranquilo en Palermo Soho,23770067,Johanna,Palermo,-34.5917862,-58.42607079999999,Entire home/apt,23178.0,1,85,2025-01-24,3.98,4,348,48,27.27,136.34,Profissional,12.0,-6.298323113564848,144.8866854829028,-0.04732319365863366
42172406,Departamento con piscina y gimnasio | Palermo Soho,334535874,Ernesto,Palermo,-34.58066,-58.42641,Entire home/apt,57762.0,3,43,2025-01-27,2.75,1,134,36,67.96,339.78,Individual,36.0,-6.298323113564848,144.8866854829028,-0.047555815859151
52992653,Loft with Terrace and Grill! Palermo Hollywood.,69668055,Laura Soledad,Palermo,-34.57792,-58.42771,Entire home/apt,50610.0,1,161,2025-01-23,5.09,2,166,62,59.54,297.71,Individual,31.0,-6.298323113564848,144.8866854829028,-0.04778166012480095
29762223,Apartamento en torre premium con amenities Madero,111248570,Paula,Puerto Madero,-34.61511,-58.36102,Entire home/apt,62152.0,1,102,2025-01-04,1.36,1,348,39,73.12,365.6,Individual,39.0,49.42092904885493,223.15875845114505,-0.04793929055877119
1081220550182426943,Palermo Colegiales: Balcon Parrilla Diseño Calidad,164950419,Andres,Colegiales,-34.5749723,-58.4494194,Entire home/apt,32651.0,2,37,2025-01-11,4.55,2,249,37,38.41,192.06,Individual,18.5,-25.39338022656716,170.99145541453709,-0.04796184022669586
7428322,"Historical Building in Palermo, Bright and Silent",16849987,Andrea,Palermo,-34.58166,-58.41596,Private room,42009.0,1,260,2025-01-23,2.59,1,158,25,49.42,247.11,Individual,25.0,-6.298323113564848,144.8866854829028,-0.04797578713113482
26920621,Departamento completo en Palermo,54495787,Pablo,Palermo,-34.59535134271916,-58.41562025249005,Entire home/apt,42009.0,4,85,2025-01-05,3.12,1,255,25,49.42,247.11,Individual,25.0,-6.298323113564848,144.8866854829028,-0.04797578713113482
946190089519177139,Schöne Design-Abteilung,159251417,Yamila,Palermo,-34.57990197618701,-58.43434498729981,Entire home/apt,42754.0,2,68,2025-01-18,4.29,2,346,51,50.3,251.49,Individual,25.5,-6.298323113564848,144.8866854829028,-0.04813580722162891
1086446562009696722,Studio con jardín en Palermo,5334871,Jorge,Palermo,-34.58969858646078,-58.43461849136557,Entire home/apt,40643.0,2,24,2024-12-09,2.59,1,305,24,47.82,239.08,Individual,24.0,-6.298323113564848,144.8866854829028,-0.04842460807460594
999382948433948921,Hermoso depto. Ubicación única.,427194013,Emanuel Luis,Palermo,-34.59003,-58.43373,Entire home/apt,26255.0,4,23,2025-01-05,1.46,1,260,14,30.89,154.44,Individual,14.0,-6.298323113564848,144.8866854829028,-0.04844381222339726
734282060800803085,Departamento con excelente ubicación en Palermo,477285073,Maitena,Palermo,-34.58322027726064,-58.42151574790478,Entire home/apt,46514.0,1,76,2025-01-07,2.79,1,152,28,54.72,273.61,Individual,28.0,-6.298323113564848,144.8866854829028,-0.049032015314656924
563732564111124505,Hollywood Studio,267922329,Paula,Palermo,-34.57922,-58.43264,Entire home/apt,47260.0,3,139,2025-01-27,3.97,2,337,57,55.6,278.0,Individual,28.5,-6.298323113564848,144.8866854829028,-0.049192035405151074
734097519875125291,Palermo studio w/ rooftop pool on Cordoba Ave (ll),4445385,Sebastian,Palermo,-34.58698813464146,-58.44045863383759,Entire home/apt,21603.0,2,80,2025-01-03,2.87,3,77,32,25.42,127.08,Profissional,10.666666666666666,-6.298323113564848,144.8866854829028,-0.049283146491158725
1020917114348676784,Excelente y moderno departamento,542305400,Maria,Colegiales,-34.58229,-58.44644,Entire home/apt,33607.0,1,28,2024-09-24,1.93,1,26,19,39.54,197.69,Individual,19.0,-25.39338022656716,170.99145541453709,-0.04932320582415778
955063548900976078,Hermoso departamento en Palermo.,73218349,Manuela,Palermo,-34.5713643,-58.4298535,Entire home/apt,33607.0,2,34,2025-01-20,2.04,1,150,19,39.54,197.69,Individual,19.0,-6.298323113564848,144.8866854829028,-0.04932320582415778
1022724722546911329,Charming Palermo,487057683,Martin,Palermo,-34.58945,-58.41082,Entire home/apt,30026.0,2,35,2025-01-19,2.51,2,183,33,35.32,176.62,Individual,16.5,-6.298323113564848,144.8866854829028,-0.049388074136703985
17978165,Quiet room in house at best location in Palermo,123061813,Vanda,Palermo,-34.5881,-58.42344,Private room,19954.0,3,116,2025-01-02,1.22,2,68,19,23.48,117.38,Individual,9.5,-6.298323113564848,144.8866854829028,-0.04945437624316451
771618054146443997,Exclusivo y Luminoso Apt en Palermo Hollywood,67451405,Ignacio,Palermo,-34.5881959,-58.4387735,Entire home/apt,45159.0,2,27,2024-12-29,2.38,1,96,27,53.13,265.64,Individual,27.0,-6.298323113564848,144.8866854829028,-0.049528890078406856
926038133996103070,Monoambiente en pleno Palermo.,81543822,Celeste,Palermo,-34.58109524175078,-58.44076393694282,Entire home/apt,25205.0,7,19,2024-12-07,1.1,1,198,13,29.65,148.26,Individual,13.0,-6.298323113564848,144.8866854829028,-0.05062257069690204
1217348042732623558,"Nuevo Monoambiente, Palermo Soho",43689385,Paula,Palermo,-34.5891452,-58.43354780000001,Entire home/apt,32410.0,1,18,2025-01-17,3.25,1,342,18,38.13,190.65,Individual,18.0,-6.298323113564848,144.8866854829028,-0.05068504935292448
53590744,Palermo Hollywood modern studio with pool,167223238,Josefina,Palermo,-34.57831,-58.42943,Entire home/apt,54013.0,2,96,2025-01-13,2.51,1,256,33,63.54,317.72,Individual,33.0,-6.298323113564848,144.8866854829028,-0.05072832386015558
42561756,Apartamento moderno y chic en Cañitas con jacuzzi,101401070,Euge,Palermo,-34.56725,-58.43632,Entire home/apt,30981.0,1,102,2024-12-21,2.53,1,235,17,36.45,182.24,Individual,17.0,-6.298323113564848,144.8866854829028,-0.05074943973416596
1065257204646504409,Depto 2 amb. Palermo Exc. Ubic,24771654,Natalia,Palermo,-34.58925702022384,-58.41582673877177,Entire home/apt,36758.0,7,21,2025-01-12,1.75,1,98,21,43.24,216.22,Individual,21.0,-6.298323113564848,144.8866854829028,-0.05082825495115109
39004660,PALERMO HOLLYWOOD Soler Lovely studio,48151216,Maria De Los Reyes,Palermo,-34.57867,-58.43393,Entire home/apt,33912.0,1,189,2025-01-19,2.91,2,170,38,39.9,199.48,Individual,19.0,-6.298323113564848,144.8866854829028,-0.05105314335419142
39394997,Amplio y confortable loft en Palermo,24634778,Nicolas,Palermo,-34.59414,-58.42798,Entire home/apt,38259.0,3,98,2025-01-26,1.6,1,231,22,45.01,225.05,Individual,22.0,-6.298323113564848,144.8866854829028,-0.051196348952418036
31536657,Cómodo luminoso tranquilo apartamento en Palermo,221035700,Facundo,Palermo,-34.57411,-58.44,Entire home/apt,25804.0,2,218,2025-01-25,2.98,3,229,40,30.36,151.79,Profissional,13.333333333333334,-6.298323113564848,144.8866854829028,-0.05132191454066892
30203397,New & Luminous Apartment in the heart of Palermo,226863610,Juan,Palermo,-34.58487,-58.41163,Entire home/apt,39761.0,2,91,2025-01-11,1.23,1,168,23,46.78,233.89,Individual,23.0,-6.298323113564848,144.8866854829028,-0.05156444295368501
578249427156463038,Habitación con el mejor atardecer en Palermo Soho,33661955,Enrique,Palermo,-34.58363,-58.42967,Private room,21151.0,2,131,2025-01-21,3.77,5,362,50,24.88,124.42,Profissional,10.0,-6.298323113564848,144.8866854829028,-0.05211319498815166
1022447194241346121,Bright & Stylish Studio in Palermo,546021175,Juan Ignacio,Palermo,-34.5846848,-58.4426104,Entire home/apt,35560.0,2,25,2024-12-31,1.71,1,268,20,41.84,209.18,Individual,20.0,-6.298323113564848,144.8866854829028,-0.052238152300196516
16676145,Departamento en Palermo con vista espectacular!!,13139232,Carmen,Palermo,-34.58128,-58.41525,Entire home/apt,44256.0,4,188,2024-12-23,1.97,1,78,26,52.07,260.33,Individual,26.0,-6.298323113564848,144.8866854829028,-0.052572617316928416
1346368,Studio Loft in Palermo Soho #2,400828,Jony,Palermo,-34.58901,-58.42024,Entire home/apt,22202.0,1,371,2025-01-21,2.66,3,335,32,26.12,130.6,Profissional,10.666666666666666,-6.298323113564848,144.8866854829028,-0.05264691391066857
1038440787431976798,Loft en Palermo,25318938,Damian,Palermo,-34.57814,-58.42531,Entire home/apt,23409.0,3,27,2025-01-05,2.03,2,245,23,27.54,137.7,Individual,11.5,-6.298323113564848,144.8866854829028,-0.05268936290019144
1147972421086284115,Modern Studio in Palermo - Great Location!,546471628,Ana Maria,Palermo,-34.59641209999999,-58.4236345,Entire home/apt,24155.0,3,12,2024-10-10,1.4,1,194,12,28.42,142.09,Individual,12.0,-6.298323113564848,144.8866854829028,-0.05284938299068556
947288756705438331,Nuevo Depto. en Palermo Soho. Parrilla y Piscina,202727969,Victoria,Palermo,-34.5925,-58.42379,Entire home/apt,38553.0,1,101,2025-01-26,5.64,3,157,66,45.36,226.78,Profissional,22.0,-6.298323113564848,144.8866854829028,-0.05287823266217295
396509,Suite at Faena Hotel Puerto Madero,1443812,Luciana,Puerto Madero,-34.61254,-58.36241,Entire home/apt,103373.0,1,225,2025-01-26,1.85,1,343,67,121.62,608.08,Individual,67.0,49.42092904885493,223.15875845114505,-0.05315221764470246
1052873021691783061,Excelente alojamiento en Palermo,528072757,Yami,Palermo,-34.58761,-58.42484,Entire home/apt,41557.0,1,48,2025-01-27,4.4,2,262,48,48.89,244.45,Individual,24.0,-6.298323113564848,144.8866854829028,-0.05356636684442814
32105795,Beautiful loft in Palermo Hollywood.,16241394,Martina,Palermo,-34.58221,-58.43269,Entire home/apt,31507.0,3,123,2024-12-17,1.73,2,62,34,37.07,185.34,Individual,17.0,-6.298323113564848,144.8866854829028,-0.05372877659144609
890526349961664942,Homestyle Apartment in Palermo,487276187,Laura,Palermo,-34.5835881,-58.42176060000001,Entire home/apt,31507.0,2,29,2025-01-20,1.4,1,365,17,37.07,185.34,Individual,17.0,-6.298323113564848,144.8866854829028,-0.05372877659144609
1134257005986866923,Cálido y moderno departamento en Palermo Soho.,8237685,Maria Soledad,Palermo,-34.59164439400003,-58.42570133507252,Entire home/apt,43059.0,2,25,2024-09-22,2.66,1,0,25,50.66,253.29,Individual,25.0,-6.298323113564848,144.8866854829028,-0.05393446084569509
568766506725489326,Hermoso departamento en el corazón de Palermo,446510657,Nelida,Palermo,-34.58861541748047,-58.42007827758789,Entire home/apt,30152.0,2,100,2024-12-18,3.13,1,307,16,35.47,177.36,Individual,16.0,-6.298323113564848,144.8866854829028,-0.05417759753491724
1071086412291141173,"Departamento de luz, en excelente zona de Palermo",486132555,Marina,Palermo,-34.58629,-58.41573,Entire home/apt,27306.0,7,14,2024-12-30,1.59,1,239,14,32.12,160.62,Individual,14.0,-6.298323113564848,144.8866854829028,-0.05435443211767883
673370269774201355,estudio en Palermo C sanatorio los arcos a 100m,59785884,Sandra,Palermo,-34.581058077021936,-58.43073047697544,Entire home/apt,27001.0,1,143,2025-01-19,4.69,4,153,55,31.77,158.83,Profissional,13.75,-6.298323113564848,144.8866854829028,-0.054706906454940224
813846239848073140,Apt Palermo dos camas indiv precio vista increíble,498271491,Germán,Palermo,-34.5844967,-58.4248486,Entire home/apt,21603.0,1,30,2025-01-19,1.29,1,69,10,25.42,127.08,Individual,10.0,-6.298323113564848,144.8866854829028,-0.054708101283202124
637617920955044804,Luminoso depto. Boulevard Olleros,9614586,Virginia,Palermo,-34.56432342529297,-58.43693161010742,Entire home/apt,27380.0,10,103,2024-06-16,3.43,1,166,14,32.21,161.06,Individual,14.0,-6.298323113564848,144.8866854829028,-0.054786916500187285
918042536839590205,Nuevo con balcón Palermo / Edificio con jacuzzi,507352917,Javier,Palermo,-34.58169847918968,-58.432257657278846,Entire home/apt,37457.0,1,70,2025-01-23,3.63,2,330,42,44.07,220.34,Individual,21.0,-6.298323113564848,144.8866854829028,-0.0548167220342842
873420105391481032,Amplio y luminoso departamento en Palermo,510872574,Tomas Valentin,Palermo,-34.5935021,-58.4252411,Entire home/apt,64966.0,3,77,2025-01-21,3.6,1,110,40,76.43,382.15,Individual,40.0,-6.298323113564848,144.8866854829028,-0.05570767288295997
1113002735769714482,La Cabrera in the best area of ​​Palermo Hollywood,567205829,Ana Isabel Violeta,Palermo,-34.586554,-58.4367447,Entire home/apt,33302.0,2,18,2024-09-02,1.71,1,0,18,39.18,195.89,Individual,18.0,-6.298323113564848,144.8866854829028,-0.05573070048218923
888827,Palermo Soho Cerca de la famosa parrilla Don Julio,4713879,Esteban,Palermo,-34.58574,-58.42373,Entire home/apt,40507.0,2,60,2025-01-11,0.97,1,67,23,47.66,238.28,Individual,23.0,-6.298323113564848,144.8866854829028,-0.05579317913821166
1071167365801640476,Aire libre en Palermo Soho,9854014,PabLin,Palermo,-34.5847725212397,-58.42634816466966,Entire home/apt,26255.0,28,26,2024-10-14,2.21,2,211,26,30.89,154.44,Individual,13.0,-6.298323113564848,144.8866854829028,-0.05658124441146237
1046015627553590149,Viví el barrio más tranquilo.,298173806,Carlos,Palermo,-34.578275,-58.41407,Entire home/apt,26255.0,2,42,2025-01-10,3.1,3,24,39,30.89,154.44,Profissional,13.0,-6.298323113564848,144.8866854829028,-0.05658124441146237
1207394935754913465,Palermo Chico. Great Pool. 1-2 months discount.,591727964,Sylvia,Palermo,-34.5772,-58.40564,Entire home/apt,26255.0,4,13,2025-01-23,2.19,1,307,13,30.89,154.44,Individual,13.0,-6.298323113564848,144.8866854829028,-0.05658124441146237
754328245711842660,Confortable departamento en el corazón de Palermo,486607994,Pablo,Palermo,-34.5762869,-58.43522369999999,Entire home/apt,43637.0,6,41,2024-12-24,1.73,1,7,25,51.34,256.69,Individual,25.0,-6.298323113564848,144.8866854829028,-0.05720212062464755
792941639543021677,Cozy studio in best Palermo area,369260119,Diana,Palermo,-34.5856762,-58.4234852,Entire home/apt,45159.0,2,53,2025-01-09,2.11,1,346,26,53.13,265.64,Individual,26.0,-6.298323113564848,144.8866854829028,-0.05766632226647195
1029241212255279096,"Palermo Apartment: Pool, Terrace, and Unique View",56408118,Martu,Palermo,-34.5959855,-58.4247148,Entire home/apt,29406.0,3,54,2025-01-02,3.76,3,171,45,34.6,172.98,Profissional,15.0,-6.298323113564848,144.8866854829028,-0.05813434735873439
1090515945683263871,Disfrutá cómodo y moderno 2 ambientes en Palermo.,561852740,Felix,Palermo,-34.58754391352073,-58.41386743105367,Entire home/apt,29406.0,2,15,2025-01-02,1.36,1,209,15,34.6,172.98,Individual,15.0,-6.298323113564848,144.8866854829028,-0.05813434735873439
1129634308515286784,Departamento en Palermo,510501028,Mónica,Palermo,-34.5827446,-58.4247148,Entire home/apt,29417.0,4,30,2025-01-22,3.08,2,78,30,34.61,173.04,Individual,15.0,-6.298323113564848,144.8866854829028,-0.05818240117901309
668174895187004205,Studio frente al Solar Shopping Mall-Palermo,468746483,María Verónica,Palermo,-34.5675982,-58.4361298,Entire home/apt,26560.0,4,76,2025-01-24,2.47,2,294,26,31.25,156.24,Individual,13.0,-6.298323113564848,144.8866854829028,-0.05831118194149601
818406940178500394,Cozy and well located apartment in Las Cañitas!,191448052,Maria,Palermo,-34.56891,-58.4367428,Entire home/apt,40958.0,1,45,2025-01-12,2.03,1,29,23,48.19,240.93,Individual,23.0,-6.298323113564848,144.8866854829028,-0.0583400316129834
644990907563083255,Dos ambientes en Palermo Soho con cochera,7137116,Marcos,Palermo,-34.59336,-58.42832,Entire home/apt,52511.0,2,103,2024-12-30,3.21,1,57,31,61.78,308.89,Individual,31.0,-6.298323113564848,144.8866854829028,-0.05854571586723245
46411431,Precioso Departamento en Colegiales,123001319,Sergio,Colegiales,-34.57361,-58.44931,Entire home/apt,25205.0,3,54,2024-12-29,1.29,1,130,12,29.65,148.26,Individual,12.0,-25.39338022656716,170.99145541453709,-0.05876000288496713
898626980383786982,Cálido y Moderno Estudio en Las Cañitas_Palermo,516386792,Maria Soledad,Palermo,-34.5701614,-58.4348812,Entire home/apt,36758.0,3,35,2025-01-04,1.75,1,23,20,43.24,216.22,Individual,20.0,-6.298323113564848,144.8866854829028,-0.05896568713921621
27609416,Apartamento en el corazón de Palermo Hollywood,93463230,Andres,Palermo,-34.57976772149753,-58.44063848368753,Entire home/apt,36758.0,6,119,2024-11-10,1.52,1,335,20,43.24,216.22,Individual,20.0,-6.298323113564848,144.8866854829028,-0.05896568713921621
991918235790555243,Cuarto pequeño para pasar la noche,539672284,Maria Florencia,Palermo,-34.5780602,-58.4111677,Private room,23105.0,1,27,2025-01-18,1.67,2,240,21,27.18,135.91,Individual,10.5,-6.298323113564848,144.8866854829028,-0.05909685755822289
682778002096805683,En Palermo con piscina!,67324426,Mariana,Palermo,-34.57659,-58.4366,Entire home/apt,30309.0,2,73,2024-12-30,2.41,2,75,31,35.66,178.29,Individual,15.5,-6.298323113564848,144.8866854829028,-0.05915933621424532
1029221377925856724,"Palermo Apartment with a view, pool, and terrace",56408118,Martu,Palermo,-34.5959855,-58.4247148,Entire home/apt,29259.0,3,53,2025-01-27,3.68,3,172,44,34.42,172.11,Profissional,14.666666666666666,-6.298323113564848,144.8866854829028,-0.05998185598973928
10995835,Casa Flora en Palermo - Habitación y baño privado.,57055909,Flor,Palermo,-34.5832,-58.43449,Private room,27621.0,1,125,2024-12-23,1.26,2,10,27,32.5,162.48,Individual,13.5,-6.298323113564848,144.8866854829028,-0.06024919338230249
39499036,Palermo Bright Gem,44914380,Silvia,Palermo,-34.58086,-58.42775,Entire home/apt,28356.0,1,92,2025-01-27,1.44,2,330,28,33.36,166.8,Individual,14.0,-6.298323113564848,144.8866854829028,-0.06031310583223916
1245592447744644184,Trendy Studio in Palermo Hollywood near subway,19802677,Matias,Palermo,-34.576047,-58.4351176,Entire home/apt,25510.0,3,12,2025-01-23,2.77,1,363,12,30.01,150.06,Individual,12.0,-6.298323113564848,144.8866854829028,-0.060489940415000804
42168736,Comfortable studio in Palermo,334685635,Laura,Palermo,-34.59234,-58.42646,Entire home/apt,39908.0,2,181,2025-01-19,3.36,2,46,44,46.95,234.75,Individual,22.0,-6.298323113564848,144.8866854829028,-0.06051879008648822
911631324760832948,Cozy Studio in Palermo Hollywood!,519444531,Matias,Palermo,-34.5798554,-58.43374199999999,Entire home/apt,21939.0,2,59,2024-12-20,3.02,4,322,38,25.81,129.05,Profissional,9.5,-6.298323113564848,144.8866854829028,-0.060650916368104435
1218286738827489525,"A estrenar en Palermo, Céntrico",489435312,Pierre,Palermo,-34.5829,-58.44281,Entire home/apt,23409.0,1,21,2025-01-20,4.17,2,169,21,27.54,137.7,Individual,10.5,-6.298323113564848,144.8866854829028,-0.06082679508825653
917295180560806408,Departamento en Palermo,25318938,Damian,Palermo,-34.572413448347895,-58.43027605472597,Entire home/apt,24155.0,3,31,2024-12-31,2.16,2,249,22,28.42,142.09,Individual,11.0,-6.298323113564848,144.8866854829028,-0.06098681517875067
764682866696172243,Excelente departamento en Belgrano,25066211,Raquel,Colegiales,-34.567078612225885,-58.45368102728634,Entire home/apt,47260.0,2,58,2025-01-12,2.21,1,21,27,55.6,278.0,Individual,27.0,-25.39338022656716,170.99145541453709,-0.061398183687248725
961726677920208033,Stylish Flat in Palermo Hollywood,17542739,Sacha,Palermo,-34.579979927813,-58.43458586968006,Entire home/apt,47260.0,2,34,2025-01-10,2.26,1,322,27,55.6,278.0,Individual,27.0,-6.298323113564848,144.8866854829028,-0.061398183687248725
1212512962779679753,Palermo Hollywood - Confortable Studio NUEVO,18799652,Agustin Ezequiel,Palermo,-34.5818,-58.43408,Entire home/apt,30005.0,10,15,2025-01-15,3.33,1,151,15,35.3,176.5,Individual,15.0,-6.298323113564848,144.8866854829028,-0.061498114778244226
1229193133275943039,Departamento en Palermo,111940861,Leandro,Palermo,-34.58719256028995,-58.41920636594296,Entire home/apt,31507.0,5,16,2025-01-16,3.31,1,339,16,37.07,185.34,Individual,16.0,-6.298323113564848,144.8866854829028,-0.061866208779511184
1236801448235194177,Cambacua Hipódromo,21411912,Alejandra,Palermo,-34.5698067070433,-58.43092526931154,Entire home/apt,31507.0,1,16,2025-01-12,3.69,1,317,16,37.07,185.34,Individual,16.0,-6.298323113564848,144.8866854829028,-0.061866208779511184
947313909830976095,Monoambiente en Buenos Aires,523762868,Regina,Palermo,-34.58142910000001,-58.4266614,Entire home/apt,31507.0,1,32,2024-12-15,1.8,1,178,16,37.07,185.34,Individual,16.0,-6.298323113564848,144.8866854829028,-0.061866208779511184
700820500720223293,Hermoso Departamento en Palermo. Gran ubicación.,259805173,Ricardo Gabriel,Palermo,-34.5834931,-58.42776,Entire home/apt,31507.0,3,81,2025-01-26,2.76,2,304,32,37.07,185.34,Individual,16.0,-6.298323113564848,144.8866854829028,-0.061866208779511184
21243163,Hermoso departamento en Palermo Hollywood,102473259,Andrea,Palermo,-34.58368,-58.44133,Entire home/apt,30152.0,2,184,2024-12-29,2.07,1,178,15,35.47,177.36,Individual,15.0,-6.298323113564848,144.8866854829028,-0.06231502972298235
33192639,Studio apartament in Palermo Soho,50551152,Estela,Palermo,-34.58685,-58.42373,Entire home/apt,40958.0,2,144,2025-01-21,2.12,2,309,45,48.19,240.93,Individual,22.5,-6.298323113564848,144.8866854829028,-0.06240874770701593
912388515086085459,Palermo Soho Botanico Apartment,512355345,Monica Sandra,Palermo,-34.5850626,-58.41919119999999,Entire home/apt,34510.0,2,34,2025-01-07,1.73,1,265,18,40.6,203.0,Individual,18.0,-6.298323113564848,144.8866854829028,-0.06255434296176637
921891231479118752,Dpto en Palermo,489317105,Magali,Palermo,-34.5855161,-58.4430685,Entire home/apt,28051.0,3,75,2024-10-31,3.89,2,232,27,33.0,165.01,Individual,13.5,-6.298323113564848,144.8866854829028,-0.0626518843962381
29541001,Beautiful and Versatile Studio in Palermo,197561329,Caro,Palermo,-34.58187,-58.43318,Entire home/apt,31706.0,1,246,2025-01-13,3.28,4,155,64,37.3,186.51,Profissional,16.0,-6.298323113564848,144.8866854829028,-0.06297144664592155
1223408566735188421,Espacioso Apartamento en Palermo,496191277,Florencia,Palermo,-34.575133653957415,-58.4060343978412,Entire home/apt,36758.0,1,39,2025-01-20,7.05,2,238,39,43.24,216.22,Individual,19.5,-6.298323113564848,144.8866854829028,-0.06303440323324874
1218228800661990320,Borges,448286195,Stefano,Palermo,-34.58634327532878,-58.427523959627976,Entire home/apt,34657.0,2,18,2025-01-16,4.19,1,362,18,40.77,203.86,Individual,18.0,-6.298323113564848,144.8866854829028,-0.0633712579065045
52590777,"Palermo soho, encantador, gym terraza y jacuzzi",54091987,Sol,Palermo,-34.58305,-58.42871,Entire home/apt,39005.0,3,84,2025-01-13,2.09,1,149,21,45.89,229.44,Individual,21.0,-6.298323113564848,144.8866854829028,-0.06356251732500981
960160791941942051,(HUE) Espectacular dúplex con piscina para 4,517223175,Tomas,Palermo,-34.57184,-58.43311,Entire home/apt,50536.0,3,39,2025-01-28,2.36,1,234,29,59.45,297.27,Individual,29.0,-6.298323113564848,144.8866854829028,-0.06362404011842271
1180630115883636079,alquiler temporario depto. 2 amb,583896902,Monica,Palermo,-34.56571265916522,-58.44009102111342,Entire home/apt,33302.0,2,17,2024-12-29,2.54,1,29,17,39.18,195.89,Individual,17.0,-6.298323113564848,144.8866854829028,-0.06386813267025435
1063686782239085956,Palermo Apart Botánico ll,555032192,Luciana,Palermo,-34.5832041,-58.4192004,Private room,31507.0,1,65,2025-01-19,5.1,4,174,63,37.07,185.34,Profissional,15.75,-6.298323113564848,144.8866854829028,-0.06390056682652745
996284684255733387,Palermo Nuevo Oasis Urbano,245882916,Nicolás,Colegiales,-34.578697,-58.44026389999999,Entire home/apt,30456.0,1,23,2024-10-20,1.54,1,147,15,35.83,179.15,Individual,15.0,-25.39338022656716,170.99145541453709,-0.06404496725301596
1174817423365755753,"Excelente Departamento en Buenos Aires, Colegiales",340433057,Pablo,Colegiales,-34.5701549,-58.4472073,Entire home/apt,42009.0,3,23,2025-01-19,3.01,1,174,23,49.42,247.11,Individual,23.0,-25.39338022656716,170.99145541453709,-0.06425065150726503
1193552447561755246,Palermo SOHO Departamento C/Balcon,488886188,Federico,Palermo,-34.586764199999976,-58.42331119629518,Entire home/apt,24302.0,1,32,2025-01-20,5.05,3,2,32,28.59,142.95,Profissional,10.666666666666666,-6.298323113564848,144.8866854829028,-0.06451620751951047
24285097,Moderno estudio en el corazón de Palermo Hollywood,869356,Natalia,Colegiales,-34.58027,-58.44261,Entire home/apt,26255.0,2,77,2025-01-11,0.94,1,74,12,30.89,154.44,Individual,12.0,-25.39338022656716,170.99145541453709,-0.06471867659952746
38367153,"Cómodo Mono ambiente en Palermo, 2 o 3 huéspedes.",250255716,Carlos,Palermo,-34.57874,-58.42742,Entire home/apt,29144.0,2,75,2025-01-22,2.71,2,255,28,34.29,171.44,Individual,14.0,-6.298323113564848,144.8866854829028,-0.06478211111815939
1272110698372201491,Cozy Studio in Belgrano,38406379,Micaela,Palermo,-34.5672866,-58.44810140000001,Entire home/apt,23388.0,2,10,2025-01-06,3.85,1,90,10,27.52,137.58,Individual,10.0,-6.298323113564848,144.8866854829028,-0.06479940354173166
1061638290485473678,Hermoso apartamento en Colegiales,4239152,Silvi,Colegiales,-34.577030215679265,-58.45891024665285,Entire home/apt,32105.0,4,16,2024-11-27,1.35,1,171,16,37.77,188.85,Individual,16.0,-25.39338022656716,170.99145541453709,-0.06522997619902104
1056538680779109045,Departamento entero en Palermo,43593362,Diego,Palermo,-34.59084,-58.42122,Entire home/apt,43637.0,5,24,2024-12-16,2.05,1,0,24,51.34,256.69,Individual,24.0,-6.298323113564848,144.8866854829028,-0.06533955281271264
670919879246259823,Silencioso Dos ambientes en pleno Palermo Soho,216223426,Paula,Palermo,-34.586835570427326,-58.4204085767212,Entire home/apt,43637.0,1,28,2025-01-02,1.34,1,0,24,51.34,256.69,Individual,24.0,-6.298323113564848,144.8866854829028,-0.06533955281271264
973166620741646750,Lovely Studio in Palermo,2800359,Shan,Palermo,-34.5811557,-58.4327103,Entire home/apt,43637.0,3,33,2024-10-13,1.96,1,0,24,51.34,256.69,Individual,24.0,-6.298323113564848,144.8866854829028,-0.06533955281271264
1140637236537955199,Palermo Nuevo - Confort  - Depto. c/patio propio,131149789,Marcelo Eduardo,Palermo,-34.572935096258256,-58.42326264795589,Entire home/apt,33607.0,2,17,2024-11-10,1.84,1,210,17,39.54,197.69,Individual,17.0,-6.298323113564848,144.8866854829028,-0.06559807020028799
953154296153967741,Vas a disfrutar de tu estadía! Estudio en Palermo,15084444,Andrea,Palermo,-34.58338,-58.42752,Entire home/apt,42313.0,3,42,2025-01-16,2.34,1,162,23,49.78,248.9,Individual,23.0,-6.298323113564848,144.8866854829028,-0.06598058903729864
864017826562844071,Stylish Studio in Palermo Soho,446538458,Maite,Palermo,-34.5808258,-58.4259332,Entire home/apt,36611.0,3,45,2025-01-14,2.12,1,353,19,43.07,215.36,Individual,19.0,-6.298323113564848,144.8866854829028,-0.06628620438254318
32401655,Amazing and comfortable  Loft  - Heart of Palermo!,5117469,Florencia,Palermo,-34.58288,-58.43388,Entire home/apt,52511.0,3,78,2025-01-22,1.09,1,266,30,61.78,308.89,Individual,30.0,-6.298323113564848,144.8866854829028,-0.06668314805529754
32865368,LUXURY Studio Palermo Holywood max 4p,186159937,Larysa,Palermo,-34.58155,-58.43476,Entire home/apt,43206.0,3,170,2024-12-29,2.39,2,105,47,50.83,254.15,Individual,23.5,-6.298323113564848,144.8866854829028,-0.06695752407253086
30970571,Palermo Hollywood Loft with pool,96332072,Alejo,Palermo,-34.58465,-58.43416,Entire home/apt,36758.0,5,42,2024-12-30,0.57,1,120,19,43.24,216.22,Individual,19.0,-6.298323113564848,144.8866854829028,-0.0671031193272813
719442416768127077,Hermoso departamento en Palermo(Las Cañitas),480159803,Gustavo,Palermo,-34.5710262,-58.43251409999999,Entire home/apt,36758.0,2,52,2024-12-31,1.81,1,351,19,43.24,216.22,Individual,19.0,-6.298323113564848,144.8866854829028,-0.0671031193272813
22357803,PremiumDeluxeStudio.best area of Palermo Hollywood,58509364,Andrea & Catalina,Palermo,-34.57787,-58.43682,Entire home/apt,37503.0,3,248,2025-01-22,2.87,2,321,39,44.12,220.61,Individual,19.5,-6.298323113564848,144.8866854829028,-0.06726313941777537
1056456263359450385,Cozy Palermo Hollywood  ¡ excelente ubicación !,197054594,Ceci,Palermo,-34.5773977,-58.4339002,Entire home/apt,30320.0,2,31,2025-01-07,2.43,2,291,29,35.67,178.35,Individual,14.5,-6.298323113564848,144.8866854829028,-0.06734482222258914
39032828,Asombroso II. Palermo Hollywood,299120311,Mariana,Palermo,-34.57905,-58.43353,Entire home/apt,39005.0,2,75,2025-01-27,1.16,2,144,41,45.89,229.44,Individual,20.5,-6.298323113564848,144.8866854829028,-0.06763123341904237
1208763596202346041,Appart excellent location - GUE,516404432,Ivana,Palermo,-34.5902727,-58.411473,Entire home/apt,28356.0,2,26,2025-01-12,4.51,2,70,26,33.36,166.8,Individual,13.0,-6.298323113564848,144.8866854829028,-0.06845053802030426
943300363747812558,departamento luz y calma,364167674,Maria Cecilia,Palermo,-34.590475716919414,-58.42282838474248,Entire home/apt,23105.0,2,40,2024-11-18,2.19,3,25,28,27.18,135.91,Profissional,9.333333333333334,-6.298323113564848,144.8866854829028,-0.06859052844429883
2114323,Palermo-sunny apartment-best location-4 pax-2 bdr,10779461,Julieta,Palermo,-34.58779215555196,-58.41760778427124,Entire home/apt,41337.0,4,301,2024-12-12,2.25,1,364,22,48.63,243.16,Individual,22.0,-6.298323113564848,144.8866854829028,-0.06859183189331186
956388301799548736,BA Flats Palermo | Inmejorable ubicación y diseño,290832411,Martina,Palermo,-34.585695525865795,-58.43632766256561,Entire home/apt,32704.0,2,66,2025-01-22,3.79,3,63,48,38.48,192.38,Profissional,16.0,-6.298323113564848,144.8866854829028,-0.06864179743880958
833309683377308600,Loft en Palermo Hollywood,16241394,Martina,Palermo,-34.57833275152466,-58.43935477603894,Entire home/apt,26255.0,2,64,2024-11-09,2.75,2,61,23,30.89,154.44,Individual,11.5,-6.298323113564848,144.8866854829028,-0.06878739269356002
1096170987512243441,Studio in Palermo Nuevo with Great Connectivity.,563476960,Fernanda,Palermo,-34.577334201871736,-58.422696590423584,Entire home/apt,51461.0,2,29,2025-01-24,2.6,1,23,29,60.54,302.71,Individual,29.0,-6.298323113564848,144.8866854829028,-0.06886190652880231
968043295279677847,Moderno estudio en Palermo.,19109930,Federico,Palermo,-34.577946181015484,-58.4300686759073,Entire home/apt,41410.0,2,40,2024-12-28,2.35,1,260,22,48.72,243.59,Individual,22.0,-6.298323113564848,144.8866854829028,-0.06902431627582023
948452073849398993,Acogedor departamento en Palermo | Gran ubicación,519085953,Gonzalo,Palermo,-34.57857100294476,-58.41000068836057,Entire home/apt,63013.0,2,63,2025-01-24,3.47,1,94,37,74.13,370.66,Individual,37.0,-6.298323113564848,144.8866854829028,-0.06906759078305133
986032535238568446,Ubicación ideal en cómodo espacio lleno de luz,518876148,Federico,Palermo,-34.5863425,-58.4161326,Entire home/apt,31349.0,2,56,2025-01-10,3.44,2,175,30,36.88,184.41,Individual,15.0,-6.298323113564848,144.8866854829028,-0.06909061838228077
1087051876473691597,Bright apartment in Palermo Hollywood,443687701,Isabel,Palermo,-34.57788582904926,-58.433542657672106,Entire home/apt,42891.0,3,23,2024-12-27,2.12,1,112,23,50.46,252.3,Individual,23.0,-6.298323113564848,144.8866854829028,-0.06924824881625108
1024088709902474881,BOUHaus I Studio - Palermo Soho,464439031,Ana,Palermo,-34.5939086,-58.4292347,Entire home/apt,35707.0,2,24,2025-01-22,1.64,1,146,18,42.01,210.04,Individual,18.0,-6.298323113564848,144.8866854829028,-0.06932993162106477
600834516354479981,Hermoso Departamento  Palermo sobre Av Santa Fe.,393425938,Silvina,Palermo,-34.57632,-58.42884,Entire home/apt,54454.0,1,151,2025-01-24,4.44,1,359,31,64.06,320.32,Individual,31.0,-6.298323113564848,144.8866854829028,-0.06950198689077886
38383880,Full Apartment -  Palermo,142248588,Nicolas,Palermo,-34.5809,-58.42128,Entire home/apt,32857.0,2,45,2025-01-20,0.7,1,31,16,38.66,193.28,Individual,16.0,-6.298323113564848,144.8866854829028,-0.0695067662038264
870254725612399061,Luminoso y confortable departamento en Palermo,145039910,Juan Pablo,Palermo,-34.57696646939546,-58.426915998480894,Entire home/apt,47260.0,2,45,2025-01-20,2.54,1,76,26,55.6,278.0,Individual,26.0,-6.298323113564848,144.8866854829028,-0.06953561587531382
898424949756235505,Top Trees,10811596,Diego,Palermo,-34.5812835,-58.4421935,Entire home/apt,31507.0,3,18,2024-12-19,0.97,1,349,15,37.07,185.34,Individual,15.0,-6.298323113564848,144.8866854829028,-0.07000364096757629
22120783,Lovely Studio Apartment in Palermo Hollywood,68640,Maria,Palermo,-34.57845,-58.42964,Entire home/apt,25058.0,3,124,2025-01-03,1.43,2,364,21,29.48,147.4,Individual,10.5,-6.298323113564848,144.8866854829028,-0.07014923622232669
973122281456554134,Departamento encantador con vista al boulevard,43446652,Florencia,Palermo,-34.5907944,-58.4139466,Entire home/apt,30152.0,7,36,2024-12-15,2.12,1,224,14,35.47,177.36,Individual,14.0,-6.298323113564848,144.8866854829028,-0.07045246191104744
52854997,Monoambiente con Amenities en Excelente Ubicacion,427935473,Juan Ignacio,Palermo,-34.57791,-58.42957,Entire home/apt,38858.0,3,93,2025-01-12,2.55,1,347,20,45.72,228.58,Individual,20.0,-6.298323113564848,144.8866854829028,-0.0708830345683368
986373388901699602,Espacioso Apto. en el Corazón de Buenos Aires,185506722,Nicolas,Palermo,-34.588394,-58.4387442,Entire home/apt,26886.0,3,48,2025-01-26,3.13,3,115,35,31.63,158.15,Profissional,11.666666666666666,-6.298323113564848,144.8866854829028,-0.07098713669617387
1026021215228708484,Bright & Quiet apartment Heart of Belgrano,87067701,Andres,Colegiales,-34.57030454376449,-58.452081480459455,Entire home/apt,34657.0,2,17,2024-12-01,1.45,1,347,17,40.77,203.86,Individual,17.0,-25.39338022656716,170.99145541453709,-0.07150869009456962
806413457450324838,Nuevo y moderno departamento en Palermo Hollywood,163718506,Diego,Palermo,-34.5859255,-58.4408121,Entire home/apt,49056.0,2,99,2025-01-12,4.01,1,279,27,57.71,288.56,Individual,27.0,-6.298323113564848,144.8866854829028,-0.071537539766057
822458227091687357,Departamento en Palermo Soho,300310381,Guillermina,Palermo,-34.59056959263126,-58.42673613770192,Entire home/apt,57762.0,2,85,2025-01-05,3.73,1,161,33,67.96,339.78,Individual,33.0,-6.298323113564848,144.8866854829028,-0.0719681124233463
1038352900112622697,Semipiso de categoría ubicado en las cañitas.,549254730,Alejandro,Palermo,-34.5696984,-58.43271199999999,Entire home/apt,57762.0,2,38,2025-01-10,2.75,1,224,33,67.96,339.78,Individual,33.0,-6.298323113564848,144.8866854829028,-0.0719681124233463
24890127,Estudio en Palermo. Piscina y seguridad 24 hs,185506722,Nicolas,Palermo,-34.588329,-58.438702,Entire home/apt,28503.0,2,205,2025-01-29,2.5,3,108,38,33.53,167.66,Profissional,12.666666666666666,-6.298323113564848,144.8866854829028,-0.07197993036106409
1082678875853558396,Sunny & Cozy Apartment,84720727,Agustina,Palermo,-34.57865,-58.42881,Entire home/apt,29711.0,4,27,2025-01-08,2.38,2,249,27,34.95,174.77,Individual,13.5,-6.298323113564848,144.8866854829028,-0.07202237935058699
905032339904006298,Departamento en Palermo,517883934,Victoria,Palermo,-34.593881981716414,-58.417383590832834,Entire home/apt,30456.0,1,14,2024-12-14,1.85,1,228,14,35.83,179.15,Individual,14.0,-6.298323113564848,144.8866854829028,-0.07218239944108105
881194434233528614,"Departamento amplio en Palermo, vista al Botánico",512502211,Elisa,Palermo,-34.58223,-58.42048,Entire home/apt,30456.0,3,20,2025-01-05,1.27,1,147,14,35.83,179.15,Individual,14.0,-6.298323113564848,144.8866854829028,-0.07218239944108105
29883146,Quartier Dorrego - Luxury Palermo Hollywood,54414387,Martin,Palermo,-34.57711,-58.43946,Entire home/apt,44855.0,4,107,2025-01-06,1.42,1,277,24,52.77,263.85,Individual,24.0,-6.298323113564848,144.8866854829028,-0.07221124911256849
1122603830184132937,Monoambiente en Palermo,569450376,Mariano,Palermo,-34.58218,-58.42129,Entire home/apt,42009.0,2,22,2024-12-28,2.67,1,270,22,49.42,247.11,Individual,22.0,-6.298323113564848,144.8866854829028,-0.07238808369533012
982173532158825494,¡La mejor ubicación de Palermo!,195701854,Daniel,Palermo,-34.578538,-58.4231551,Entire home/apt,42009.0,3,36,2024-12-08,2.16,1,342,22,49.42,247.11,Individual,22.0,-6.298323113564848,144.8866854829028,-0.07238808369533012
950852772637395013,"Acogedor Duplex con Jacuzzi Priva,Palerm Hollywood",425174840,Manuel,Palermo,-34.586131705197296,-58.44138529265945,Entire home/apt,42009.0,2,29,2024-10-27,1.84,1,3,22,49.42,247.11,Individual,22.0,-6.298323113564848,144.8866854829028,-0.07238808369533012
1015221338500447875,Elegante Departamnto 2 ambientes,64318785,Alan,Palermo,-34.57824711610346,-58.43290717054412,Entire home/apt,39908.0,3,46,2025-01-27,3.06,2,233,41,46.95,234.75,Individual,20.5,-6.298323113564848,144.8866854829028,-0.07272493836858587
826924153163976471,Tranquilo y acogedor Studio en corazón de Palermo.,59882960,Iony,Palermo,-34.577775805964954,-58.424883344904,Entire home/apt,26255.0,3,47,2025-01-15,1.99,2,67,22,30.89,154.44,Individual,11.0,-6.298323113564848,144.8866854829028,-0.07285610878759256
1094191992750118741,Luminous apartment in Palermo,39869722,Florencia,Palermo,-34.58829,-58.41561,Entire home/apt,29154.0,2,13,2025-01-10,1.16,1,75,13,34.3,171.49,Individual,13.0,-6.298323113564848,144.8866854829028,-0.07296759712650319
33150278,"🌈PALERMO SOHO STUDIO ART, SUPER FAST WiFi & DESK✨🖥",196341701,Mimi,Palermo,-34.58522,-58.4207,Entire home/apt,37808.0,3,147,2025-01-17,2.1,1,299,19,44.48,222.4,Individual,19.0,-6.298323113564848,144.8866854829028,-0.07306179304184157
169300,Great & Cozy Apartment in Palermo Hollywood,806757,Tomas,Palermo,-34.57831573486328,-58.43024826049805,Entire home/apt,43637.0,2,74,2024-12-18,0.73,1,0,23,51.34,256.69,Individual,23.0,-6.298323113564848,144.8866854829028,-0.07347698500077776
35876752,Splendor studio in Palermo,197561329,Caro,Palermo,-34.57952,-58.43135,Entire home/apt,30435.0,1,215,2025-01-08,3.15,4,162,55,35.81,179.03,Profissional,13.75,-6.298323113564848,144.8866854829028,-0.07412064984753994
989356243330593901,Apartment in a tower in Palermo with top amenities,539127002,Natalie Adele,Palermo,-34.58029,-58.40727,Entire home/apt,86958.0,1,65,2025-01-26,4.2,1,75,53,102.3,511.52,Individual,53.0,-6.298323113564848,144.8866854829028,-0.0742362874991419
841158113997880464,Studio en Palermo,500870038,Analia,Palermo,-34.5691955,-58.4346622,Entire home/apt,29406.0,3,48,2025-01-19,2.1,1,170,13,34.6,172.98,Individual,13.0,-6.298323113564848,144.8866854829028,-0.07440921173486459
717964295658663533,Depto hecho a nuevo zona Botanico para 3 personas.,479883321,Laura Romina,Palermo,-34.58505,-58.41790429999999,Entire home/apt,35214.0,3,64,2024-09-15,2.31,1,194,17,41.43,207.14,Individual,17.0,-6.298323113564848,144.8866854829028,-0.0746802422329646
605123615234846318,Monoambiente exclusivo en el corazón de Palermo,323075289,María Huilén,Palermo,-34.582573,-58.410667,Entire home/apt,25205.0,15,45,2025-01-10,1.34,1,323,10,29.65,148.26,Individual,10.0,-6.298323113564848,144.8866854829028,-0.07503486726109734
1105987703433808003,Departamento de 3 ambientes luminoso en Palermo,489312669,Stefania,Palermo,-34.57496,-58.43105,Entire home/apt,36758.0,3,18,2025-01-11,1.65,1,201,18,43.24,216.22,Individual,18.0,-6.298323113564848,144.8866854829028,-0.0752405515153464
819461983723393314,"Palermo, 3 ambientes. Boulevard charcas",491647557,Sofia,Palermo,-34.5907021,-58.4134851,Entire home/apt,36758.0,2,36,2025-01-27,1.65,1,322,18,43.24,216.22,Individual,18.0,-6.298323113564848,144.8866854829028,-0.0752405515153464
32239804,Tu casa en Palermo Hollywood: Piscina y Lavandería,185506722,Nicolas,Palermo,-34.58677,-58.43851,Entire home/apt,26255.0,3,175,2025-01-26,2.41,3,92,32,30.89,154.44,Profissional,10.666666666666666,-6.298323113564848,144.8866854829028,-0.07556858618361427
676196937618918339,Moderno departamento en centro Palermo Hollywood 2,221035700,Facundo,Palermo,-34.579323141862425,-58.42862997204065,Entire home/apt,25804.0,2,140,2024-12-27,4.6,3,175,31,30.36,151.79,Profissional,10.333333333333334,-6.298323113564848,144.8866854829028,-0.07573421110486422
827107867452213537,Dpto.2 ambientes. Cañitas Palermo +Aeroparque,159120059,Elena Beatríz,Palermo,-34.56790562001517,-58.43048874288797,Entire home/apt,42607.0,1,57,2024-12-19,2.4,1,0,22,50.13,250.63,Individual,22.0,-6.298323113564848,144.8866854829028,-0.07579990493511868
1016014562429773061,"Aire libre, verde, encantador.",10675287,Rubén,Palermo,-34.58216195222291,-58.43946932737866,Entire home/apt,57016.0,1,36,2025-01-22,2.5,1,228,32,67.08,335.39,Individual,32.0,-6.298323113564848,144.8866854829028,-0.07587680842688474
1037056628240140155,Amplio y hermoso 2 amb- balcón Palermo Hollywood,84554681,Mailén,Palermo,-34.578782565280484,-58.43552587127646,Entire home/apt,33334.0,3,33,2024-12-09,2.37,2,263,31,39.22,196.08,Individual,15.5,-6.298323113564848,144.8866854829028,-0.07626649623346685
1129495427691586305,Amplio Monoambiente en Palermo,39717448,Astrid,Palermo,-34.58424,-58.4428,Entire home/apt,32704.0,3,15,2025-01-02,1.61,1,268,15,38.48,192.38,Individual,15.0,-6.298323113564848,144.8866854829028,-0.07677922962687468
1044286701866567827,"Palermo Soho, 2 pisos y terraza propia.",549010967,Natalia Gabriela,Palermo,-34.5891202,-58.4341678,Entire home/apt,39908.0,2,22,2024-12-09,1.67,1,260,20,46.95,234.75,Individual,20.0,-6.298323113564848,144.8866854829028,-0.07679365446261843
806589803482170616,7C Nuevo apartamento en Palermo,60088633,Tomas,Palermo,-34.5809264,-58.42573159999999,Entire home/apt,27757.0,5,95,2025-01-11,3.93,4,248,46,32.66,163.28,Profissional,11.5,-6.298323113564848,144.8866854829028,-0.07729291888289205
958863747785564497,Acogedor departamento en Palermo,532084202,Carlos Daniel,Palermo,-34.5867748,-58.41485479999999,Entire home/apt,35707.0,3,37,2024-12-19,2.13,1,79,17,42.01,210.04,Individual,17.0,-6.298323113564848,144.8866854829028,-0.07746736380912989
1241944232955207682,"A Estrenar 5 estrellas, Palermo",489435312,Pierre,Palermo,-34.5889659,-58.41576299999999,Entire home/apt,26402.0,1,21,2025-01-23,4.88,2,332,21,31.06,155.31,Individual,10.5,-6.298323113564848,144.8866854829028,-0.0777417398263632
53478755,Lux studio apart in Palermo,433051565,Ian,Palermo,-34.57566,-58.42171,Entire home/apt,37209.0,2,117,2024-12-18,3.18,1,195,18,43.78,218.88,Individual,18.0,-6.298323113564848,144.8866854829028,-0.07783545781039683
974052590610724800,Moderno y Luminoso en Las Cañitas,111706392,Maria Eugenia,Palermo,-34.569539,-58.433716,Entire home/apt,58812.0,3,56,2025-01-21,3.39,1,266,33,69.19,345.95,Individual,33.0,-6.298323113564848,144.8866854829028,-0.07787873231762796
1147253592584337867,Luminoso y completo departamento en Palermo,5608549,Pablo,Palermo,-34.56942,-58.43053,Entire home/apt,27159.0,4,11,2025-01-11,3.3,1,24,11,31.95,159.76,Individual,11.0,-6.298323113564848,144.8866854829028,-0.07794981373713604
1186449900504422684,Palermo! Big studio/Pool/Fast WI-FI/Seg 24 hs,585529113,Silvina,Palermo,-34.58520578246676,-58.438950401944695,Entire home/apt,38711.0,2,19,2025-01-22,2.73,1,255,19,45.54,227.71,Individual,19.0,-6.298323113564848,144.8866854829028,-0.07815549799138508
27961744,Palermo Chico Apartment,211917499,María Victoria,Palermo,-34.58086,-58.41423,Entire home/apt,53109.0,2,170,2025-01-25,2.17,1,318,29,62.48,312.41,Individual,29.0,-6.298323113564848,144.8866854829028,-0.07818434766287247
821949554047162510,Hermoso Departamento en Palermo,175656166,Javier,Palermo,-34.5913967,-58.4197211,Entire home/apt,33008.0,30,34,2025-01-17,1.5,1,29,15,38.83,194.16,Individual,15.0,-6.298323113564848,144.8866854829028,-0.07846111333662963
1041888567249349804,Estudio Exclusivo en Palermo,231989329,Magdalena,Palermo,-34.59558252010768,-58.42784092641069,Entire home/apt,29406.0,4,27,2025-01-02,2.07,2,84,25,34.6,172.98,Individual,12.5,-6.298323113564848,144.8866854829028,-0.07847792782889713
615203159463298913,Departamento en la mejor zona de Palermo Hollywood,456509625,Julian,Palermo,-34.57826,-58.43725,Entire home/apt,42156.0,1,162,2025-01-25,4.86,3,308,64,49.6,247.98,Profissional,21.333333333333332,-6.298323113564848,144.8866854829028,-0.07867800725239033
1131908431702255094,Cálido departamento en Palermo.,527449776,Rosario,Palermo,-34.58494,-58.41557,Entire home/apt,63318.0,3,36,2025-01-25,4.04,1,250,36,74.49,372.46,Individual,36.0,-6.298323113564848,144.8866854829028,-0.07893496050115009
53372498,Moderno y muy luminoso departamento en Palermo,313560000,Nicolás,Palermo,-34.57673961690587,-58.42987133680037,Entire home/apt,38858.0,3,56,2024-12-03,2.45,1,72,19,45.72,228.58,Individual,19.0,-6.298323113564848,144.8866854829028,-0.0790204667564019
27813855,Confortable y luminoso departamento en Palermo,205112959,Ana Virginia,Palermo,-34.5921,-58.43249,Entire home/apt,28807.0,2,87,2024-12-02,1.12,1,87,12,33.89,169.45,Individual,12.0,-6.298323113564848,144.8866854829028,-0.07913482268314112
821600393998860658,Sky Palermo - Vista abierta - Piscina y barbacoas.,499986404,Mercedes,Palermo,-34.595579222328034,-58.42023426092715,Entire home/apt,38890.0,5,32,2025-01-23,1.41,1,257,19,45.75,228.76,Individual,19.0,-6.298323113564848,144.8866854829028,-0.07916462821723805
825920154662035067,Moderno & Funcional Mono Ambiente *Excelente*,496913450,Facundo,Palermo,-34.573717670837986,-58.42287631068943,Entire home/apt,33155.0,3,43,2024-12-09,1.87,1,81,15,39.01,195.03,Individual,15.0,-6.298323113564848,144.8866854829028,-0.07932608210164645
1052292236243989745,"Departamento en Buenos Aires, Argentina",156563162,Veronica,Palermo,-34.57698912477153,-58.43576665967703,Entire home/apt,34657.0,2,18,2025-01-09,1.38,1,123,16,40.77,203.86,Individual,16.0,-6.298323113564848,144.8866854829028,-0.07964612228263471
954339039275622668,Studio Palermo Soho con cochera,47025285,Nadia,Palermo,-34.58666701393337,-58.43093956949143,Entire home/apt,34657.0,30,30,2025-01-10,1.7,1,73,16,40.77,203.86,Individual,16.0,-6.298323113564848,144.8866854829028,-0.07964612228263471
22375819,Chic Loft Palermo Soho. Terrrace with BBQ!,88860031,Marcos,Palermo,-34.58116,-58.42293,Entire home/apt,46210.0,4,100,2025-01-19,1.59,1,114,24,54.36,271.82,Individual,24.0,-6.298323113564848,144.8866854829028,-0.07985180653688367
54183186,Brand new apt. w/rooftop pool & jacuzzi. Palermo,235489680,Ailén,Palermo,-34.57388,-58.42136,Entire home/apt,57751.0,2,125,2024-12-29,3.37,1,76,32,67.94,339.71,Individual,32.0,-6.298323113564848,144.8866854829028,-0.08000943697085397
822266116705463436,Moderno Studio en el Corazón Palermo Hollywood,25913752,Sebastian,Palermo,-34.5796864,-58.4297979,Entire home/apt,36159.0,4,62,2025-01-19,2.6,2,177,34,42.54,212.7,Individual,17.0,-6.298323113564848,144.8866854829028,-0.08001421628390165
707155057221588656,Amplio y luminoso estudio con balcón,243759877,Alejandro,Palermo,-34.56925,-58.43993,Entire home/apt,26108.0,2,41,2024-12-30,1.45,1,363,10,30.72,153.58,Individual,10.0,-6.298323113564848,144.8866854829028,-0.08017662603091955
1124581987240584652,Increíble apartamento en la mejor zona de Palermo!,569849175,Juan Manuel,Palermo,-34.5863915681361,-58.42192009091378,Entire home/apt,40507.0,1,20,2024-09-22,2.36,1,242,20,47.66,238.28,Individual,20.0,-6.298323113564848,144.8866854829028,-0.08020547570240696
1173228863738183667,Charming & Comfortable Studio in Palermo,399336576,Mauro,Palermo,-34.58093,-58.4346,Entire home/apt,27589.0,2,22,2025-01-24,2.97,2,120,22,32.46,162.29,Individual,11.0,-6.298323113564848,144.8866854829028,-0.08040055857135038
5804033,Studio Loft in Palermo Soho #3,400828,Jony,Palermo,-34.58902,-58.42019,Entire home/apt,25205.0,1,353,2025-01-03,2.95,3,335,28,29.65,148.26,Profissional,9.333333333333334,-6.298323113564848,144.8866854829028,-0.08045982205314073
28308570,Apartment with Terrace Balcony - Palermo,113430266,Mario,Palermo,-34.581185,-58.41219,Entire home/apt,42009.0,3,50,2024-12-29,2.38,1,248,21,49.42,247.11,Individual,21.0,-6.298323113564848,144.8866854829028,-0.08052551588339521
1085043957571135444,Palermo soho excelente ubicación,555222194,Alan,Palermo,-34.5861774,-58.4280809,Entire home/apt,42009.0,2,21,2024-12-20,1.78,1,58,21,49.42,247.11,Individual,21.0,-6.298323113564848,144.8866854829028,-0.08052551588339521
1044461029458768383,h&c Luxury Palermo,108255272,Diego,Palermo,-34.5928338,-58.424046,Entire home/apt,43510.0,2,24,2024-11-30,1.91,1,62,22,51.19,255.94,Individual,22.0,-6.298323113564848,144.8866854829028,-0.08089360988466215
541868566827910782,Palermo Hermoso Monoambiente,433805979,Ruben,Palermo,-34.59073,-58.41793,Entire home/apt,26255.0,2,148,2025-01-06,4.05,4,342,40,30.89,154.44,Profissional,10.0,-6.298323113564848,144.8866854829028,-0.08099354097565767
845214121670174018,Modern flat in Palermo Hollywood,504203857,Martin,Palermo,-34.58674443946967,-58.44047861194238,Entire home/apt,26255.0,3,28,2024-11-29,1.26,1,335,10,30.89,154.44,Individual,10.0,-6.298323113564848,144.8866854829028,-0.08099354097565767
725433102361772097,7B Nuevo apartamento en Palermo con piscina,60088633,Tomas,Palermo,-34.58029,-58.42658,Entire home/apt,27001.0,5,97,2025-01-08,3.45,4,353,42,31.77,158.83,Profissional,10.5,-6.298323113564848,144.8866854829028,-0.08115356106615179
978183019402552887,Bright 2BR in high floor,63151479,Florencia,Palermo,-34.58605,-58.42955,Entire home/apt,45012.0,1,43,2025-01-07,2.62,1,225,23,52.96,264.78,Individual,23.0,-6.298323113564848,144.8866854829028,-0.08126170388592913
925485154419645481,Moderno dpto en el corazón de Palermo Hollywood,46972596,Mauricio,Palermo,-34.5817116,-58.43305299999999,Entire home/apt,25111.0,2,84,2025-01-22,4.48,6,316,55,29.54,147.71,Profissional,9.166666666666666,-6.298323113564848,144.8866854829028,-0.08128746872808577
981284915406896943,"Las Cañitas, Palermo.",196683014,Fabricio,Palermo,-34.5644235,-58.44122530000001,Entire home/apt,31359.0,6,36,2025-01-26,2.5,2,72,27,36.89,184.46,Individual,13.5,-6.298323113564848,144.8866854829028,-0.08134482048465712
769444091425937673,Trend design penthouse studio - river view terrace,489312739,Rodrigo,Palermo,-34.56486448871637,-58.43445371836424,Entire home/apt,63759.0,2,83,2024-12-18,3.52,1,209,36,75.01,375.05,Individual,36.0,-6.298323113564848,144.8866854829028,-0.08143375915564308
31615871,"Apartamento Palermo, la mejor ubicación. Piscina",237010151,Maria Silvina,Palermo,-34.58188,-58.42831,Entire home/apt,35707.0,2,117,2025-01-26,1.6,2,81,33,42.01,210.04,Individual,16.5,-6.298323113564848,144.8866854829028,-0.08153607990316242
1012420542420933548,Super Terraza privada Palermo Soho,543688063,Laura,Palermo,-34.5903222,-58.4355055,Entire home/apt,42912.0,2,55,2025-01-12,3.65,2,40,43,50.48,252.42,Individual,21.5,-6.298323113564848,144.8866854829028,-0.08155050473890613
968245017417522328,Torre en Palermo con pileta,493203377,Isabel,Palermo,-34.5774723,-58.4391531,Entire home/apt,46514.0,3,32,2025-01-26,1.9,1,214,24,54.72,273.61,Individual,24.0,-6.298323113564848,144.8866854829028,-0.08158174406691732
957889584720428643,Palermo Full loft: Vibrant area & Office space,425023159,Marcos,Palermo,-34.579798216808925,-58.40876150876285,Entire home/apt,43637.0,2,41,2024-10-06,2.35,1,0,22,51.34,256.69,Individual,22.0,-6.298323113564848,144.8866854829028,-0.08161441718884285
1213747987273726254,Espectacular estudio inteligente- Oferta,584826673,Mariana,Palermo,-34.582909,-58.434068,Entire home/apt,30719.0,1,26,2025-01-20,4.64,2,357,26,36.14,180.7,Individual,13.0,-6.298323113564848,144.8866854829028,-0.08180950005778626
52816235,Gran Estudio en Palermo Hollywood,187366441,Daniel,Palermo,-34.5804,-58.43259,Entire home/apt,29280.0,1,100,2024-12-24,2.67,1,318,12,34.45,172.24,Individual,12.0,-6.298323113564848,144.8866854829028,-0.08182583661874901
905058889331139718,Studio in Palermo Chico,479343787,Veronica,Palermo,-34.58248740450814,-58.40485788881779,Entire home/apt,31507.0,5,46,2025-01-01,2.34,2,255,27,37.07,185.34,Individual,13.5,-6.298323113564848,144.8866854829028,-0.08220978924967394
52304217,Espacioso ambiente con balcón,106666182,Belen,Palermo,-34.5794,-58.42862,Entire home/apt,32252.0,1,14,2025-01-17,3.21,1,252,14,37.94,189.72,Individual,14.0,-6.298323113564848,144.8866854829028,-0.08232175551988934
49861057,Super cómodo y con gran vista en Palermo,2993145,Graciela,Palermo,-34.58363192335553,-58.442856462038,Entire home/apt,35854.0,6,52,2025-01-12,2.55,2,257,33,42.18,210.91,Individual,16.5,-6.298323113564848,144.8866854829028,-0.08235299484790054
957380891792068129,Agradable y acogedor.,142100393,Carolina,Palermo,-34.57683049405792,-58.43134787055576,Entire home/apt,30908.0,5,50,2025-01-21,2.98,3,181,39,36.36,181.81,Profissional,13.0,-6.298323113564848,144.8866854829028,-0.08286668410391793
799064988053596201,Estudio Palermo soho,494769019,Maria Julia,Palermo,-34.58728268480866,-58.42365860294265,Entire home/apt,28051.0,2,50,2024-12-23,2.0,1,260,11,33.0,165.01,Individual,11.0,-6.298323113564848,144.8866854829028,-0.08299546486640084
25238195,Tu lugar totalmente equipado en Palermo Hollywood,67637269,Lu,Palermo,-34.57882,-58.43704,Entire home/apt,32410.0,2,113,2025-01-27,1.39,1,93,14,38.13,190.65,Individual,14.0,-6.298323113564848,144.8866854829028,-0.08323477810518488
53552530,Bright & comfortable apartment in great location,102502867,Francisco,Palermo,-34.58208,-58.44073,Entire home/apt,36758.0,2,92,2025-01-08,2.55,1,333,17,43.24,216.22,Individual,17.0,-6.298323113564848,144.8866854829028,-0.08337798370341151
718757671342740579,Departamento con vista abierta - Cañitas,283725601,Francisco Javier,Palermo,-34.57242080700771,-58.43366634632861,Entire home/apt,26255.0,3,85,2025-01-27,3.02,3,50,29,30.89,154.44,Profissional,9.666666666666666,-6.298323113564848,144.8866854829028,-0.08370601837167937
765072243811490128,2B Nuevo apartamento en Palermo con piscina,60088633,Tomas,Palermo,-34.58153,-58.42658,Entire home/apt,29259.0,6,98,2025-01-08,3.73,4,341,47,34.42,172.11,Profissional,11.75,-6.298323113564848,144.8866854829028,-0.08371603320492914
1086148720490432554,"Apartamento, Palermo Soho cerca de Jardín Botánico",227426111,Carlos,Palermo,-34.58436194521171,-58.41944863132426,Entire home/apt,28209.0,3,33,2025-01-14,2.98,3,262,33,33.19,165.94,Profissional,11.0,-6.298323113564848,144.8866854829028,-0.08390848745169636
1202965933000470560,Loft moderno a pocos metros de Palermo Soho,297202844,Bahiana,Palermo,-34.59324199846391,-58.43103103180198,Entire home/apt,32557.0,2,14,2025-01-17,3.78,1,254,14,38.3,191.51,Individual,14.0,-6.298323113564848,144.8866854829028,-0.08405169304992295
1050728501748982050,Mágico Palermo con terraza,56895608,Clara,Palermo,-34.5918576,-58.41755209999999,Entire home/apt,30456.0,2,25,2025-01-15,2.05,2,210,25,35.83,179.15,Individual,12.5,-6.298323113564848,144.8866854829028,-0.0843885477231787
1038278204156338934,Remarkable Studio in Palermo - Guatemala,15532603,Andrea,Palermo,-34.5808212,-58.4317153,Entire home/apt,31202.0,3,18,2025-01-07,1.3,1,270,13,36.71,183.54,Individual,13.0,-6.298323113564848,144.8866854829028,-0.08454856781367284
4658932,Beautiful studio in modern building,24109503,Laura,Palermo,-34.5809,-58.43322,Entire home/apt,28356.0,4,174,2025-01-05,1.44,2,322,22,33.36,166.8,Individual,11.0,-6.298323113564848,144.8866854829028,-0.08472540239643446
38413424,Charming apartment in stylish Palermo Soho!!,189094920,Antonella,Palermo,-34.58407,-58.42053,Entire home/apt,28356.0,2,85,2024-12-21,1.3,1,179,11,33.36,166.8,Individual,11.0,-6.298323113564848,144.8866854829028,-0.08472540239643446
690618266418672806,Palermo Vibes. Spacious and bright apartment.,72544266,Marcos Ignacio,Palermo,-34.5754524,-58.44355539999999,Entire home/apt,28356.0,4,60,2024-12-09,2.0,1,82,11,33.36,166.8,Individual,11.0,-6.298323113564848,144.8866854829028,-0.08472540239643446
799217115827463917,Sunny & Cozy Garden Apartment in Palermo H.,84720727,Agustina,Palermo,-34.5783578339456,-58.43263198172015,Entire home/apt,28356.0,4,22,2025-01-12,1.9,2,90,22,33.36,166.8,Individual,11.0,-6.298323113564848,144.8866854829028,-0.08472540239643446
1206614745677283342,Hermoso departamento en Palermo Soho,251831733,Anahí Del Sol,Palermo,-34.58965651708372,-58.43108982932191,Entire home/apt,28356.0,2,11,2024-12-02,2.43,1,169,11,33.36,166.8,Individual,11.0,-6.298323113564848,144.8866854829028,-0.08472540239643446
1159366134163956995,Hermoso y Amplio Monoambiente,32012526,Caro,Palermo,-34.56993,-58.43088,Entire home/apt,28356.0,4,11,2025-01-11,1.66,1,239,11,33.36,166.8,Individual,11.0,-6.298323113564848,144.8866854829028,-0.08472540239643446
1120197967597087030,"Lindo studio, Palermo Hollywood",568866202,Stefano Ernesto,Palermo,-34.584498293727044,-58.43708096942438,Entire home/apt,28356.0,6,11,2025-01-18,1.13,1,239,11,33.36,166.8,Individual,11.0,-6.298323113564848,144.8866854829028,-0.08472540239643446
30179517,Super stylish and well located apartment,10554626,Casa,Palermo,-34.57577,-58.42211,Entire home/apt,28356.0,3,54,2025-01-19,0.74,2,275,22,33.36,166.8,Individual,11.0,-6.298323113564848,144.8866854829028,-0.08472540239643446
937782981899475982,Apartamento Palermo Hollywood Futbol,49038797,Alan,Palermo,-34.57776,-58.43303,Entire home/apt,35560.0,3,49,2025-01-14,2.63,2,349,32,41.84,209.18,Individual,16.0,-6.298323113564848,144.8866854829028,-0.08478788105245691
988510224562630487,Fitz Roy II - Palermo Hollywood,43100198,Valerio,Palermo,-34.58118,-58.43205,Entire home/apt,37997.0,3,66,2025-01-20,4.26,3,132,53,44.7,223.51,Profissional,17.666666666666668,-6.298323113564848,144.8866854829028,-0.08496888667206007
39004963,Comfortable and cozy Apartment in Palermo Soho,45317545,Dariotello75,Palermo,-34.58378601074219,-58.42553329467773,Entire home/apt,27726.0,3,189,2025-01-22,2.92,2,322,21,32.62,163.09,Individual,10.5,-6.298323113564848,144.8866854829028,-0.0852381357898423
921827856429869255,Lindo departamento en Cañitas con cómoda cochera,460257018,Agus,Palermo,-34.570566,-58.43432489999999,Entire home/apt,63013.0,3,55,2024-09-23,3.12,1,55,35,74.13,370.66,Individual,35.0,-6.298323113564848,144.8866854829028,-0.08534245515918151
826865708853015750,Hermoso y luminoso depto en Pleno Palermo Soho.,59882960,Iony,Palermo,-34.58711873860163,-58.42355718164116,Entire home/apt,31359.0,5,58,2025-01-12,2.46,2,66,26,36.89,184.46,Individual,13.0,-6.298323113564848,144.8866854829028,-0.08541353657868966
21906986,Studio in the heart Palermo,17291134,Flor,Palermo,-34.58871,-58.42425,Entire home/apt,35707.0,2,156,2025-01-05,1.8,1,332,16,42.01,210.04,Individual,16.0,-6.298323113564848,144.8866854829028,-0.08560479599719498
1060409592613374165,Chic 1 bedroom apt. in Palermo,8514100,Felipe,Palermo,-34.5831003,-58.4020983,Entire home/apt,43637.0,2,43,2025-01-27,3.83,2,0,43,51.34,256.69,Individual,21.5,-6.298323113564848,144.8866854829028,-0.08568313328287541
29791765,Amplio y luminoso Monoambiente en Palermo,142100393,Carolina,Palermo,-34.56313,-58.44023,Entire home/apt,30456.0,3,173,2025-01-22,2.34,3,196,37,35.83,179.15,Profissional,12.333333333333334,-6.298323113564848,144.8866854829028,-0.08574478642118956
47551653,"Hermoso departamento en Palermo, alta vel wifi",119312814,Adrian,Palermo,-34.58895,-58.41909,Entire home/apt,33607.0,2,30,2024-12-22,1.1,2,208,29,39.54,197.69,Individual,14.5,-6.298323113564848,144.8866854829028,-0.08594165067045073
962847622708546001,Cálido Departamento en Palermo,509453025,Juan,Palermo,-34.5796864,-58.4297979,Entire home/apt,28891.0,2,77,2025-01-12,4.42,5,62,56,33.99,169.95,Profissional,11.2,-6.298323113564848,144.8866854829028,-0.08612530663638034
1066591284473125747,"¡Los Eucaliptos, Belgrano! A metros del Subte.",513846096,Ezequiel,Colegiales,-34.566773,-58.4527181,Entire home/apt,31507.0,3,13,2025-01-16,1.16,1,242,13,37.07,185.34,Individual,13.0,-25.39338022656716,170.99145541453709,-0.08627850534370649
1002351622364840882,Departamento en Palermo Chico.,541864682,Carlos Joaquin,Palermo,-34.58259,-58.40727,Entire home/apt,31507.0,2,32,2024-11-28,2.12,1,360,13,37.07,185.34,Individual,13.0,-6.298323113564848,144.8866854829028,-0.08627850534370649
37752728,Nice artsy Palermo Soho one bedroom apartment,14800276,Maria,Palermo,-34.583797454833984,-58.426605224609375,Entire home/apt,31507.0,4,53,2024-12-23,0.83,1,363,13,37.07,185.34,Individual,13.0,-6.298323113564848,144.8866854829028,-0.08627850534370649
884596305838276796,Fancy Studio in the heart of Palermo Hollywood,22917348,Manuk,Palermo,-34.5823054,-58.4339002,Entire home/apt,31507.0,2,28,2024-12-16,1.35,1,356,13,37.07,185.34,Individual,13.0,-6.298323113564848,144.8866854829028,-0.08627850534370649
881347706764404941,Great view City and Polo Field,51925688,Ricardo,Palermo,-34.57182176641265,-58.42943594603272,Entire home/apt,31507.0,2,39,2024-11-10,1.9,1,124,13,37.07,185.34,Individual,13.0,-6.298323113564848,144.8866854829028,-0.08627850534370649
734919843322242057,Palermo Hollywood Apartment | Buenos Aires | R2,150019556,Martin,Palermo,-34.58122117127018,-58.43071246508178,Entire home/apt,33008.0,3,50,2025-01-07,1.93,2,344,28,38.83,194.16,Individual,14.0,-6.298323113564848,144.8866854829028,-0.08659854552469472
1220148200130645803,Cozy 1-bedroom w/nice view of best area relax/work,148049789,Maria,Palermo,-34.58417,-58.43818,Entire home/apt,35970.0,3,16,2025-01-18,2.91,1,319,16,42.32,211.59,Individual,16.0,-6.298323113564848,144.8866854829028,-0.08709446442583507
1121728870705108200,Gran Vista Apartment en Palermo Piscina & Terraza,241307025,Lidia Daniela,Palermo,-34.5959855,-58.4247148,Entire home/apt,38858.0,2,18,2024-12-04,2.86,1,120,18,45.72,228.58,Individual,18.0,-6.298323113564848,144.8866854829028,-0.08715789894446699
6447412,Un bello lugar en Palermo Soho,33661955,Enrique,Palermo,-34.5855,-58.42985,Private room,26255.0,2,170,2025-01-18,1.93,5,168,46,30.89,154.44,Profissional,9.2,-6.298323113564848,144.8866854829028,-0.08750348672610975
41561411,Edu & Vini's romantic studio in Palermo Soho,12668151,Eduardo,Palermo,-34.58881,-58.42375,Entire home/apt,49003.0,4,102,2025-01-09,1.67,1,243,25,57.65,288.25,Individual,25.0,-6.298323113564848,144.8866854829028,-0.08752408122051489
1092062216633814694,Comfortable 1 bedroom appt in Las Cañitas,44994622,Federico,Palermo,-34.56999785652042,-58.42991816706804,Entire home/apt,37503.0,3,17,2025-01-19,1.5,1,57,17,44.12,220.61,Individual,17.0,-6.298323113564848,144.8866854829028,-0.08760671988793814
1126839283602827645,Beautiful apartment in Palermo Soho!,42628897,Delfina,Palermo,-34.59233,-58.42645,Entire home/apt,44708.0,2,22,2025-01-13,2.39,1,93,22,52.6,262.99,Individual,22.0,-6.298323113564848,144.8866854829028,-0.08766919854396057
1653045,Roomy & bright studio Palermo SOHO. Great view!,8788529,Fabrizio,Palermo,-34.58601,-58.42452,Entire home/apt,31761.0,4,83,2024-12-18,0.7,1,132,13,37.37,186.83,Individual,13.0,-6.298323113564848,144.8866854829028,-0.08772011995206783
1174155876476529833,Cálido y moderno departamento,177877187,Gaston Sacha,Colegiales,-34.5701373,-58.4470473,Entire home/apt,34657.0,7,15,2024-12-30,2.37,1,280,15,40.77,203.86,Individual,15.0,-25.39338022656716,170.99145541453709,-0.08778355447069981
596952613545606428,Palermo Soho Loft,42384040,Maxi,Palermo,-34.587509,-58.422363,Entire home/apt,46210.0,2,78,2025-01-28,2.36,1,339,23,54.36,271.82,Individual,23.0,-6.298323113564848,144.8866854829028,-0.08798923872494879
39856966,Modern Studio in Palermo/Las Cañitas,147960894,Hector Daniel,Palermo,-34.56891,-58.43424,Entire home/apt,30393.0,1,48,2025-01-23,0.76,1,6,12,35.76,178.78,Individual,12.0,-6.298323113564848,144.8866854829028,-0.08812088707526028
594083869979511528,Stylish Duplex in Palermo with Garage and Pool,451959558,Jose Luis,Palermo,-34.58516,-58.43749,Entire home/apt,57762.0,2,91,2025-01-02,2.85,1,312,31,67.96,339.78,Individual,31.0,-6.298323113564848,144.8866854829028,-0.08824297679947654
3410213,Modern & cozy apartment in quiet Palermo Soho,13322132,Pablo,Palermo,-34.58917,-58.41887,Entire home/apt,39110.0,2,49,2024-12-03,0.59,1,52,18,46.01,230.06,Individual,18.0,-6.298323113564848,144.8866854829028,-0.08855145973254963
821947283237425108,Moderno espacio con balcón - Movistar Arena,334685635,Laura,Palermo,-34.5880277,-58.4391489,Entire home/apt,42009.0,2,105,2025-01-05,4.49,2,76,40,49.42,247.11,Individual,20.0,-6.298323113564848,144.8866854829028,-0.08866294807146033
898698829309886746,Appart excellent location - AR,516404432,Ivana,Palermo,-34.5844488,-58.4194502,Entire home/apt,28356.0,2,46,2025-01-11,2.28,2,129,21,33.36,166.8,Individual,10.5,-6.298323113564848,144.8866854829028,-0.088794118490467
932807660938106798,Charming apartment to enjoy to the fullest,50244919,Mariano,Palermo,-34.58128139376907,-58.433629973934735,Entire home/apt,65113.0,1,93,2025-01-12,5.89,2,331,72,76.6,383.02,Individual,36.0,-6.298323113564848,144.8866854829028,-0.08907431657995832
1181947344182092775,Espacio Humboldt,137375307,Gabriela I,Palermo,-34.57793,-58.42783,Entire home/apt,40654.0,2,19,2025-01-05,2.57,1,82,19,47.83,239.14,Individual,19.0,-6.298323113564848,144.8866854829028,-0.08915982283521015
30502262,Amplio Studio en Palermo Hollywood,46315317,Hernan Y Estela,Palermo,-34.58593,-58.43848,Entire home/apt,30603.0,2,139,2025-01-02,1.91,1,89,12,36.0,180.02,Individual,12.0,-6.298323113564848,144.8866854829028,-0.08927417876194937
13047770,"Bright Flat in Palermo Soho, Buenos Aires",1289035,Pablo,Palermo,-34.58341,-58.42804,Entire home/apt,30666.0,2,283,2025-01-16,2.68,2,56,24,36.08,180.39,Individual,12.0,-6.298323113564848,144.8866854829028,-0.08965860932417907
1718608,Stunning apartment in Palermo Soho with Parking!,8781853,Carolina,Palermo,-34.58214,-58.42733,Entire home/apt,46514.0,3,418,2025-01-25,3.07,2,329,46,54.72,273.61,Individual,23.0,-6.298323113564848,144.8866854829028,-0.08971917625498244
844644970391902661,Departamento Palermo,435324691,Ana,Palermo,-34.5858129,-58.4214083,Entire home/apt,43637.0,3,46,2025-01-15,2.19,1,0,21,51.34,256.69,Individual,21.0,-6.298323113564848,144.8866854829028,-0.08975184937690794
17656805,Beautiful apartment and great location in Palermo,112264250,Gabriel,Palermo,-34.582210540771484,-58.43560409545898,Entire home/apt,32143.0,3,96,2025-01-16,1.01,1,74,13,37.82,189.08,Individual,13.0,-6.298323113564848,144.8866854829028,-0.0898825418646099
1063795172894160266,Palermo Apart Botánico III,555032192,Luciana,Palermo,-34.5832041,-58.4192004,Private room,33607.0,1,61,2025-01-23,4.73,4,176,56,39.54,197.69,Profissional,14.0,-6.298323113564848,144.8866854829028,-0.09001036676448328
36168287,AP with an amazing view in the heart of Palermo,9877207,Gerardo,Palermo,-34.58185,-58.40738,Entire home/apt,62414.0,3,152,2025-01-15,2.26,1,137,34,73.43,367.14,Individual,34.0,-6.298323113564848,144.8866854829028,-0.0901161199277368
821113553452516827,Great  apartment in Palermo Soho! Special spot!,499891517,Eduardo,Palermo,-34.59150081162328,-58.42637296701211,Entire home/apt,56712.0,3,66,2025-01-27,2.76,1,334,30,66.72,333.6,Individual,30.0,-6.298323113564848,144.8866854829028,-0.09042173527298136
1260108341378118129,Departamento en Buenos Aires,496410187,Gloria,Palermo,-34.5861717,-58.4147901,Entire home/apt,29406.0,1,11,2025-01-04,3.03,1,360,11,34.6,172.98,Individual,11.0,-6.298323113564848,144.8866854829028,-0.09068407611099479
597974539741576698,Acogedor estudio industrial en Palermo Soho,392799941,Juliana,Palermo,-34.59294,-58.42904,Entire home/apt,40958.0,2,80,2024-12-14,2.4,1,170,19,48.19,240.93,Individual,19.0,-6.298323113564848,144.8866854829028,-0.0908897603652438
23012915,Renovated apartment in Palermo,68937827,Martin,Palermo,-34.5871832,-58.426317,Entire home/apt,40958.0,2,68,2025-01-05,0.81,2,258,38,48.19,240.93,Individual,19.0,-6.298323113564848,144.8866854829028,-0.0908897603652438
1095121439084946036,Monoambiente full equipado con balcón y pileta,562900192,Luciano,Palermo,-34.59699541801854,-58.415844552218914,Entire home/apt,27306.0,3,19,2025-01-28,1.72,2,316,19,32.12,160.62,Individual,9.5,-6.298323113564848,144.8866854829028,-0.09097287696397179
885495069860042967,"Studio en Buenos Aires, Palermo soho",27437180,Walter Ruben,Palermo,-34.5917391,-58.4224209,Entire home/apt,27306.0,6,41,2024-12-23,2.08,2,12,19,32.12,160.62,Individual,9.5,-6.298323113564848,144.8866854829028,-0.09097287696397179
1005332945095935502,Departamento nuevo en Palermo!,493155618,Ignacio,Palermo,-34.5689544374058,-58.44518903007238,Entire home/apt,34510.0,4,34,2025-01-08,2.38,2,282,29,40.6,203.0,Individual,14.5,-6.298323113564848,144.8866854829028,-0.09103535561999423
11649398,Delightful House in Colegiales,30710048,Luz,Colegiales,-34.57596949559938,-58.449518470926805,Entire home/apt,38112.0,3,29,2024-12-15,0.3,1,338,17,44.84,224.19,Individual,17.0,-25.39338022656716,170.99145541453709,-0.09106659494800545
1212190817892820271,"Moderno departamento Palermo, calidad y ubicación",498685476,Imanol,Palermo,-34.5734545,-58.4405782,Entire home/apt,38858.0,2,35,2025-01-18,6.52,2,74,35,45.72,228.58,Individual,17.5,-6.298323113564848,144.8866854829028,-0.09122661503849955
897000926386006919,Encantador y  cómodo departamento en Palermo!,513142272,Stella Maris,Palermo,-34.584681558179255,-58.42400520922623,Entire home/apt,30246.0,4,36,2025-01-25,1.95,2,290,23,35.58,177.92,Individual,11.5,-6.298323113564848,144.8866854829028,-0.09132463440427602
994781439261555598,Precioso monoambiente en Palermo Soho,23770067,Johanna,Palermo,-34.5897437,-58.42353589999999,Entire home/apt,29165.0,1,57,2025-01-13,3.65,4,268,43,34.31,171.56,Profissional,10.75,-6.298323113564848,144.8866854829028,-0.09132487336992842
833371965064478090,Beautiful apartment in Palermo,215745307,Maria Jose,Palermo,-34.59045169146021,-58.41429848822619,Entire home/apt,28807.0,1,85,2025-01-21,3.78,4,351,42,33.89,169.45,Profissional,10.5,-6.298323113564848,144.8866854829028,-0.09134097096523877
965250953022597342,PH ubicado cerca de barrio Naon.,533639299,Paula,Mataderos,-34.65133,-58.50627,Entire home/apt,32410.0,1,15,2024-12-22,0.91,1,174,13,38.13,190.65,Individual,13.0,-4.8729494172172,136.2138585081263,-0.09137221029324999
27876936,Palermo Soho- 606-Amazing Studio Security-GYM-Pool,210587283,Gaston,Palermo,-34.58293,-58.42374,Entire home/apt,46808.0,2,195,2025-01-12,2.54,1,326,23,55.07,275.34,Individual,23.0,-6.298323113564848,144.8866854829028,-0.09140105996473741
897188641452691898,Departamento en Palermo,11310946,Beatriz,Palermo,-34.588028,-58.4391489,Entire home/apt,29553.0,3,33,2025-01-06,1.76,1,243,11,34.77,173.84,Individual,11.0,-6.298323113564848,144.8866854829028,-0.09150099105573291
29362226,2 ambientes en Palermo. Todas las comodidades.,96366494,Gustavo Javier,Palermo,-34.59257,-58.41848,Entire home/apt,36758.0,4,72,2025-01-17,1.15,1,66,16,43.24,216.22,Individual,16.0,-6.298323113564848,144.8866854829028,-0.0915154158914766
1075299646134565080,Departamento Palermo Chico - Plaza Alemania,6046047,Daniela,Palermo,-34.5758765,-58.40744919999999,Entire home/apt,36758.0,2,16,2024-12-31,1.45,1,140,16,43.24,216.22,Individual,16.0,-6.298323113564848,144.8866854829028,-0.0915154158914766
29757502,Elegance and Comfort in Palermo! Apartment 603,8961849,Stan,Palermo,-34.57845,-58.42797,Entire home/apt,36758.0,2,119,2024-12-24,1.61,1,361,16,43.24,216.22,Individual,16.0,-6.298323113564848,144.8866854829028,-0.0915154158914766
812926789661807372,Cozy Studio in the Heart of Palermo,498067040,Paula,Palermo,-34.58376,-58.41836,Entire home/apt,36758.0,2,22,2024-11-11,1.43,1,90,16,43.24,216.22,Individual,16.0,-6.298323113564848,144.8866854829028,-0.0915154158914766
955232248809627409,"Departamento en Palermo, Buenos Aires",208944850,Leonardo,Palermo,-34.5869297,-58.4111823,Entire home/apt,59862.0,1,59,2025-01-19,3.35,1,257,32,70.43,352.13,Individual,32.0,-6.298323113564848,144.8866854829028,-0.09197483822025335
24177079,Palermo Suites,88489213,Julian,Palermo,-34.5957608,-58.4161645,Entire home/apt,28209.0,5,14,2025-01-12,0.97,1,151,10,33.19,165.94,Individual,10.0,-6.298323113564848,144.8866854829028,-0.09204591963976147
6281608,"Just renewed! Enjoy Palermo, enjoy Buenos Aires!",12977708,Tomas,Palermo,-34.57487,-58.43587,Entire home/apt,32651.0,2,154,2025-01-06,1.3,1,7,13,38.41,192.06,Individual,13.0,-6.298323113564848,144.8866854829028,-0.0927177172610539
944227596860743509,Luminoso departamento en cañitas,39955395,Nicolás,Palermo,-34.56736,-58.43611,Entire home/apt,28356.0,2,15,2025-01-06,0.85,1,346,10,33.36,166.8,Individual,10.0,-6.298323113564848,144.8866854829028,-0.09286283458449957
1023893980782502907,Palermo Calma & Buenavista,304117504,Orlando,Palermo,-34.58185,-58.41186,Entire home/apt,38438.0,1,35,2025-01-17,2.82,2,328,34,45.22,226.11,Individual,17.0,-6.298323113564848,144.8866854829028,-0.09289264011859649
33496701,Piso Premium en lo mejor de  Palermo.  Resérvalo !,193850348,Analia,Palermo,-34.58511,-58.42427,Entire home/apt,45159.0,1,365,2025-01-28,5.46,3,219,65,53.13,265.64,Profissional,21.666666666666668,-6.298323113564848,144.8866854829028,-0.09292852841475405
40504963,Apartment with parking in Palermo Soho,55277700,Marilé,Palermo,-34.58299,-58.42494,Entire home/apt,51461.0,2,106,2025-01-04,1.7,1,55,26,60.54,302.71,Individual,26.0,-6.298323113564848,144.8866854829028,-0.09327420309299761
1221993350841061576,Cómodo y moderno monoambiente en Palermo Soho,509994075,Mariano,Palermo,-34.59187593410322,-58.42554887687043,Entire home/apt,29406.0,1,32,2024-12-31,5.78,3,137,32,34.6,172.98,Profissional,10.666666666666666,-6.298323113564848,144.8866854829028,-0.09339655350701649
589941547274687782,Moderno Depto  Palermo Soho con solarium y jacuzzi,163309291,Cristian,Palermo,-34.58318,-58.42793,Entire home/apt,35707.0,3,62,2025-01-03,1.81,1,149,15,42.01,210.04,Individual,15.0,-6.298323113564848,144.8866854829028,-0.09374222818526008
971584925757005586,Unico en Palermo Soho,23787148,ALe,Palermo,-34.5938396,-58.42986200000001,Entire home/apt,43637.0,4,49,2025-01-28,3.19,2,1,41,51.34,256.69,Individual,20.5,-6.298323113564848,144.8866854829028,-0.0938205654709405
1090699494676681911,"3 ambientes, full amenities",663919149,Luciana Sandra,Palermo,-34.588425545985345,-58.43860183862304,Entire home/apt,43637.0,2,41,2024-12-22,3.54,2,6,41,51.34,256.69,Individual,20.5,-6.298323113564848,144.8866854829028,-0.0938205654709405
1242924789895549730,"Encantador, excelente ubicación!",651345063,Rosana,Palermo,-34.5761047,-58.4200009,Entire home/apt,47260.0,2,23,2025-01-28,7.26,1,339,23,55.6,278.0,Individual,23.0,-6.298323113564848,144.8866854829028,-0.09394791243950912
26948860,Beautiful loft in Palermo (Hollywood),121604239,Federico,Palermo,-34.57775,-58.43069,Entire home/apt,54464.0,2,87,2024-12-30,1.29,1,328,28,64.08,320.38,Individual,28.0,-6.298323113564848,144.8866854829028,-0.09401039109553153
1059681809827204347,Hospedaje en Palermo,459652721,Gabriela,Palermo,-34.594588456294055,-58.42072055058226,Entire home/apt,31507.0,3,13,2024-12-25,1.0,1,268,12,37.07,185.34,Individual,12.0,-6.298323113564848,144.8866854829028,-0.09441593753177158
1052481608085514026,Fabuloso Depto a estrenar,147045108,Jesica,Palermo,-34.59595907782244,-58.42453189194202,Entire home/apt,31507.0,2,13,2024-11-17,0.99,1,249,12,37.07,185.34,Individual,12.0,-6.298323113564848,144.8866854829028,-0.09441593753177158
854469932272412522,Beautiful apartment & terrace surrounded by trees,485184737,Doli & Chelo,Colegiales,-34.5692489,-58.4532497,Entire home/apt,31507.0,2,37,2024-12-14,1.73,1,236,12,37.07,185.34,Individual,12.0,-25.39338022656716,170.99145541453709,-0.09441593753177158
605238834363434514,APARTAMENTO SUPER CONFORTABLE,454340606,Matias,Palermo,-34.5953,-58.41571,Entire home/apt,30152.0,3,90,2024-12-01,3.0,2,52,22,35.47,177.36,Individual,11.0,-6.298323113564848,144.8866854829028,-0.09486475847524274
948679868990492731,Cozy Apartment in Palermo. Strategic zone. Balcony,65517411,Cecilia,Palermo,-34.59689,-58.41691,Entire home/apt,34489.0,2,28,2024-11-17,1.68,1,230,14,40.58,202.88,Individual,14.0,-6.298323113564848,144.8866854829028,-0.09500796407346933
615147562816792004,The best location in Palermo Soho,5743725,Agustina,Palermo,-34.58794,-58.42895,Entire home/apt,38858.0,3,52,2024-12-18,1.68,1,321,17,45.72,228.58,Individual,17.0,-6.298323113564848,144.8866854829028,-0.09529533113253211
1102324951993465642,Palermo Gascon Square !,109150498,Sheila,Palermo,-34.59665125164379,-58.424193835226525,Entire home/apt,30309.0,2,11,2025-01-20,1.1,1,41,11,35.66,178.29,Individual,11.0,-6.298323113564848,144.8866854829028,-0.09577778106053826
1078923761343013838,Departamento en Palermo Soho,558881652,BA Home And Rent,Palermo,-34.582354463209136,-58.4211488056563,Entire home/apt,32651.0,1,63,2025-01-25,5.37,5,76,63,38.41,192.06,Profissional,12.6,-6.298323113564848,144.8866854829028,-0.09597269013627995
1102213460904561195,Estudio moderno y luminoso en Palermo,49736591,Manuel,Palermo,-34.59680840572118,-58.42548192448184,Entire home/apt,41862.0,3,19,2024-12-19,1.72,1,151,19,49.25,246.25,Individual,19.0,-6.298323113564848,144.8866854829028,-0.0959834653147873
9606231,Loft Moderno y luminoso,1969422,Mario,Colegiales,-34.57351,-58.44662,Entire home/apt,34689.0,3,33,2025-01-14,0.32,1,244,14,40.81,204.05,Individual,14.0,-25.39338022656716,170.99145541453709,-0.09611320193987972
829697683817286702,"Charming 1-BR in Las Cañitas, Palermo!",501670103,Marina,Palermo,-34.5708670617781,-58.4327550877542,Entire home/apt,30456.0,4,23,2025-01-14,1.0,1,49,11,35.83,179.15,Individual,11.0,-6.298323113564848,144.8866854829028,-0.09659469600527636
21739830,Bright and cozy Palermo Soho Studio,3160552,Marina,Palermo,-34.58124,-58.42856,Entire home/apt,38406.0,3,180,2024-12-23,2.08,2,236,33,45.18,225.92,Individual,16.5,-6.298323113564848,144.8866854829028,-0.09676914093151417
922531183594986151,La casa de Pampa,59530259,Marian,Palermo,-34.5855281,-58.4205007,Entire home/apt,42009.0,3,49,2024-09-26,2.57,1,148,19,49.42,247.11,Individual,19.0,-6.298323113564848,144.8866854829028,-0.09680038025952542
1013225618379343874,Depto con terraza en Palermo,209503022,Manuel,Palermo,-34.5975753,-58.42247459999999,Entire home/apt,42009.0,3,28,2025-01-03,1.86,1,77,19,49.42,247.11,Individual,19.0,-6.298323113564848,144.8866854829028,-0.09680038025952542
30402407,Luminoso y amplio studio en pleno Palermo,36215286,Juan,Palermo,-34.58267,-58.43446,Entire home/apt,42009.0,7,70,2025-01-16,0.94,1,49,19,49.42,247.11,Individual,19.0,-6.298323113564848,144.8866854829028,-0.09680038025952542
26606257,Cozy studio in Palermo Holywood,12118275,Milena,Palermo,-34.58096,-58.44248,Entire home/apt,29102.0,4,65,2024-12-19,0.82,1,297,10,34.24,171.19,Individual,10.0,-6.298323113564848,144.8866854829028,-0.09709157076902625
1227542754151481906,Exclusivo departamento de diseño. Palermo Holywood,159251417,Yamila,Palermo,-34.57983709573579,-58.433693655252206,Entire home/apt,32704.0,2,25,2025-01-16,5.07,2,348,25,38.48,192.38,Individual,12.5,-6.298323113564848,144.8866854829028,-0.09712281009703742
38122492,Excelencia y Calidez en Palermo,289435697,Patricia,Colegiales,-34.58187,-58.44737,Entire home/apt,39908.0,2,71,2025-01-26,1.12,2,306,35,46.95,234.75,Individual,17.5,-25.39338022656716,170.99145541453709,-0.09713723493278117
1114737562607335651,Apartment in Palermo with dry breakfast included,552706726,Jennifer,Palermo,-34.58151,-58.43313,Entire home/apt,81014.0,2,46,2025-01-18,4.86,1,143,46,95.31,476.55,Individual,46.0,-6.298323113564848,144.8866854829028,-0.09760869244077786
40451368,Palermo Soho Home Apart. en Soler y Borges,50551152,Estela,Palermo,-34.58626174926758,-58.42563247680664,Entire home/apt,34962.0,3,71,2025-01-14,1.14,2,25,28,41.13,205.66,Individual,14.0,-6.298323113564848,144.8866854829028,-0.09765092418879852
960238355608274309,Beautiful Loft in the heart of Palermo SoHo,2716173,Sergio,Palermo,-34.5872932,-58.4219641,Entire home/apt,49360.0,3,41,2025-01-12,2.45,1,156,24,58.07,290.35,Individual,24.0,-6.298323113564848,144.8866854829028,-0.09767977386028592
1026270119493374964,Haus Buenos Aires - Palermo I,48337310,Nelson,Palermo,-34.5788517765382,-58.43596032537842,Entire home/apt,43637.0,3,25,2024-12-28,1.74,1,0,20,51.34,256.69,Individual,20.0,-6.298323113564848,144.8866854829028,-0.09788928156497306
29531845,Departamento  en Palermo Hollywood,139482182,Myriam,Palermo,-34.58166,-58.43415,Entire home/apt,43637.0,2,136,2025-01-28,1.84,1,1,20,51.34,256.69,Individual,20.0,-6.298323113564848,144.8866854829028,-0.09788928156497306
1093530632233221442,Penthouse Unico. Terraza vista a río y ecooqrque,329997855,Mariana,Palermo,-34.57995528522594,-58.41588109731674,Entire home/apt,43637.0,4,20,2025-01-24,1.75,1,5,20,51.34,256.69,Individual,20.0,-6.298323113564848,144.8866854829028,-0.09788928156497306
903590993066154650,"Esmeralda Apt 1BR+Balcony, Palermo Soho",281867980,Angela Maria,Palermo,-34.5828422,-58.4263826,Entire home/apt,36453.0,1,30,2025-01-07,1.59,1,248,15,42.89,214.43,Individual,15.0,-6.298323113564848,144.8866854829028,-0.09797096436978676
25674078,Encantador apartamento en Palermo Soho!,3422183,Vicky,Palermo,-34.58817,-58.42943,Entire home/apt,72465.0,2,102,2025-01-14,3.92,1,46,40,85.25,426.26,Individual,40.0,-6.298323113564848,144.8866854829028,-0.09809114236878402
22303955,Cómodo departamento 3 ambientes tipo  Loft Palermo,10897664,Carolina,Palermo,-34.58635,-58.41405,Entire home/apt,33607.0,3,24,2024-12-09,1.27,1,70,13,39.54,197.69,Individual,13.0,-6.298323113564848,144.8866854829028,-0.09814779895254838
942945517179879661,"Studio apartment in Palermo Hollywood, Fitz Roy",281759316,Martin,Palermo,-34.58106120000001,-58.4329466,Entire home/apt,33607.0,3,30,2024-12-16,1.7,1,280,13,39.54,197.69,Individual,13.0,-6.298323113564848,144.8866854829028,-0.09814779895254838
30975209,Hermoso departamento en Palermo Hollywood,100111344,Betiana,Palermo,-34.57981,-58.43498,Entire home/apt,45159.0,2,188,2025-01-14,2.55,1,61,21,53.13,265.64,Individual,21.0,-6.298323113564848,144.8866854829028,-0.09835348320679743
1010177586075879334,Hermoso duplex Palermo Hollywood con piscina,89915914,Sofia,Palermo,-34.5848803,-58.4417152,Entire home/apt,35109.0,2,20,2024-09-23,1.37,1,287,14,41.3,206.52,Individual,14.0,-6.298323113564848,144.8866854829028,-0.09846783913353661
670883718466371020,La Calidez de una Casa en medio de Palermo Soho,246010398,Mariel,Palermo,-34.5904203,-58.43263609999999,Entire home/apt,43059.0,1,95,2025-01-04,3.14,2,268,39,50.66,253.29,Individual,19.5,-6.298323113564848,144.8866854829028,-0.09869033788005313
27257100,Departamento Estudio en Puerto Madero cerca U.C.A.,176397016,Mariana Andrea,Puerto Madero,-34.61458,-58.36328,Entire home/apt,68264.0,1,137,2025-01-15,1.75,1,83,37,80.31,401.55,Individual,37.0,49.42092904885493,223.15875845114505,-0.09876485171529545
1081106074997129477,Departamento  nuevo y moderno en palermo,227816718,Sergio,Palermo,-34.59044130000001,-58.4166791,Entire home/apt,29406.0,3,20,2025-01-15,1.7,2,194,20,34.6,172.98,Individual,10.0,-6.298323113564848,144.8866854829028,-0.09882150829905989
1707508,Lovely Loft in front of Plaza Armenia Palermo Soho,6661567,Claudia,Palermo,-34.58828,-58.42508,Entire home/apt,29406.0,2,242,2025-01-11,1.77,2,121,20,34.6,172.98,Individual,10.0,-6.298323113564848,144.8866854829028,-0.09882150829905989
1100899229074423950,Departamento 2 ambientes minimalista y luminoso,171670659,Luciana,Palermo,-34.58715,-58.42801,Entire home/apt,35182.0,4,28,2025-01-14,2.75,2,129,28,41.39,206.95,Individual,14.0,-6.298323113564848,144.8866854829028,-0.09890032351604504
49008017,The best option in Palermo! Close to everything!,93476705,Juan Manuel,Palermo,-34.592,-58.41629,Entire home/apt,32861.0,4,123,2025-01-28,2.7,3,328,37,38.66,193.3,Profissional,12.333333333333334,-6.298323113564848,144.8866854829028,-0.0993440175600651
13280084,Studio Apartment in Palermo´s Best Area,52336905,Diego,Palermo,-34.57949,-58.43706,Entire home/apt,38858.0,2,291,2025-01-17,2.77,2,332,33,45.72,228.58,Individual,16.5,-6.298323113564848,144.8866854829028,-0.09936404722656464
829037139773585651,Palermo! Excelente zona. Diseño y confort. Nuevo.,28170366,Lionel,Palermo,-34.576317,-58.4218616,Entire home/apt,36758.0,4,37,2024-12-27,1.61,1,336,15,43.24,216.22,Individual,15.0,-6.298323113564848,144.8866854829028,-0.09965284807954171
832009973367759347,Departamento Palermo Hollywood monoambiente,433370267,Noelia,Palermo,-34.5815,-58.4298,Entire home/apt,36758.0,2,16,2024-09-02,1.3,1,86,15,43.24,216.22,Individual,15.0,-6.298323113564848,144.8866854829028,-0.09965284807954171
863871584146896403,Cozy Studio in Palermo Soho: Chic location,12911559,Delfina,Palermo,-34.5905601,-58.42522260000001,Entire home/apt,36758.0,5,28,2024-12-16,1.31,1,168,15,43.24,216.22,Individual,15.0,-6.298323113564848,144.8866854829028,-0.09965284807954171
54160162,Palermo Hermoso depto todo luz y sol,433709224,Delfina,Palermo,-34.58472,-58.41405,Entire home/apt,34657.0,4,60,2025-01-05,1.73,2,54,27,40.77,203.86,Individual,13.5,-6.298323113564848,144.8866854829028,-0.09998970275279746
700090091212174579,Best riverfront balcony in Puerto Madero,16498451,Daniel,Puerto Madero,-34.6202209,-58.36509109999999,Entire home/apt,62749.0,1,133,2025-01-24,4.73,2,332,66,73.82,369.11,Individual,33.0,49.42092904885493,223.15875845114505,-0.10012765110667163
5904336,"Charming apartment, palermo zoo",12047637,Pablo Miguel,Palermo,-34.57855,-58.4118,Entire home/apt,29711.0,3,11,2025-01-23,0.86,1,34,10,34.95,174.77,Individual,10.0,-6.298323113564848,144.8866854829028,-0.10050339200881483
750693281580117906,Design Studio - Palermo Soho - Security 7x24,485935142,Paula,Palermo,-34.58477,-58.42781,Entire home/apt,44109.0,2,36,2024-12-19,1.38,1,335,20,51.89,259.46,Individual,20.0,-6.298323113564848,144.8866854829028,-0.10053224168030223
53540425,Lugar Mágico en Exclusiva Zona de Palermo,94596433,Maria Victoria,Palermo,-34.58322,-58.40025,Entire home/apt,40523.0,2,109,2025-01-14,2.94,2,154,35,47.67,238.37,Individual,17.5,-6.298323113564848,144.8866854829028,-0.10059710999284843
45179171,Meme House STUDIO,19468164,Dama,Palermo,-34.58257,-58.40043,Entire home/apt,41263.0,4,75,2024-12-30,1.78,1,330,18,48.54,242.72,Individual,18.0,-6.298323113564848,144.8866854829028,-0.10070907626306383
1095630161112873662,Holly Studio’s Palermo Hollywood,6043539,Santiago,Palermo,-34.58324124922891,-58.43350019305944,Entire home/apt,37062.0,2,45,2025-01-30,4.13,3,75,45,43.6,218.01,Profissional,15.0,-6.298323113564848,144.8866854829028,-0.10138278560957532
1003783122491041245,Wonderful Apt in Palermo Chico - Barrio Parque,542163994,Juan Carlos,Palermo,-34.5764656,-58.40560129999999,Entire home/apt,37062.0,3,22,2025-01-16,1.46,1,331,15,43.6,218.01,Individual,15.0,-6.298323113564848,144.8866854829028,-0.10138278560957532
893337526529864449,Comfortable & modern apartment with sauna & gym,515182115,Matias,Palermo,-34.5819455,-58.42805289999999,Entire home/apt,44256.0,7,53,2025-01-13,2.59,1,42,20,52.07,260.33,Individual,20.0,-6.298323113564848,144.8866854829028,-0.10139721044531902
1021925389711369156,Departamento con balcón terraza Palermo,23770067,Johanna,Palermo,-34.5934742,-58.4298837,Entire home/apt,30603.0,1,47,2025-01-11,3.26,4,247,42,36.0,180.02,Profissional,10.5,-6.298323113564848,144.8866854829028,-0.10148032704404703
937691767121296823,Departamento  en Palermo SoHo - Buenos Aires,3514785,Regina,Palermo,-34.58247110000001,-58.42254849999999,Entire home/apt,55809.0,3,41,2024-12-25,2.32,1,122,28,65.66,328.29,Individual,28.0,-6.298323113564848,144.8866854829028,-0.10160289469956801
52836600,"Descuento mensual
Palermo
Nuevo- con Balcón y luz",237996275,Susana,Palermo,-34.58982,-58.41322,Entire home/apt,42912.0,7,97,2024-12-23,2.45,1,328,19,50.48,252.42,Individual,19.0,-6.298323113564848,144.8866854829028,-0.10189408520906887
1072570190172565613,Ubicación ideal en cómodo estudio en Palermo,518876148,Federico,Palermo,-34.5889918,-58.4163594,Entire home/apt,33607.0,2,25,2024-12-09,2.08,2,362,25,39.54,197.69,Individual,12.5,-6.298323113564848,144.8866854829028,-0.10221651504658093
836202968421250373,Palermo Nuevo - Studio Impecable,97454391,Nicolas,Palermo,-34.5739926,-58.4226572,Entire home/apt,33607.0,4,53,2025-01-15,2.3,2,365,25,39.54,197.69,Individual,12.5,-6.298323113564848,144.8866854829028,-0.10221651504658093
39195251,Departamento en Cañitas. Estratégica ubicación.,300032398,Alexandra,Palermo,-34.57046,-58.43278,Entire home/apt,48762.0,1,99,2024-12-01,1.56,1,176,23,57.37,286.84,Individual,23.0,-6.298323113564848,144.8866854829028,-0.10245343862884115
1039938730318500050,Luminoso departamento en Palermo Hollywood.,300591035,Patricia,Palermo,-34.58491,-58.43526,Entire home/apt,31507.0,3,15,2024-12-02,1.09,1,249,11,37.07,185.34,Individual,11.0,-6.298323113564848,144.8866854829028,-0.10255336971983668
558054557468710051,Hermoso Studio Piscina Gym Parrilla en Palermo,435790860,Matias,Palermo,-34.59521,-58.42226,Entire home/apt,31507.0,3,27,2024-12-09,0.75,1,275,11,37.07,185.34,Individual,11.0,-6.298323113564848,144.8866854829028,-0.10255336971983668
1043571844803801842,Palermo Hollywood Studio,52900394,Diego,Palermo,-34.5759693,-58.4339448,Entire home/apt,31507.0,3,25,2025-01-25,1.89,2,209,22,37.07,185.34,Individual,11.0,-6.298323113564848,144.8866854829028,-0.10255336971983668
32019677,Cool & Cozy apartment in Palermo.,150105586,Santiago,Palermo,-34.57914,-58.42425,Entire home/apt,33008.0,3,81,2025-01-13,1.14,2,161,24,38.83,194.16,Individual,12.0,-6.298323113564848,144.8866854829028,-0.10287340990082491
827635227827639863,departamento en palermo,497604264,Gadiel,Palermo,-34.5707802,-58.43283,Entire home/apt,30152.0,1,140,2025-01-14,5.94,8,60,80,35.47,177.36,Profissional,10.0,-6.298323113564848,144.8866854829028,-0.10300219066330785
600247492148936313,Palermo Soho- 1 Bedroom- 7/24 Security-2 balconies,453268983,Marta Rosa Ester,Palermo,-34.58511,-58.4261,Entire home/apt,58959.0,2,71,2025-01-16,2.2,1,309,30,69.36,346.82,Individual,30.0,-6.298323113564848,144.8866854829028,-0.10310794382656141
53862385,Palermo Chico sobre Av. Libertador Jardin Japonés,98917775,Arquitecta Cynthia,Palermo,-34.57914,-58.40725,Entire home/apt,34510.0,3,127,2025-01-25,3.43,3,50,39,40.6,203.0,Profissional,13.0,-6.298323113564848,144.8866854829028,-0.10324150390209189
12173563,"Cute Lil' Studio on famous Thames Street, Palermo!",107517,Priscila,Palermo,-34.58438,-58.42583,Entire home/apt,38858.0,3,162,2025-01-19,1.64,1,360,16,45.72,228.58,Individual,16.0,-6.298323113564848,144.8866854829028,-0.1034327633205972
1155021615844721848,"Palermo, Distrito Polo, Corazón de Las Cañitas",171635396,Celia,Palermo,-34.57377382938985,-58.43320725716887,Entire home/apt,38858.0,5,16,2024-12-30,2.02,1,174,16,45.72,228.58,Individual,16.0,-6.298323113564848,144.8866854829028,-0.1034327633205972
585583920055377338,Cozy apartment in the best and trendiest location!,302915045,Irene,Palermo,-34.58066,-58.41513,Entire home/apt,30309.0,3,16,2024-12-27,0.68,1,351,10,35.66,178.29,Individual,10.0,-6.298323113564848,144.8866854829028,-0.10391521324860337
39318284,Departamento 2 ambientes cálido y luminoso Palermo,99375199,Eva Adriana,Palermo,-34.59757,-58.41778,Entire home/apt,34657.0,2,13,2025-01-27,2.52,1,124,13,40.77,203.86,Individual,13.0,-6.298323113564848,144.8866854829028,-0.10405841884683001
947958353500210747,Tu habitación en Palermo Soho,519660058,Sergio,Palermo,-34.5878211,-58.42788059999999,Private room,30005.0,2,66,2024-12-25,3.68,4,330,39,35.3,176.5,Profissional,9.75,-6.298323113564848,144.8866854829028,-0.10421963376558599
955881490409067147,"2 ambientes nuevo con balcón, Palermo",14236683,Matias,Palermo,-34.5731495,-58.43836599999999,Entire home/apt,33754.0,1,61,2024-12-29,3.47,3,32,37,39.71,198.55,Profissional,12.333333333333334,-6.298323113564848,144.8866854829028,-0.1043896686893299
1055171233927883220,Gran departamento con piscina.,64457880,Marcelo Martin,Palermo,-34.57339416998864,-58.43336694424937,Entire home/apt,30456.0,4,10,2024-12-08,0.91,1,251,10,35.83,179.15,Individual,10.0,-6.298323113564848,144.8866854829028,-0.10473212819334146
1106735822435252370,Depto. 2 ambientes Belgrano. Excelente ubicación,132127599,Tania,Colegiales,-34.5684316,-58.4547142,Entire home/apt,30456.0,2,10,2025-01-21,1.04,1,172,10,35.83,179.15,Individual,10.0,-25.39338022656716,170.99145541453709,-0.10473212819334146
1204235216097436176,Luminoso estudio en Palermo,3390327,Lucila,Palermo,-34.5766532,-58.42221819999999,Entire home/apt,30456.0,2,10,2024-12-07,1.58,1,165,10,35.83,179.15,Individual,10.0,-6.298323113564848,144.8866854829028,-0.10473212819334146
826951527577656019,Marianela's Homes 48 Palermo soho.,287729113,Marianela,Palermo,-34.58812,-58.43008,Entire home/apt,32861.0,2,81,2025-01-11,3.43,3,355,35,38.66,193.3,Profissional,11.666666666666666,-6.298323113564848,144.8866854829028,-0.1047689723521085
1137696453172209942,Gran departamento a Estrenar en Palermo Hollywood,283632849,Laura,Palermo,-34.58635,-58.44125,Entire home/apt,32273.0,2,45,2025-01-14,4.95,4,241,45,37.97,189.84,Profissional,11.25,-6.298323113564848,144.8866854829028,-0.10484385549790448
53509611,Superb Sleep & Internet in the heart of Palermo,57929582,Leo,Palermo,-34.57752990722656,-58.42481994628906,Entire home/apt,42009.0,1,64,2024-12-29,1.65,1,297,18,49.42,247.11,Individual,18.0,-6.298323113564848,144.8866854829028,-0.10493781244759051
1047035384581890320,Amplio departamento en Belgrano,6956372,Silvana,Colegiales,-34.57151493102781,-58.44375730102417,Entire home/apt,42009.0,3,18,2025-01-06,1.89,1,250,18,49.42,247.11,Individual,18.0,-25.39338022656716,170.99145541453709,-0.10493781244759051
1021803381054163875,Amplio Monoambiente con piscina y balcón,56641761,Carla,Palermo,-34.570098261026864,-58.443400661578,Entire home/apt,42009.0,1,21,2024-12-17,1.46,1,40,18,49.42,247.11,Individual,18.0,-6.298323113564848,144.8866854829028,-0.10493781244759051
845019478506539184,El corazón de Palermo,156892979,Diego,Palermo,-34.58871232710715,-58.422410521159314,Entire home/apt,42009.0,2,47,2024-12-08,2.08,1,265,18,49.42,247.11,Individual,18.0,-6.298323113564848,144.8866854829028,-0.10493781244759051
760125605829568411,Hermoso Studio c/ Pileta Palermo,144305509,Leo,Palermo,-34.576862724449704,-58.43950977041712,Entire home/apt,39191.0,2,25,2025-01-21,1.13,1,52,16,46.11,230.54,Individual,16.0,-6.298323113564848,144.8866854829028,-0.10530686231146696
631853982028683344,MonoLeo,458024980,Viviana,Palermo,-34.587761,-58.416756,Entire home/apt,29858.0,2,69,2025-01-18,2.12,2,278,19,35.13,175.64,Individual,9.5,-6.298323113564848,144.8866854829028,-0.10543707686786417
946874,Todo para pasarla bien en Palermo 6F,2953927,Rodrigo,Palermo,-34.58651,-58.41032,Entire home/apt,37808.0,3,17,2024-12-10,0.13,1,307,15,44.48,222.4,Individual,15.0,-6.298323113564848,144.8866854829028,-0.10561152179410198
901444402161171935,Studio apt w/pool & free wifi,7433706,Maria Agostina,Palermo,-34.596088512047935,-58.41557130217552,Entire home/apt,43637.0,4,34,2024-08-17,1.77,1,0,19,51.34,256.69,Individual,19.0,-6.298323113564848,144.8866854829028,-0.10602671375303815
1011724613817971349,Cómodo departamento en Palermo Hollywood,35861584,Veronica,Palermo,-34.58002,-58.43188,Entire home/apt,33607.0,1,32,2024-12-14,2.19,2,23,24,39.54,197.69,Individual,12.0,-6.298323113564848,144.8866854829028,-0.10628523114061347
1104460479276602467,Un jardín en altura / Palermo Soho,94778980,Max,Palermo,-34.58282,-58.42457,Entire home/apt,33607.0,2,12,2024-10-20,1.13,1,171,12,39.54,197.69,Individual,12.0,-6.298323113564848,144.8866854829028,-0.10628523114061347
51618264,Cozy apartment in Palermo Soho,418138743,Clara,Palermo,-34.5806,-58.42261,Entire home/apt,35109.0,3,56,2025-01-18,1.48,1,240,13,41.3,206.52,Individual,13.0,-6.298323113564848,144.8866854829028,-0.10660527132160172
652774812485734423,Nice VIEW & Balcony. Studio at Hollywood /SOHO,44919164,Gonzalo,Palermo,-34.58117483384317,-58.43059167265892,Entire home/apt,29553.0,3,114,2025-01-27,3.91,7,296,64,34.77,173.84,Profissional,9.142857142857142,-6.298323113564848,144.8866854829028,-0.10661336511928239
1247138821469804566,Soho dpto con pile para 2 summerlove,504641495,Lumi,Palermo,-34.58207941458092,-58.42750411480665,Entire home/apt,31507.0,2,21,2025-01-24,4.81,2,337,21,37.07,185.34,Individual,10.5,-6.298323113564848,144.8866854829028,-0.10662208581386923
997920727616996194,Trendy apartment in Palermo SOHO,21914269,Sebastian,Palermo,-34.5843805,-58.4265479,Entire home/apt,68264.0,2,49,2025-01-05,3.27,1,220,36,80.31,401.55,Individual,36.0,-6.298323113564848,144.8866854829028,-0.10690228390336051
684100378812923189,Cómodo departamento en las Cañitas. 3 ambientes,484511875,Jorge,Palermo,-34.5632281010774,-58.44139088911081,Entire home/apt,43805.0,30,63,2024-12-16,2.14,1,98,19,51.54,257.68,Individual,19.0,-6.298323113564848,144.8866854829028,-0.10698779015861237
21173371,PALERMO HOLLYWOOD-MODERNO ESTUDIO C/PILETA,46980335,Leandro,Palermo,-34.57815,-58.43259,Entire home/apt,40958.0,1,221,2025-01-27,2.56,1,335,17,48.19,240.93,Individual,17.0,-6.298323113564848,144.8866854829028,-0.107164624741374
992129115652279204,Studio a estrenar con terraza privada en Palermo,29319079,Alberto,Palermo,-34.5914479,-58.4262458,Entire home/apt,40958.0,3,19,2025-01-08,1.44,1,218,17,48.19,240.93,Individual,17.0,-6.298323113564848,144.8866854829028,-0.107164624741374
1183958762465644733,The fanciest in town- NewPalermo,584826673,Mariana,Palermo,-34.58379365494164,-58.43482562159991,Entire home/apt,30204.0,1,19,2025-01-19,2.88,2,332,19,35.53,177.67,Individual,9.5,-6.298323113564848,144.8866854829028,-0.10735922967901267
981234938365013360,Departamento en el corazón de Palermo,218125442,Nina,Palermo,-34.58362,-58.42788,Entire home/apt,40654.0,1,69,2025-01-20,5.61,4,98,67,47.83,239.14,Profissional,16.75,-6.298323113564848,144.8866854829028,-0.10746904525835663
663308219690640324,Departamento en Palermo Buenos Aires,435712096,Lucio,Palermo,-34.58647,-58.42747,Entire home/apt,42460.0,10,55,2025-01-23,1.78,1,116,18,49.95,249.76,Individual,18.0,-6.298323113564848,144.8866854829028,-0.10748466492236225
813778020758584230,Cute Studio Apartment,498255341,Santiago,Palermo,-34.57482,-58.43906,Entire home/apt,30971.0,5,33,2025-01-27,1.36,1,240,10,36.44,182.18,Individual,10.0,-6.298323113564848,144.8866854829028,-0.1076634112303429
1044290630299757591,¡Hermoso Studio en Palermo!,518908218,Ignacio Agustin,Palermo,-34.57636989813876,-58.42296612371145,Entire home/apt,36758.0,6,15,2024-11-03,1.15,1,29,14,43.24,216.22,Individual,14.0,-6.298323113564848,144.8866854829028,-0.1077902802676068
843497874886809614,Palermo en Av. Santa Fe - 2 habitaciones - 3 camas,504627137,Lia Ines,Palermo,-34.576515,-58.43253499999999,Entire home/apt,36758.0,2,24,2024-12-07,1.27,1,189,14,43.24,216.22,Individual,14.0,-6.298323113564848,144.8866854829028,-0.1077902802676068
1013959161652429648,Casa Afrodita - Palermo Cañitas,544173687,Gabriela,Palermo,-34.56678,-58.43149,Entire home/apt,36758.0,30,24,2024-12-01,1.64,1,20,14,43.24,216.22,Individual,14.0,-6.298323113564848,144.8866854829028,-0.1077902802676068
45604176,Amazing Riverfront Apartment in Puerto Madero.,16498451,Daniel,Puerto Madero,-34.62027,-58.364937,Entire home/apt,57627.0,1,182,2025-01-28,3.65,2,330,57,67.8,338.98,Individual,28.5,49.42092904885493,223.15875845114505,-0.10781769614517989
910233113455084395,Cozy and Nice Studio in heart of Palermo Hollywood,511731401,Tina,Palermo,-34.57984016751552,-58.43514757599959,Entire home/apt,54128.0,1,33,2025-01-27,1.74,1,324,26,63.68,318.4,Individual,26.0,-6.298323113564848,144.8866854829028,-0.10836310266051324
1254578514243282813,Palermo Hollywood apartamento barato para grupos,203507346,@Bar.Palladino,Palermo,-34.58308,-58.4343,Entire home/apt,31118.0,1,10,2025-01-16,3.09,1,353,10,36.61,183.05,Individual,10.0,-6.298323113564848,144.8866854829028,-0.10848032617508102
697927237259245536,Moderno Depto Con La Mejor Vista de Buenos Aires,87617689,Martin,Palermo,-34.5792,-58.41502,Entire home/apt,34510.0,2,90,2025-01-10,3.18,3,30,37,40.6,203.0,Profissional,12.333333333333334,-6.298323113564848,144.8866854829028,-0.10866645869413528
14013980,Palermo porteño (1 ó 2 dormitorios),11001650,Marcos,Palermo,-34.58309,-58.42593,Entire home/apt,45579.0,4,112,2024-11-24,1.08,1,331,20,53.62,268.11,Individual,20.0,-6.298323113564848,144.8866854829028,-0.10884555258851941
968015079212428313,Luminoso en Palermo Holywood,390478267,Paula Inés,Palermo,-34.58342,-58.44283,Entire home/apt,42009.0,2,73,2025-01-09,4.36,2,143,35,49.42,247.11,Individual,17.5,-6.298323113564848,144.8866854829028,-0.10900652854162307
960024860152322812,apto súper confortable,454340606,Matias,Palermo,-34.59467252157642,-58.41718789411798,Entire home/apt,31958.0,3,30,2025-01-02,1.82,2,69,21,37.6,187.99,Individual,10.5,-6.298323113564848,144.8866854829028,-0.10916893828864097
683073264332075634,"GuemesBA en el corazón de Palermo. 
100% renovado!",81636090,Julio,Palermo,-34.58318,-58.42054,Entire home/apt,39908.0,10,92,2024-11-18,3.63,2,8,32,46.95,234.75,Individual,16.0,-6.298323113564848,144.8866854829028,-0.10934338321487883
724066426238251585,Luminoso estudio XL Rosedal de Palermo,186149743,Joaquín,Palermo,-34.573884,-58.42003140000001,Entire home/apt,39908.0,2,52,2025-01-01,1.86,1,61,16,46.95,234.75,Individual,16.0,-6.298323113564848,144.8866854829028,-0.10934338321487883
792824480582213634,Palermo Soho Balcón Privado y a Pasos de Don Julio,16596049,Leila,Palermo,-34.5851725,-58.4246591,Entire home/apt,39457.0,2,83,2025-01-22,3.29,3,146,47,46.42,232.1,Profissional,15.666666666666666,-6.298323113564848,144.8866854829028,-0.10950900813612877
37490794,Ubicación única a metros del famoso restoDon Julio,193850348,Analia,Palermo,-34.58567428588867,-58.423484802246094,Entire home/apt,41883.0,1,285,2025-01-27,4.5,3,149,52,49.27,246.37,Profissional,17.333333333333332,-6.298323113564848,144.8866854829028,-0.10964195993545323
1065409453665917639,Excelente departamento en Palermo,502782887,Emilia,Palermo,-34.5821482,-58.4277914,Entire home/apt,34206.0,4,24,2025-01-08,2.04,2,249,24,40.24,201.21,Individual,12.0,-6.298323113564848,144.8866854829028,-0.10964899856012333
38378307,Departamento con vista al Jardín Botánico,84001864,Matías Agustín,Palermo,-34.581404,-58.41537,Entire home/apt,50053.0,2,160,2025-01-11,2.45,1,85,23,58.89,294.43,Individual,23.0,-6.298323113564848,144.8866854829028,-0.10975761931120542
1106380224182061554,Palermo Soho estudio con balcón y cochera,439667947,Sofia,Palermo,-34.5934742,-58.4298837,Entire home/apt,40507.0,3,49,2025-01-19,4.77,3,250,49,47.66,238.28,Profissional,16.333333333333332,-6.298323113564848,144.8866854829028,-0.11004272705864568
962939991805202098,Nuevo Depto 6A en Palermo Hollywood,434167878,Johana Valeria,Palermo,-34.581867619408584,-58.43004684731234,Entire home/apt,43637.0,4,59,2024-12-01,3.37,2,0,37,51.34,256.69,Individual,18.5,-6.298323113564848,144.8866854829028,-0.11009542984707071
673390141473056225,estudio en Palermo D 100 m del sanatorio los arcos,59785884,Sandra,Palermo,-34.58156,-58.43182,Entire home/apt,31055.0,1,107,2025-01-27,3.5,4,100,39,36.54,182.68,Profissional,9.75,-6.298323113564848,144.8866854829028,-0.11017830748014631
871867566738372390,Studio Palermo Soho 24/7security,510537081,Gabriela,Palermo,-34.5839671,-58.427046,Entire home/apt,47260.0,2,41,2025-01-10,2.06,1,267,21,55.6,278.0,Individual,21.0,-6.298323113564848,144.8866854829028,-0.1102227768156393
955775722677382708,Moderno y amplio departamento en Palermo,531267681,Jesica,Palermo,-34.5932918,-58.42460039999999,Entire home/apt,55966.0,3,42,2025-01-23,2.46,1,157,27,65.84,329.21,Individual,27.0,-6.298323113564848,144.8866854829028,-0.11060529565264998
986285336162665668,Comfort and Security 24/7 Belgrano and free garage,118215838,Claudio,Colegiales,-34.56881,-58.45447,Entire home/apt,55966.0,2,37,2025-01-17,2.32,1,192,27,65.84,329.21,Individual,27.0,-25.39338022656716,170.99145541453709,-0.11060529565264998
38047612,Palermo Soho - Impecable 2 ambientes,304182280,Martin,Palermo,-34.59105,-58.42501,Entire home/apt,31507.0,5,53,2025-01-06,0.83,1,214,10,37.07,185.34,Individual,10.0,-6.298323113564848,144.8866854829028,-0.11069080190790179
16311367,Well Connected,106733200,Agustina,Palermo,-34.59508,-58.41673,Entire home/apt,31507.0,3,75,2024-12-15,0.76,1,240,10,37.07,185.34,Individual,10.0,-6.298323113564848,144.8866854829028,-0.11069080190790179
40286807,Calido apartamento en Palermo Buenos Aires,8736922,Maju,Palermo,-34.58496,-58.41956,Entire home/apt,31507.0,2,73,2025-01-19,1.19,2,14,20,37.07,185.34,Individual,10.0,-6.298323113564848,144.8866854829028,-0.11069080190790179
1014444646039618495,Un oasis en Belgrano.,544263842,Sandra,Palermo,-34.5684137,-58.4456873,Entire home/apt,31507.0,2,15,2025-01-29,1.0,1,119,10,37.07,185.34,Individual,10.0,-6.298323113564848,144.8866854829028,-0.11069080190790179
2539203,Excelente Studio Inmejorable Zona,13001582,Cristina Mariana,Palermo,-34.57859,-58.42381,Entire home/apt,31507.0,7,82,2024-12-09,0.68,1,11,10,37.07,185.34,Individual,10.0,-6.298323113564848,144.8866854829028,-0.11069080190790179
779613022782736178,Departamento en Palermo,216909556,Juan Martin,Palermo,-34.58127,-58.44103,Entire home/apt,31507.0,3,53,2024-12-08,2.04,2,73,20,37.07,185.34,Individual,10.0,-6.298323113564848,144.8866854829028,-0.11069080190790179
763716465559978406,JB5GN Fantástico 2amb+NEW+100%equipado,27248908,Fernando,Palermo,-34.5878329,-58.4394854,Entire home/apt,32672.0,2,86,2025-01-02,3.62,4,134,43,38.44,192.19,Profissional,10.75,-6.298323113564848,144.8866854829028,-0.1111711011450365
25919560,Un hogar en el pasaje - Palermo Soho,194807629,Juan Pablo,Palermo,-34.5892,-58.42787,Entire home/apt,38858.0,1,111,2024-12-22,1.38,1,29,15,45.72,228.58,Individual,15.0,-6.298323113564848,144.8866854829028,-0.1115701955086623
1157354727441075560,Super-bright duplex next to the Botanical Garden,512374281,Daniel,Palermo,-34.578452,-58.41361929999999,Entire home/apt,34563.0,3,12,2024-12-10,1.44,1,173,12,40.66,203.31,Individual,12.0,-6.298323113564848,144.8866854829028,-0.11166725901182922
868295858088730032,Departamento para 3 en el corazon de Palermo,509798934,Macarena,Palermo,-34.57654980552226,-58.42386957301636,Entire home/apt,36012.0,2,38,2024-09-22,1.93,1,235,13,42.37,211.84,Individual,13.0,-6.298323113564848,144.8866854829028,-0.11174703009142392
1149341733132163239,Palermo Soho. Don Julio. Garage (opcional),575780527,Gonzalo,Palermo,-34.5869128,-58.42568610000001,Entire home/apt,36012.0,3,26,2025-01-26,3.51,2,49,26,42.37,211.84,Individual,13.0,-6.298323113564848,144.8866854829028,-0.11174703009142392
7127105,La mejor ubicación en Palermo plaza Serrano,37327858,Alejandro,Palermo,-34.58655,-58.42296,Entire home/apt,36758.0,2,206,2025-01-13,1.78,2,267,27,43.24,216.22,Individual,13.5,-6.298323113564848,144.8866854829028,-0.11185899636163936
1247262205419162746,"Moderno departamento, Full amenities!",193738631,Federico,Palermo,-34.58707,-58.4399,Entire home/apt,33176.0,2,22,2025-01-27,4.96,2,114,22,39.03,195.15,Individual,11.0,-6.298323113564848,144.8866854829028,-0.11197191849446426
770184746384157828,Hermoso Studio en Palermo,489444328,Jorge,Palermo,-34.5811559,-58.4076994,Entire home/apt,34657.0,3,27,2025-01-02,1.15,1,176,12,40.77,203.86,Individual,12.0,-6.298323113564848,144.8866854829028,-0.1121958510348951
37649703,Full Amenities Cañitas-Palermo! Cochera. Seguridad,55347369,Made,Palermo,-34.56976,-58.43084,Entire home/apt,56260.0,2,103,2024-12-26,1.57,1,151,27,66.19,330.94,Individual,27.0,-6.298323113564848,144.8866854829028,-0.11228717936240495
1061574729892406529,~Piso Súper Cozy en B.A~ 2 ambientes &Cochera,228983635,Melina,Palermo,-34.5828096,-58.4439337,Entire home/apt,46210.0,20,20,2025-01-03,1.69,1,33,20,54.36,271.82,Individual,20.0,-6.298323113564848,144.8866854829028,-0.1124015352891441
949330684212377447,"Las Cañitas, amplio, 80 m². ¡Con cochera y pileta!",529265212,Lucas,Palermo,-34.56782551715123,-58.43672748087937,Entire home/apt,57762.0,1,53,2025-01-24,3.04,1,262,28,67.96,339.78,Individual,28.0,-6.298323113564848,144.8866854829028,-0.11265527336367182
794850668574046323,Acogedor Apart 3 Palermo Hollywood: Ideal parejas,17886612,Pia,Palermo,-34.57895249161922,-58.43433314998575,Entire home/apt,35256.0,4,64,2024-12-24,2.59,3,153,37,41.48,207.39,Profissional,12.333333333333334,-6.298323113564848,144.8866854829028,-0.11289519487866194
40493051,Vista abierta! Palermo central,313478034,Mercedes,Palermo,-34.57854,-58.42796,Entire home/apt,34804.0,14,59,2024-12-29,0.95,1,230,12,40.95,204.73,Individual,12.0,-6.298323113564848,144.8866854829028,-0.11306081979991192
28739427,Design apartment w/Private Patio Palermo Hollywood,6196721,Hernan,Palermo,-34.5815,-58.43213,Entire home/apt,42009.0,2,115,2025-01-18,1.54,1,140,17,49.42,247.11,Individual,17.0,-6.298323113564848,144.8866854829028,-0.11307524463565563
27717974,Cozy & calm flat/apartement-Terrace- Palermo,4494827,Armonio,Palermo,-34.5878,-58.43886,Entire home/apt,33371.0,3,43,2024-11-30,0.55,1,74,11,39.26,196.3,Individual,11.0,-6.298323113564848,144.8866854829028,-0.11307715636087463
33463853,Demaria Apartment Comfort 1,252117167,Horacio,Palermo,-34.57492,-58.4222,Entire home/apt,78000.0,1,126,2025-01-18,1.79,1,358,42,91.76,458.82,Individual,42.0,-6.298323113564848,144.8866854829028,-0.11309931499409542
1262454964396428188,Super apartamento en Palermo,568390728,Paula,Palermo,-34.5912296,-58.4318639,Entire home/apt,32032.0,1,10,2025-01-15,2.7,1,353,10,37.68,188.42,Individual,10.0,-6.298323113564848,144.8866854829028,-0.11362208494490322
988350703730487344,Moderno y acogedor duplex en Palermo con lavadero,538284403,María,Palermo,-34.57760604903185,-58.42429592140938,Entire home/apt,37808.0,2,34,2024-12-08,2.5,2,320,28,44.48,222.4,Individual,14.0,-6.298323113564848,144.8866854829028,-0.11374895398216707
689211533006426240,Departamento 2 Amb en la mejor zona de Palermo,474033222,María Laura,Palermo,-34.5819,-58.42154,Entire home/apt,34962.0,5,21,2024-12-09,0.77,1,60,12,41.13,205.66,Individual,12.0,-6.298323113564848,144.8866854829028,-0.11392578856492871
847142981019810183,Bright 2 rooms apartment in Palermo with balcony,371574209,Barbara,Colegiales,-34.58016,-58.44224,Entire home/apt,32105.0,3,27,2024-12-30,1.19,1,349,10,37.77,188.85,Individual,10.0,-25.39338022656716,170.99145541453709,-0.11405456932741165
721631167928324586,Cómoda habitación en dpto. familiar en palermo,480584825,Mary,Palermo,-34.57779253397426,-58.422925429221934,Private room,43637.0,2,64,2024-09-26,2.25,1,0,18,51.34,256.69,Individual,18.0,-6.298323113564848,144.8866854829028,-0.11416414594110325
996245820739835593,Departamento luminoso y equipado en Cañitas,147496101,Catalina,Palermo,-34.56926148102984,-58.43581551620036,Entire home/apt,43637.0,30,21,2024-12-23,1.43,1,26,18,51.34,256.69,Individual,18.0,-6.298323113564848,144.8866854829028,-0.11416414594110325
1251435003031372718,Exclusivo en cañitas,481258854,Nicolas Agustín,Palermo,-34.57,-58.43409,Entire home/apt,33607.0,1,22,2025-01-29,6.88,2,72,22,39.54,197.69,Individual,11.0,-6.298323113564848,144.8866854829028,-0.11442266332867858
1076038380109660244,Comodo y luminoso departamento en Palermo Botanico,558367362,Nicolas,Palermo,-34.581956,-58.407883,Entire home/apt,33607.0,3,11,2024-12-19,0.95,1,132,11,39.54,197.69,Individual,11.0,-6.298323113564848,144.8866854829028,-0.11442266332867858
37597490,Palermo chico  nuevo zona shopping la mejor zona,231666568,Walter Y Samanta,Palermo,-34.57643,-58.40632,Entire home/apt,59558.0,3,129,2025-01-21,1.95,1,329,29,70.07,350.34,Individual,29.0,-6.298323113564848,144.8866854829028,-0.11465719725441495
1105299568636780895,Beautiful bright Apt in Palermo w/ private terrace,17191643,Patricio,Colegiales,-34.5748501,-58.44701079999999,Entire home/apt,35109.0,2,12,2024-08-14,1.13,1,245,12,41.3,206.52,Individual,12.0,-25.39338022656716,170.99145541453709,-0.11474270350966681
747922467558283785,Semipiso en pleno barrio de Palermo,485482030,Marcela Raquel,Palermo,-34.58475,-58.4213,Entire home/apt,61060.0,3,67,2025-01-22,2.47,1,339,30,71.84,359.18,Individual,30.0,-6.298323113564848,144.8866854829028,-0.11502529125568195
863025290517871284,Modern and comfortable apartment in Palermo Soho,305393914,Ludmila Aldana Micaela,Palermo,-34.5835,-58.42004,Entire home/apt,45233.0,5,66,2025-01-17,3.08,2,360,38,53.22,266.08,Individual,19.0,-6.298323113564848,144.8866854829028,-0.11506083196543601
29416572,Into the Trees.  Lindo depto. entre los árboles.,1637542,Florencia,Palermo,-34.58331,-58.42703,Entire home/apt,54611.0,2,174,2025-01-28,2.36,2,325,51,64.25,321.24,Individual,25.5,-6.298323113564848,144.8866854829028,-0.11517088651043242
969457141350754095,Hermoso Espacio hasta 5 Personas en Palermo,446391770,Sergio,Palermo,-34.5839044,-58.4368564,Entire home/apt,51755.0,3,54,2025-01-27,3.96,2,143,47,60.89,304.44,Individual,23.5,-6.298323113564848,144.8866854829028,-0.11529966727291532
10960418,Monoambiente  a estrenar,56851853,Bruno Sebastian,Palermo,-34.5883,-58.42197,Entire home/apt,38112.0,3,65,2024-12-30,0.6,1,341,14,44.84,224.19,Individual,14.0,-6.298323113564848,144.8866854829028,-0.11547889151220074
921133312616091893,excelente Departamento!,509882156,Luz,Palermo,-34.58704988082302,-58.43117974698544,Entire home/apt,41000.0,1,52,2025-01-26,2.77,2,76,32,48.24,241.18,Individual,16.0,-6.298323113564848,144.8866854829028,-0.11554232603083267
1175353341048158734,Encantador espacio en Palermo con pile y parri,565147715,Lorena,Palermo,-34.5970958,-58.42059069999999,Entire home/apt,32861.0,1,31,2025-01-22,4.21,3,303,31,38.66,193.3,Profissional,10.333333333333334,-6.298323113564848,144.8866854829028,-0.1156188819361953
776747172348889613,Cozy Apartment in Colegiales near Fleming,173384056,Sergio,Colegiales,-34.57499,-58.44806,Entire home/apt,36758.0,3,31,2024-12-22,1.21,1,348,13,43.24,216.22,Individual,13.0,-25.39338022656716,170.99145541453709,-0.1159277124556719
53846574,Beauty Studio Palermo Las Heras park,307162440,Monica,Palermo,-34.58176,-58.40917,Entire home/apt,36758.0,7,40,2025-01-08,1.08,1,364,13,43.24,216.22,Individual,13.0,-6.298323113564848,144.8866854829028,-0.1159277124556719
916802756797344853,Hermoso Loft Palermo Chico,48539539,Ezequiel,Palermo,-34.58153,-58.41045,Entire home/apt,36758.0,7,55,2025-01-25,2.85,2,337,26,43.24,216.22,Individual,13.0,-6.298323113564848,144.8866854829028,-0.1159277124556719
1275447465040607242,Gascón hogar,658788576,Daniela,Palermo,-34.59648911515798,-58.42417281044295,Entire home/apt,36758.0,1,13,2024-12-26,4.7,1,338,13,43.24,216.22,Individual,13.0,-6.298323113564848,144.8866854829028,-0.1159277124556719
28867138,Beautiful apartment in Palermo Soho the best area!,9269104,Gabriel,Palermo,-34.57759,-58.42185,Entire home/apt,36758.0,2,79,2024-12-04,1.25,1,174,13,43.24,216.22,Individual,13.0,-6.298323113564848,144.8866854829028,-0.1159277124556719
651244946745278968,"Luz, balcón y vista abierta en Palermo y Recoleta",2218270,Flavio,Palermo,-34.5897304,-58.4123093,Entire home/apt,33155.0,3,59,2025-01-22,1.92,2,148,21,39.01,195.03,Individual,10.5,-6.298323113564848,144.8866854829028,-0.11594452694793939
970321519025198076,"Hermoso Depto. en Puerto Madero.
Parking y piscina",534864101,Z,Puerto Madero,-34.6178918171783,-58.36380232169726,Entire home/apt,59862.0,1,91,2025-01-15,5.69,2,239,58,70.43,352.13,Individual,29.0,49.42092904885493,223.15875845114505,-0.11638713478444865
797172252912513972,Departamento en Palermo,494336196,Carolina,Palermo,-34.5792436151432,-58.43120879357427,Entire home/apt,35403.0,2,83,2025-01-10,3.41,2,173,24,41.65,208.25,Individual,12.0,-6.298323113564848,144.8866854829028,-0.11642458721942173
764581272817736625,Beautiful Apartment in Palermo Hollywood,126454147,Ignacio,Palermo,-34.582673,-58.44391350000001,Entire home/apt,38406.0,3,34,2024-12-09,1.29,1,354,14,45.18,225.92,Individual,14.0,-6.298323113564848,144.8866854829028,-0.11711272140167693
1157266686285553583,Luxury Studio in Palermo Hollywood,240699553,Regina,Palermo,-34.5830135,-58.43310959999999,Entire home/apt,49959.0,3,22,2025-01-22,2.66,1,347,22,58.78,293.88,Individual,22.0,-6.298323113564848,144.8866854829028,-0.1173664594762047
52240146,"Dpto cómodo, lindo, nuevo en boulevard Charcas!!",86360543,Joanna A,Palermo,-34.591578,-58.412889,Entire home/apt,34206.0,2,54,2024-12-10,1.34,1,364,11,40.24,201.21,Individual,11.0,-6.298323113564848,144.8866854829028,-0.11778643074818844
1181807920714343625,Impecable departamento - Palermo,10604002,Carolina,Palermo,-34.59468,-58.41638,Entire home/apt,37808.0,1,27,2025-01-08,3.86,2,312,27,44.48,222.4,Individual,13.5,-6.298323113564848,144.8866854829028,-0.11781767007619963
930370206649172567,Apartamento en Palermo Botánico,96594390,Victoria,Palermo,-34.5801429,-58.41181919999999,Entire home/apt,63013.0,4,46,2025-01-24,2.45,1,147,31,74.13,370.66,Individual,31.0,-6.298323113564848,144.8866854829028,-0.11789218391144193
32960937,Departamento muy luminoso en Palermo Soho,423159251,Santino,Palermo,-34.58957,-58.41881,Entire home/apt,40000.0,3,75,2025-01-05,1.08,1,157,15,47.06,235.29,Individual,15.0,-6.298323113564848,144.8866854829028,-0.11800940742600975
879017905756133241,Apartamento en Buenos Aires ( Palermo ),512059927,Maira Luciana,Palermo,-34.5968,-58.41885,Entire home/apt,37661.0,3,74,2025-01-12,3.54,3,336,40,44.31,221.54,Profissional,13.333333333333334,-6.298323113564848,144.8866854829028,-0.1183569938294724
599288134204011291,Monoambiente en el corazón de Las Cañitas Palermo,59405938,Zaide,Palermo,-34.57005,-58.43243,Entire home/apt,47260.0,2,39,2024-12-02,1.14,1,56,20,55.6,278.0,Individual,20.0,-6.298323113564848,144.8866854829028,-0.11836020900370442
826265124793002434,Departamento con balcón y cochera propia.,137002750,Mariana,Palermo,-34.57587782667221,-58.44267978391129,Entire home/apt,47260.0,3,56,2024-12-09,2.37,1,239,20,55.6,278.0,Individual,20.0,-6.298323113564848,144.8866854829028,-0.11836020900370442
836781576020917446,Luxury studio with pool and balcony - Palermo Soho,3696790,Federico,Palermo,-34.5873574882318,-58.422839949656606,Entire home/apt,47260.0,2,68,2025-01-21,3.01,1,319,20,55.6,278.0,Individual,20.0,-6.298323113564848,144.8866854829028,-0.11836020900370442
1074739811831105704,Departamento en Charcas al 4100,528431688,Ojo,Palermo,-34.5839,-58.42101,Entire home/apt,47260.0,3,20,2025-01-19,1.7,1,245,20,55.6,278.0,Individual,20.0,-6.298323113564848,144.8866854829028,-0.11836020900370442
925420106172182549,Hermoso departamento en el corazón de Palermo,236880701,Juan,Palermo,-34.57780241192676,-58.43141632461799,Entire home/apt,37955.0,1,53,2025-01-06,2.86,2,204,27,44.65,223.26,Individual,13.5,-6.298323113564848,144.8866854829028,-0.11863458502093775
938574043597062608,Excelente ubicación en el corazón de Palermo,524491963,Hugo,Palermo,-34.577432472495715,-58.42419493943453,Entire home/apt,48762.0,5,33,2025-01-14,1.91,1,118,21,57.37,286.84,Individual,21.0,-6.298323113564848,144.8866854829028,-0.11872830300497134
970955885847467002,Palermo Hollywood Design,477224388,Sebastian,Palermo,-34.57915281663092,-58.43106843531132,Entire home/apt,54611.0,3,44,2025-01-01,2.7,1,336,25,64.25,321.24,Individual,25.0,-6.298323113564848,144.8866854829028,-0.11923960260446495
972521016582076668,Diseño entre Palermo y Recoleta,864084,Leandro Ezequiel,Palermo,-34.59650805160851,-58.418551598321294,Entire home/apt,36767.0,4,42,2024-12-29,2.48,2,164,25,43.26,216.28,Individual,12.5,-6.298323113564848,144.8866854829028,-0.12009253619026185
886243562915829680,Unique Apartment in Palermo Soho - Gorriti II,23931017,Franco,Palermo,-34.5812086,-58.4417485,Entire home/apt,39005.0,3,24,2024-12-22,1.17,1,9,14,45.89,229.44,Individual,14.0,-6.298323113564848,144.8866854829028,-0.12052454264146552
1142984903753439953,Cómodo en cañitas para 2 Pax,574273842,Pamela,Palermo,-34.5735609,-58.43233949999999,Entire home/apt,39005.0,2,14,2024-11-03,1.59,1,89,14,45.89,229.44,Individual,14.0,-6.298323113564848,144.8866854829028,-0.12052454264146552
1023949401411658540,Palermo Calma & Serenidad,304117504,Orlando,Palermo,-34.58729547845352,-58.41866677144213,Entire home/apt,32557.0,1,19,2024-12-15,2.35,2,356,19,38.3,191.51,Individual,9.5,-6.298323113564848,144.8866854829028,-0.1206701378962159
1226099352364694651,"Elegante estudio /Palermo, BsAs",1889594,Daniela,Palermo,-34.58106,-58.43295,Entire home/apt,33302.0,4,10,2024-12-25,2.21,1,241,10,39.18,195.89,Individual,10.0,-6.298323113564848,144.8866854829028,-0.12083015798671004
858247567629534574,Bright Studio Apartment in Palermo,507712868,María Laura,Palermo,-34.58026223591684,-58.41193364325825,Entire home/apt,40507.0,2,49,2025-01-11,2.34,2,140,30,47.66,238.28,Individual,15.0,-6.298323113564848,144.8866854829028,-0.12089263664273246
24647842,Palermo - Sunny two bedroom duplex apartment,114496579,Tobias,Palermo,-34.57973,-58.42852,Entire home/apt,40507.0,2,92,2025-01-06,1.12,2,12,30,47.66,238.28,Individual,15.0,-6.298323113564848,144.8866854829028,-0.12089263664273246
1255687944041049029,New Palermo Hollywood apartment with amazing views,40692486,Luciana,Palermo,-34.5857363,-58.4359694,Entire home/apt,42009.0,2,16,2025-01-03,4.0,1,109,16,49.42,247.11,Individual,16.0,-6.298323113564848,144.8866854829028,-0.12121267682372072
33650888,Studio de ensueño en lo más exclusivo de Palermo,240349928,Vicky,Palermo,-34.57722,-58.43736,Entire home/apt,35560.0,2,237,2025-01-12,3.44,4,162,46,41.84,209.18,Profissional,11.5,-6.298323113564848,144.8866854829028,-0.12140632589874986
30332108,"2 Bdr, Cozy flat w/ internal patio, Palermo",44296352,Tony,Palermo,-34.58366,-58.42063,Entire home/apt,65113.0,2,172,2025-01-19,2.43,1,148,32,76.6,383.02,Individual,32.0,-6.298323113564848,144.8866854829028,-0.12162404533221874
864645054222964583,Depto Pilar-  En pleno Palermo Hollywood!,794195,Diego,Palermo,-34.5763582,-58.43310320000001,Entire home/apt,35256.0,1,100,2025-01-26,4.57,4,150,45,41.48,207.39,Profissional,11.25,-6.298323113564848,144.8866854829028,-0.12171074641573246
1026254667927675848,Magnífico y amplio 2 ambientes en Palermo Soho,509994075,Mariano,Palermo,-34.591079,-58.42489390000001,Entire home/apt,37808.0,1,47,2025-01-23,3.26,3,154,39,44.48,222.4,Profissional,13.0,-6.298323113564848,144.8866854829028,-0.12188638617023217
903860727356687348,Palermo - Luminoso -Seguridad -1 dormitorio,93290586,Gastón,Palermo,-34.57223220380357,-58.42819199841011,Entire home/apt,37808.0,2,23,2024-12-08,1.23,1,175,13,44.48,222.4,Individual,13.0,-6.298323113564848,144.8866854829028,-0.12188638617023217
39357569,La Palermitana,147391618,Melisa,Palermo,-34.59168,-58.42858,Entire home/apt,45012.0,7,23,2025-01-01,0.37,1,231,18,52.96,264.78,Individual,18.0,-6.298323113564848,144.8866854829028,-0.12194886482625461
1003617462271655978,2 dormitorios no coração de Palermo,444495829,Ana,Palermo,-34.58457593421675,-58.42391022798561,Entire home/apt,46514.0,1,49,2025-01-22,3.2,2,199,38,54.72,273.61,Individual,19.0,-6.298323113564848,144.8866854829028,-0.12226890500724283
755217361974377149,Departamento en Palermo Soho,381176013,Ana Paula,Palermo,-34.583904,-58.42370039999999,Entire home/apt,43637.0,3,54,2024-08-24,2.29,1,2,17,51.34,256.69,Individual,17.0,-6.298323113564848,144.8866854829028,-0.12230157812916836
1304382768743098142,"Premium Studio: Pool, Gym, and Free Parking",504741286,Agustin,Palermo,-34.5828096,-58.4439337,Entire home/apt,33607.0,2,10,2025-01-19,5.66,1,25,10,39.54,197.69,Individual,10.0,-6.298323113564848,144.8866854829028,-0.12256009551674368
593687741283298774,Beautiful boho study close to the subway,23223764,Bruno,Palermo,-34.57806,-58.42189,Entire home/apt,33607.0,1,182,2024-11-03,5.5,1,142,10,39.54,197.69,Individual,10.0,-6.298323113564848,144.8866854829028,-0.12256009551674368
1163056686296914025,"Corazón de Palermo! Armónico, bello y funcional",294583885,Francisco,Palermo,-34.585859055667505,-58.41779745211487,Entire home/apt,33607.0,3,10,2025-01-04,1.6,1,156,10,39.54,197.69,Individual,10.0,-6.298323113564848,144.8866854829028,-0.12256009551674368
945087110424979891,Comfortable apartment in the heart of Palermo Soho,232662586,Sergio,Palermo,-34.589599256424535,-58.4337170485826,Entire home/apt,45159.0,4,27,2024-12-23,1.49,1,359,18,53.13,265.64,Individual,18.0,-6.298323113564848,144.8866854829028,-0.12276577977099273
881161112830629097,Monoambiente moderno luminoso en Palermo Soho,105268235,Hui Ling,Palermo,-34.5880032,-58.42004550000001,Entire home/apt,33019.0,2,40,2024-11-18,2.03,2,270,19,38.85,194.23,Individual,9.5,-6.298323113564848,144.8866854829028,-0.1233130980115451
50994336,"Bright, stylish & spacious home in Palermo",156776235,Gustavo,Palermo,-34.5786,-58.4297,Entire home/apt,61816.0,3,200,2025-01-25,4.69,2,141,59,72.72,363.62,Individual,29.5,-6.298323113564848,144.8866854829028,-0.12332274353424116
1163019749176837011,Studio premium en Palermo!,227448646,Dario,Palermo,-34.57107751234032,-58.43145714924267,Entire home/apt,36758.0,2,12,2025-01-08,1.86,1,363,12,43.24,216.22,Individual,12.0,-6.298323113564848,144.8866854829028,-0.124065144643737
894937204040251531,Luminoso y Amplio Departamento!,188114287,Carolina,Palermo,-34.5673107,-58.4348522,Entire home/apt,36758.0,2,27,2025-01-27,1.43,1,175,12,43.24,216.22,Individual,12.0,-6.298323113564848,144.8866854829028,-0.124065144643737
881202082195065027,Beautiful apartment in the heart of Palermo,131830785,Vanessa,Palermo,-34.5902718,-58.41466020000001,Entire home/apt,36758.0,3,32,2025-01-14,1.6,1,295,12,43.24,216.22,Individual,12.0,-6.298323113564848,144.8866854829028,-0.124065144643737
1025643837339052155,Palermo bien cool para dos!,207887245,Maria,Palermo,-34.581890042666046,-58.4278953820467,Entire home/apt,36758.0,2,22,2024-10-09,1.53,1,178,12,43.24,216.22,Individual,12.0,-6.298323113564848,144.8866854829028,-0.124065144643737
49713451,Palermo - LA  RURAL - USA Embassy- Amplio 52mts,73076014,Santiago,Palermo,-34.57642,-58.42201,Entire home/apt,41105.0,5,82,2025-01-19,2.11,2,115,30,48.36,241.79,Individual,15.0,-6.298323113564848,144.8866854829028,-0.12425640406224232
633495239408858687,Palermo Soho modern studio ideal HO,49443026,Graciela Cristina,Palermo,-34.59346,-58.42627,Entire home/apt,35382.0,3,65,2025-01-09,2.01,1,23,11,41.63,208.13,Individual,11.0,-6.298323113564848,144.8866854829028,-0.12446591176692944
684660604603823518,"Apartamento. Palermo, la mejor ubicación. todo sol",237010151,Maria Silvina,Palermo,-34.57577,-58.42103,Entire home/apt,35403.0,2,102,2024-12-17,3.38,2,83,22,41.65,208.25,Individual,11.0,-6.298323113564848,144.8866854829028,-0.12456201940748683
827630175511586996,Espléndido depto con terraza en Palermo Hollywood,118056029,Laura,Palermo,-34.57953,-58.43477,Entire home/apt,38291.0,3,43,2024-12-21,1.87,1,98,13,45.05,225.24,Individual,13.0,-6.298323113564848,144.8866854829028,-0.12462545392611876
50280012,Depto Palermo Soho 2 dormi para familias con vista,444675513,Valeria,Palermo,-34.58515,-58.425,Entire home/apt,71415.0,2,112,2025-01-17,3.04,1,313,36,84.02,420.09,Individual,36.0,-6.298323113564848,144.8866854829028,-0.1247302512267627
699114662671643921,Luminoso departamento en Palermo SOHO,61466821,Mariano,Palermo,-34.5816144,-58.4257331,Entire home/apt,44109.0,2,84,2025-01-23,2.89,2,360,34,51.89,259.46,Individual,17.0,-6.298323113564848,144.8866854829028,-0.12494453824449753
54327688,Departamento único de diseño con amplia vista,211632144,Isabel,Palermo,-34.57549,-58.42102,Entire home/apt,58508.0,2,73,2025-01-04,1.98,1,347,27,68.83,344.16,Individual,27.0,-6.298323113564848,144.8866854829028,-0.12497338791598489
53213094,Best Location Palermo SOHO + Early Check-in,51591898,Nacho,Palermo,-34.58734,-58.42833,Entire home/apt,34059.0,6,74,2025-01-15,1.93,2,317,20,40.07,200.35,Individual,10.0,-6.298323113564848,144.8866854829028,-0.12510694799151545
26498066,NEW Studio in Palermo Soho,125502666,Martin,Palermo,-34.58286,-58.4236,Entire home/apt,42714.0,2,88,2024-12-22,1.13,1,305,16,50.25,251.26,Individual,16.0,-6.298323113564848,144.8866854829028,-0.1252011439068538
934145068199259036,Chic y urbano depto en Palermo,2361118,Angeles,Palermo,-34.5645626,-58.4354609,Entire home/apt,42754.0,2,16,2025-01-27,2.42,1,338,16,50.3,251.49,Individual,16.0,-6.298323113564848,144.8866854829028,-0.12544141300824735
808540964264523344,Depto con piscina en la mejor zona de Palermo,497061059,Federico,Palermo,-34.575866855169544,-58.42379023439331,Entire home/apt,35560.0,4,30,2025-01-06,1.26,1,152,11,41.84,209.18,Individual,11.0,-6.298323113564848,144.8866854829028,-0.12547504199278242
7708103,Private Terrace in Palermo Soho,3295321,Sebastian,Palermo,-34.58734,-58.42354,Entire home/apt,34174.0,3,279,2025-01-10,2.42,2,249,20,40.2,201.02,Individual,10.0,-6.298323113564848,144.8866854829028,-0.1257316476551387
1013662340724460783,Alojamiento amplio y completo en Colegiales.,233030462,Rental Agency,Colegiales,-34.5756535,-58.4454035,Entire home/apt,44256.0,2,70,2025-01-21,4.92,3,251,51,52.07,260.33,Profissional,17.0,-25.39338022656716,170.99145541453709,-0.12580950700951432
1149236845179360068,Premium Palermo Hollywood I,24933005,Kevin,Palermo,-34.58496,-58.44104,Entire home/apt,34731.0,4,31,2025-01-12,3.62,3,74,31,40.86,204.3,Profissional,10.333333333333334,-6.298323113564848,144.8866854829028,-0.12619072239751197
1168236092180541086,Gran Loft en Palermo,580547941,Alejandro,Palermo,-34.59143297865667,-58.41990742832422,Entire home/apt,47260.0,1,38,2025-01-21,5.0,2,52,38,55.6,278.0,Individual,19.0,-6.298323113564848,144.8866854829028,-0.1264976411917695
1252989461051032691,"Palermo ""Central"" Monoambiente",42524879,Hernan Dario,Palermo,-34.58463,-58.437,Entire home/apt,47260.0,2,19,2025-01-24,5.09,1,46,19,55.6,278.0,Individual,19.0,-6.298323113564848,144.8866854829028,-0.1264976411917695
921156094471302314,Studio en el corazón de Palermo Hollywood.-,6407891,Marina,Palermo,-34.577525710070454,-58.437657818829344,Entire home/apt,40076.0,2,34,2025-01-23,1.82,1,178,14,47.15,235.74,Individual,14.0,-6.298323113564848,144.8866854829028,-0.12657932399658323
1198520091983631415,"Estudio en Palermo, pileta.",92528907,Caro,Palermo,-34.5730803,-58.4323618,Entire home/apt,37209.0,3,12,2025-01-01,2.01,1,19,12,43.78,218.88,Individual,12.0,-6.298323113564848,144.8866854829028,-0.12666005093878743
12231438,Hermoso monoambiente en el corazón de Palermo Soho,65810785,Pabli,Palermo,-34.59376,-58.42781,Entire home/apt,40843.0,3,257,2025-01-24,2.56,4,338,58,48.05,240.25,Profissional,14.5,-6.298323113564848,144.8866854829028,-0.12683545172763477
1292240323178372809,Lujoso Loft - Corazón de Palermo,662688993,Graciela,Palermo,-34.59227816051193,-58.43067817161699,Entire home/apt,35854.0,1,11,2025-01-28,4.93,1,75,11,42.18,210.91,Individual,11.0,-6.298323113564848,144.8866854829028,-0.1271088718822586
31337564,Estudio en la mejor ubicación de Palermo,35861584,Veronica,Palermo,-34.5897,-58.42503,Entire home/apt,37356.0,1,71,2024-12-22,1.0,2,10,24,43.95,219.74,Individual,12.0,-6.298323113564848,144.8866854829028,-0.12747696588352556
30746402,1 amb. Palermo Hollywood. Pura Luz c/ Balcón,73040391,Beto,Palermo,-34.578224,-58.434322,Entire home/apt,34510.0,2,84,2025-01-15,1.13,1,261,10,40.6,203.0,Individual,10.0,-6.298323113564848,144.8866854829028,-0.1276538004662872
979946742153455364,Depto en Palermo Hollywood con vista a la ciudad,379054337,Lorena,Palermo,-34.58066369193547,-58.42895112394256,Entire home/apt,38858.0,2,18,2024-07-25,1.09,1,241,13,45.72,228.58,Individual,13.0,-6.298323113564848,144.8866854829028,-0.1278450598847925
767405354250418162,Friendly apartment in Palermo Soho,126020205,María,Palermo,-34.58648,-58.42549,Entire home/apt,36106.0,3,44,2025-01-06,1.73,1,312,11,42.48,212.39,Individual,11.0,-6.298323113564848,144.8866854829028,-0.12855048649061995
39190247,PALERMO luminoso balcón terraza / Bright + terrace,262366209,Germán,Palermo,-34.58854,-58.41949,Entire home/apt,46210.0,5,129,2024-11-20,2.0,1,305,18,54.36,271.82,Individual,18.0,-6.298323113564848,144.8866854829028,-0.12867639966527428
937007481437262424,Cómodo departamento en Palermo!,487646052,Celeste,Palermo,-34.5891727,-58.413807,Entire home/apt,40507.0,2,63,2024-12-19,3.39,3,149,42,47.66,238.28,Profissional,14.0,-6.298323113564848,144.8866854829028,-0.12903006883079754
924661168392216817,Familiar con Balcón en Palermo,522763543,Marcela,Palermo,-34.58373387253494,-58.42455809702541,Entire home/apt,42009.0,2,33,2025-01-06,1.73,1,26,15,49.42,247.11,Individual,15.0,-6.298323113564848,144.8866854829028,-0.12935010901178584
1076688291541285388,TG-Amplio y luminoso departamento en Palermo,482663880,Camila,Palermo,-34.5644235,-58.44122530000001,Entire home/apt,42009.0,4,15,2024-12-31,1.26,1,268,15,49.42,247.11,Individual,15.0,-6.298323113564848,144.8866854829028,-0.12935010901178584
45943451,Confortable duplex en Palermo a metros del subte,81144763,Agustina,Palermo,-34.569809,-58.443394,Entire home/apt,42009.0,5,117,2025-01-27,2.72,2,123,30,49.42,247.11,Individual,15.0,-6.298323113564848,144.8866854829028,-0.12935010901178584
1055614284324509471,"Palermo, Turismo, Gastronomia, outlets, CoWorking",552872159,Nicolas,Palermo,-34.5959855,-58.4247148,Entire home/apt,34983.0,2,10,2024-12-11,0.86,1,362,10,41.16,205.78,Individual,10.0,-6.298323113564848,144.8866854829028,-0.13034481440189505
43418221,Your dream home in the Heart of Palermo Hollywood,2243137,Simon,Palermo,-34.57759,-58.43919,Entire home/apt,43637.0,2,96,2024-07-25,2.71,1,0,16,51.34,256.69,Individual,16.0,-6.298323113564848,144.8866854829028,-0.13043901031723346
1160128128784950278,"Calidez, pura luz
Excelente ubicación",161137546,Eloísa,Palermo,-34.57482674772129,-58.43247864454394,Entire home/apt,43637.0,1,16,2024-08-31,1.92,1,0,16,51.34,256.69,Individual,16.0,-6.298323113564848,144.8866854829028,-0.13043901031723346
1020980227022806968,Best location in Palermo con garage opcional,21984070,Claudio,Palermo,-34.58845382990305,-58.41855756770333,Entire home/apt,43637.0,2,20,2024-12-29,1.46,1,2,16,51.34,256.69,Individual,16.0,-6.298323113564848,144.8866854829028,-0.13043901031723346
42033387,"Best option in Palermo, close to everything!",93476705,Juan Manuel,Palermo,-34.58805,-58.41919,Entire home/apt,35970.0,4,109,2025-01-09,1.8,3,306,32,42.32,211.59,Profissional,10.666666666666666,-6.298323113564848,144.8866854829028,-0.13049410276218226
21152117,Cozy apart very well located in Palermo Hollywood!,152621707,María Elena,Palermo,-34.57737,-58.43545,Entire home/apt,40811.0,3,129,2025-01-13,1.52,1,73,14,48.01,240.06,Individual,14.0,-6.298323113564848,144.8866854829028,-0.13071195254055246
20674919,ICONO PALERMO Full Amenities,15848941,Agustin,Palermo,-34.593681,-58.415478,Entire home/apt,40811.0,3,156,2024-10-06,2.02,1,162,14,48.01,240.06,Individual,14.0,-6.298323113564848,144.8866854829028,-0.13071195254055246
1213240345066342843,"Descansa en el corazón de Palermo, cerca de todo",567376407,María Agustina,Palermo,-34.58653923226001,-58.41916278004646,Entire home/apt,37955.0,2,12,2025-01-15,2.17,1,85,12,44.65,223.26,Individual,12.0,-6.298323113564848,144.8866854829028,-0.1308407333030354
962895056098044649,DZ N - Agradable semi piso con parrilla y terraza,27248908,Fernando,Palermo,-34.5792362,-58.4329685,Entire home/apt,34353.0,2,47,2025-01-09,3.23,4,47,38,40.42,202.08,Profissional,9.5,-6.298323113564848,144.8866854829028,-0.1308575477953029
48679448,Vivienda 2 ambientes Colegiales cochera privada,392720240,Emiliano,Colegiales,-34.576690673828125,-58.44440078735352,Entire home/apt,42313.0,3,92,2024-10-22,2.21,1,152,15,49.78,248.9,Individual,15.0,-25.39338022656716,170.99145541453709,-0.13108004654181943
591880862153970865,Departamento acogedor y luminoso en Palermo,102344582,Ricardo Y Flavia,Palermo,-34.583305,-58.427863,Entire home/apt,36611.0,4,59,2024-12-22,1.75,1,240,11,43.07,215.36,Individual,11.0,-6.298323113564848,144.8866854829028,-0.13138566188706396
928193,Amplio y moderno apartamento en Palermo Soho,3160552,Marina,Palermo,-34.58446,-58.42566,Entire home/apt,40958.0,3,124,2025-01-14,0.87,2,264,28,48.19,240.93,Individual,14.0,-6.298323113564848,144.8866854829028,-0.1315769213055693
33970821,Cómodo Apartamento en el corazón de Palermo,5423283,Javier,Palermo,-34.58267,-58.42799,Entire home/apt,34510.0,2,105,2024-12-26,1.62,2,24,19,40.6,203.0,Individual,9.5,-6.298323113564848,144.8866854829028,-0.13172251656031975
53513207,"Studio ""Güemes"", in the heart of Palermo Soho",16683437,Roberto,Palermo,-34.58715,-58.41654,Entire home/apt,34510.0,3,82,2025-01-05,2.21,2,124,19,40.6,203.0,Individual,9.5,-6.298323113564848,144.8866854829028,-0.13172251656031975
858879961990999749,Incredible studio apartment in Palermo Hollywood,507835387,Belén,Palermo,-34.57904,-58.43443,Entire home/apt,36758.0,2,52,2025-01-10,2.4,2,319,22,43.24,216.22,Individual,11.0,-6.298323113564848,144.8866854829028,-0.1322025768318021
1047256345922473465,Casa JA,34747948,Maria Candela,Palermo,-34.5946904,-58.42676059999999,Entire home/apt,36758.0,2,11,2025-01-19,0.94,1,29,11,43.24,216.22,Individual,11.0,-6.298323113564848,144.8866854829028,-0.1322025768318021
628762831181960471,Terraza de Palermo,112566622,María,Palermo,-34.58502,-58.42631,Entire home/apt,36758.0,2,28,2025-01-05,1.09,1,290,11,43.24,216.22,Individual,11.0,-6.298323113564848,144.8866854829028,-0.1322025768318021
37969639,Amplio departamento en palermo,64887182,Bruno,Palermo,-34.58140948184767,-58.41038779217552,Entire home/apt,36758.0,2,45,2025-01-11,2.11,2,89,22,43.24,216.22,Individual,11.0,-6.298323113564848,144.8866854829028,-0.1322025768318021
2722747,Dream garden - Palermo Soho,569853,Graciela,Palermo,-34.58652,-58.42096,Entire home/apt,43994.0,2,341,2025-01-26,2.63,2,302,32,51.76,258.79,Individual,16.0,-6.298323113564848,144.8866854829028,-0.13245727076893934
14449711,Cálido apartamento con terraza privada en Palermo,4910963,Mariana,Palermo,-34.58772,-58.43775,Entire home/apt,34657.0,5,61,2025-01-06,0.61,2,251,19,40.77,203.86,Individual,9.5,-6.298323113564848,144.8866854829028,-0.13253943150505787
27890070,"Hermoso, cómodo, equipado, pileta, cerca de todo!",27556979,Ana Maria,Palermo,-34.5775,-58.42479,Entire home/apt,44109.0,3,89,2024-11-24,1.15,1,63,16,51.89,259.46,Individual,16.0,-6.298323113564848,144.8866854829028,-0.13308197043256262
40091776,Despertar Palermo Soho,91175235,Carolina,Palermo,-34.58309,-58.42354,Entire home/apt,45611.0,2,85,2024-12-08,1.35,1,312,17,53.66,268.3,Individual,17.0,-6.298323113564848,144.8866854829028,-0.13345006443382956
894930379066402978,"Amplio y luminoso apartamento, acceso estratégico",149819990,Nicolás,Mataderos,-34.66227,-58.51306,Entire home/apt,38427.0,2,30,2025-01-02,2.14,2,363,24,45.21,226.04,Individual,12.0,-4.8729494172172,136.2138585081263,-0.13353174723864328
17942818,Top Floor Boho Loft Near the Shops in Trendy Palermo,4745601,Tomas,Palermo,-34.58876,-58.41151,Entire home/apt,71562.0,3,249,2025-01-23,2.65,1,190,35,84.19,420.95,Individual,35.0,-6.298323113564848,144.8866854829028,-0.13368459835956595
1103699750794358640,Palermo Soho apartment,333431051,Valeria,Palermo,-34.58289855001828,-58.42750184973754,Entire home/apt,39908.0,2,13,2024-12-30,1.21,1,363,13,46.95,234.75,Individual,13.0,-6.298323113564848,144.8866854829028,-0.13375567977907413
31123641,Enjoy Spectacular Studio heart of Palermo Soho 212,232606918,Fernanda,Palermo,-34.58293,-58.42374,Entire home/apt,51461.0,3,91,2025-01-10,1.27,1,148,21,60.54,302.71,Individual,21.0,-6.298323113564848,144.8866854829028,-0.1339613640333231
1011550147956493577,Departamento único y recién renovado,32263929,Rita,Palermo,-34.58172689660393,-58.4117579500223,Entire home/apt,35707.0,2,36,2025-01-08,2.44,2,82,20,42.01,210.04,Individual,10.0,-6.298323113564848,144.8866854829028,-0.13442938912558558
1047292195048006577,"Habitación Las Cañitas, Palermo",551158732,Mónica,Palermo,-34.56800915873376,-58.43525840721124,Private room,35707.0,2,11,2024-12-01,0.89,1,209,10,42.01,210.04,Individual,10.0,-6.298323113564848,144.8866854829028,-0.13442938912558558
1046303509301837797,Hermoso 2 ambientes en Palermo Soho,509994075,Mariano,Palermo,-34.59208,-58.4241,Entire home/apt,35707.0,1,31,2025-01-21,2.52,3,136,30,42.01,210.04,Profissional,10.0,-6.298323113564848,144.8866854829028,-0.13442938912558558
918263621513570711,Comfortable Modern Apartment,521113387,Mariana,Palermo,-34.578454234172405,-58.427277496594975,Entire home/apt,47260.0,1,58,2025-01-25,3.07,1,318,18,55.6,278.0,Individual,18.0,-6.298323113564848,144.8866854829028,-0.1346350733798346
52913364,Studio.Las Cañitas.Transportes y restaurantes.,195006732,Patricia,Palermo,-34.57389,-58.43211,Entire home/apt,36758.0,5,121,2024-12-29,3.06,3,94,32,43.24,216.22,Profissional,10.666666666666666,-6.298323113564848,144.8866854829028,-0.1349150542278238
987088221840952447,2 ambientes sobre Plaza Serrano,273809338,María Cristina,Palermo,-34.58768585844796,-58.42929150171357,Entire home/apt,41557.0,2,26,2024-12-30,1.65,1,90,14,48.89,244.45,Individual,14.0,-6.298323113564848,144.8866854829028,-0.13494068872507914
1004481536838748648,Departamento en Palermo soho,542312198,Jose Luis,Palermo,-34.58567,-58.42583,Entire home/apt,48762.0,2,70,2025-01-18,4.65,3,255,57,57.37,286.84,Profissional,19.0,-6.298323113564848,144.8866854829028,-0.13500316738110155
33824035,Sunny apartment with balcony at the best location!,7162154,Magdalena,Palermo,-34.58898,-58.43119,Entire home/apt,43059.0,3,95,2024-12-03,1.35,1,53,15,50.66,253.29,Individual,15.0,-6.298323113564848,144.8866854829028,-0.1353087827263461
1239577953479127818,Departamento plaza güemes Palermo,650388607,Marcos,Palermo,-34.589635375993794,-58.41453685404537,Entire home/apt,43059.0,2,15,2025-01-08,3.1,1,363,15,50.66,253.29,Individual,15.0,-6.298323113564848,144.8866854829028,-0.1353087827263461
932757566779244195,Departamento en Puerto Madero,524934150,Abril,Puerto Madero,-34.618124,-58.359973,Entire home/apt,64662.0,1,57,2024-11-17,3.03,1,157,30,76.07,380.36,Individual,30.0,49.42092904885493,223.15875845114505,-0.13535205723357724
968091047760220433,Palermo Moderno Monoambiente Hermoso Balcon,427852657,Martu,Palermo,-34.5724466,-58.4218484,Entire home/apt,37356.0,1,34,2025-01-07,2.0,2,172,22,43.95,219.74,Individual,11.0,-6.298323113564848,144.8866854829028,-0.13561439807159065
1069476101503061293,Hermoso apartamento en Palermo,505709984,Jerónimo,Palermo,-34.58147826653012,-58.4213633116394,Entire home/apt,35256.0,2,19,2025-01-20,1.58,2,218,19,41.48,207.39,Individual,9.5,-6.298323113564848,144.8866854829028,-0.13595125274484637
13655633,Departamento luminoso con gran balcón,79314640,Maria,Palermo,-34.57923,-58.43504,Entire home/apt,38858.0,15,36,2025-01-25,1.16,1,132,12,45.72,228.58,Individual,12.0,-6.298323113564848,144.8866854829028,-0.1359824920728576
643481939287334403,Offer! Luminous Loft - Puerto Madero,436009750,Mariana,Puerto Madero,-34.6202209,-58.36509109999999,Entire home/apt,50410.0,2,82,2025-01-15,2.82,1,321,20,59.31,296.53,Individual,20.0,49.42092904885493,223.15875845114505,-0.13618817632710667
1210859437201051421,"Exclusivo! Dpto. Palermo Soho, Buenos Aires. CABA.",2538687,Horacio Daniel,Palermo,-34.5865589,-58.4195193,Entire home/apt,37503.0,2,11,2025-01-13,3.03,1,89,11,44.12,220.61,Individual,11.0,-6.298323113564848,144.8866854829028,-0.13643131301632871
52556485,New sunny apartment full equiped in Palermo Soho,69113877,Leo,Palermo,-34.58032,-58.42613,Entire home/apt,73515.0,4,110,2025-01-12,2.81,1,317,36,86.49,432.44,Individual,36.0,-6.298323113564848,144.8866854829028,-0.13659954483560463
787579037988415042,Apartamento en Palermo Hollywood + Parking Gratis,492386154,Sebastian,Palermo,-34.58348814439151,-58.43554770528762,Entire home/apt,57762.0,2,60,2025-01-04,2.66,1,337,25,67.96,339.78,Individual,25.0,-6.298323113564848,144.8866854829028,-0.13706756992786712
953491140651696453,Espectacular Studio en Palermo Soho con terraza,12165047,Carolina,Palermo,-34.584864,-58.43046649999999,Entire home/apt,35256.0,3,43,2025-01-14,2.57,3,263,28,41.48,207.39,Profissional,9.333333333333334,-6.298323113564848,144.8866854829028,-0.13730749144285723
553454053003044149,Amplio y luminoso 3BR en Colegiales,325593689,Andres,Colegiales,-34.5688,-58.44946,Entire home/apt,43436.5,1,54,2025-01-07,2.63,1,0,15,51.1,255.51,Individual,15.0,-25.39338022656716,170.99145541453709,-0.13742315081860945
1000758354950809230,"Palermo, 2 ambientes, pileta, parrilla, gimnasio",217033502,Jorge Eduardo,Palermo,-34.5953556093594,-58.42289685863366,Entire home/apt,42009.0,3,19,2025-01-17,1.21,1,71,14,49.42,247.11,Individual,14.0,-6.298323113564848,144.8866854829028,-0.1374875411998509
29679167,Cozy Duplex Remodeled in Palermo Soho),82691103,Facu,Palermo,-34.58752,-58.4224,Entire home/apt,42009.0,2,118,2025-01-02,1.56,1,334,14,49.42,247.11,Individual,14.0,-6.298323113564848,144.8866854829028,-0.1374875411998509
1093441584813372317,"Luminoso y acogedor, Colegiales",33602484,Paula,Colegiales,-34.57491,-58.45736,Entire home/apt,42009.0,2,14,2025-01-16,1.24,1,179,14,49.42,247.11,Individual,14.0,-25.39338022656716,170.99145541453709,-0.1374875411998509
30176983,Moderno y acogedor departamento en Palermo,226632852,Ayelén,Palermo,-34.56512,-58.43465,Entire home/apt,39163.0,3,87,2024-11-30,1.17,1,101,12,46.07,230.37,Individual,12.0,-6.298323113564848,144.8866854829028,-0.13766437578261254
1081216328071338155,Mono ambiente divino en Palermo,170063067,Andrea,Palermo,-34.57605560981267,-58.42272549246327,Entire home/apt,37808.0,3,11,2025-01-17,0.95,1,147,11,44.48,222.4,Individual,11.0,-6.298323113564848,144.8866854829028,-0.13816125054636236
902281729783822228,Torre con pileta y cancha de padel en Palermo,517215194,Victoria,Palermo,-34.5856619,-58.4206685,Entire home/apt,52220.0,1,39,2024-12-28,1.98,1,168,21,61.44,307.18,Individual,21.0,-6.298323113564848,144.8866854829028,-0.13828620785840717
1139605501819719481,Hermoso departamento en Palermo,61700125,Camila,Palermo,-34.58285447879422,-58.4185275460712,Entire home/apt,49360.0,4,19,2025-01-17,2.38,1,213,19,58.07,290.35,Individual,19.0,-6.298323113564848,144.8866854829028,-0.13836693480061144
25966126,Departamento iluminado y equipado en Palermo,195171667,Lucas,Palermo,-34.57915,-58.4394,Entire home/apt,43637.0,2,46,2025-01-15,0.68,1,0,15,51.34,256.69,Individual,15.0,-6.298323113564848,144.8866854829028,-0.13857644250529855
928480174184465410,Hermoso monoambiente en Palermo!,504498791,Pablo,Palermo,-34.58974545816172,-58.42090386897325,Entire home/apt,43637.0,4,46,2024-12-07,2.51,2,1,30,51.34,256.69,Individual,15.0,-6.298323113564848,144.8866854829028,-0.13857644250529855
1224206702152359215,Cálido y cómodo depto en Palermo,596450028,Jose Julian,Palermo,-34.593989237276,-58.42423888153606,Entire home/apt,37955.0,3,11,2025-01-13,2.34,1,77,11,44.65,223.26,Individual,11.0,-6.298323113564848,144.8866854829028,-0.13897816549110048
704959036481334496,Hermoso departamento en el corazón de Palermo Soho,57747682,Agustina,Palermo,-34.58487,-58.42607,Entire home/apt,48762.0,3,84,2025-01-19,2.99,2,172,37,57.37,286.84,Individual,18.5,-6.298323113564848,144.8866854829028,-0.1390718834751341
30887004,Modern & Cozy | Prime Palermo Location,23929032,Gloria,Palermo,-34.56665,-58.43424,Entire home/apt,56743.0,1,198,2025-01-28,2.75,2,322,48,66.76,333.78,Individual,24.0,-6.298323113564848,144.8866854829028,-0.13943854368248684
1321181166036696971,Cerca del Shopping Alto Palermo.Barrio  agradable,66620105,Martin Gabriel,Palermo,-34.59336,-58.41507,Entire home/apt,36758.0,1,10,2025-01-25,10.0,1,79,10,43.24,216.22,Individual,10.0,-6.298323113564848,144.8866854829028,-0.1403400090198672
30494986,Very well located duplex in Palermo. Subway nearby,155422097,Agustin,Palermo,-34.57171,-58.4377,Entire home/apt,36758.0,3,94,2024-12-17,1.27,1,29,10,43.24,216.22,Individual,10.0,-6.298323113564848,144.8866854829028,-0.1403400090198672
39440447,Departamento en Palermo con balcón ¡muy luminoso!,156674748,Delfi,Palermo,-34.59365590476285,-58.42688251286745,Entire home/apt,36758.0,2,47,2025-01-04,0.74,2,89,20,43.24,216.22,Individual,10.0,-6.298323113564848,144.8866854829028,-0.1403400090198672
1056878568146288020,Dpto.en el corazón de Palermo!,87227599,Natalia,Palermo,-34.5795439,-58.4283824,Entire home/apt,36758.0,3,10,2024-04-28,0.83,1,359,10,43.24,216.22,Individual,10.0,-6.298323113564848,144.8866854829028,-0.1403400090198672
1078177046920738022,Duplex en Palermo Soho,19929894,Analia,Palermo,-34.5827541,-58.423968,Entire home/apt,36758.0,5,10,2025-01-11,0.87,1,120,10,43.24,216.22,Individual,10.0,-6.298323113564848,144.8866854829028,-0.1403400090198672
681722914502939518,Homey Apartment in Palermo Soho,466538803,Eros Aimar,Palermo,-34.58624,-58.419,Entire home/apt,36758.0,2,31,2024-12-03,1.03,1,361,10,43.24,216.22,Individual,10.0,-6.298323113564848,144.8866854829028,-0.1403400090198672
554994805105336933,Departamento a estrenar en palermo soho,146662750,Ana,Palermo,-34.58286,-58.42801,Entire home/apt,56932.0,6,53,2025-01-19,1.46,1,237,24,66.98,334.89,Individual,24.0,-6.298323113564848,144.8866854829028,-0.14049572772861849
1034662966419876446,"Palermo Chic, conectado con todo",144353342,Fernando,Palermo,-34.5786562,-58.42725360000001,Entire home/apt,35707.0,3,38,2025-01-13,3.07,4,171,37,42.01,210.04,Profissional,9.25,-6.298323113564848,144.8866854829028,-0.1405324632666344
28073055,Estudio moderno en Palermo Soho - Plaza Italia,30363052,Marcela,Palermo,-34.58207,-58.42434,Entire home/apt,44109.0,2,144,2025-01-07,1.86,2,140,30,51.89,259.46,Individual,15.0,-6.298323113564848,144.8866854829028,-0.1412194026206277
989698395777591415,Acogedor estudio en Palermo,533492204,Manuel,Palermo,-34.58387815450158,-58.42879951491334,Entire home/apt,44109.0,3,15,2025-01-02,1.48,1,71,15,51.89,259.46,Individual,15.0,-6.298323113564848,144.8866854829028,-0.1412194026206277
1188967414789468193,Loft encantador la mejor ubicación en Palermo Soho,586232135,Marcos,Palermo,-34.5904,-58.43179,Entire home/apt,38406.0,2,11,2025-01-06,1.72,1,58,11,45.18,225.92,Individual,11.0,-6.298323113564848,144.8866854829028,-0.14152501796587225
1050136714442760627,Thames 2,545952136,Jesica,Palermo,-34.58959,-58.43275,Entire home/apt,39908.0,3,12,2024-07-27,1.09,1,274,12,46.95,234.75,Individual,12.0,-6.298323113564848,144.8866854829028,-0.14189311196713922
2902956,Beautiful and Bright Apartment,14833541,Emma,Palermo,-34.57934,-58.42338,Entire home/apt,44256.0,2,355,2025-01-27,2.73,1,344,15,52.07,260.33,Individual,15.0,-6.298323113564848,144.8866854829028,-0.1420843713856445
53079252,"Studio ""Guatemala"", rental in Palermo Hollywood",16683437,Roberto,Palermo,-34.57858,-58.43388,Entire home/apt,44256.0,3,110,2025-01-16,2.88,2,145,30,52.07,260.33,Individual,15.0,-6.298323113564848,144.8866854829028,-0.1420843713856445
921905659489944368,Your Cozy Condo in Palermo - Homemade Pizza,212654093,Alan,Palermo,-34.587095477958066,-58.412759983320726,Entire home/apt,47260.0,2,23,2025-01-09,1.18,1,325,17,55.6,278.0,Individual,17.0,-6.298323113564848,144.8866854829028,-0.14277250556789972
856562802944465058,Luminoso y tranquilo 2 ambientes en Palermo,507350314,Martin,Palermo,-34.5856895,-58.4189981,Entire home/apt,47260.0,2,46,2024-08-02,2.09,1,89,17,55.6,278.0,Individual,17.0,-6.298323113564848,144.8866854829028,-0.14277250556789972
1111141503371871462,Luxury Tower Apartment in Palermo Hollywood,566797009,Gustavo,Palermo,-34.5830135,-58.43310959999999,Entire home/apt,48762.0,3,18,2025-01-23,2.05,1,331,18,57.37,286.84,Individual,18.0,-6.298323113564848,144.8866854829028,-0.14314059956916664
973892665795961913,Caty,45601049,Pato,Palermo,-34.57863846739342,-58.41513547317327,Entire home/apt,38711.0,3,20,2024-12-26,1.18,1,111,11,45.54,227.71,Individual,11.0,-6.298323113564848,144.8866854829028,-0.1432549554959059
701171582079998810,Palermo Hollywood Acogedor studio con balcón,476631666,Valeria Raquel,Palermo,-34.58672,-58.43937,Entire home/apt,45905.0,3,60,2025-01-23,2.13,2,351,32,54.01,270.03,Individual,16.0,-6.298323113564848,144.8866854829028,-0.14326938033164957
53305569,"Estudio Palermo Soho, Plaza Serrano,La Rural",431555376,Claudia Patricia,Palermo,-34.58354,-58.42839,Entire home/apt,43510.0,2,117,2025-01-20,3.06,3,355,43,51.19,255.94,Profissional,14.333333333333334,-6.298323113564848,144.8866854829028,-0.14328058999316123
13505237,Dream Loft with Terrace in Palermo Soho,15538235,Raul,Palermo,-34.58798,-58.42361,Entire home/apt,43059.0,3,314,2025-01-10,3.02,1,335,14,50.66,253.29,Individual,14.0,-6.298323113564848,144.8866854829028,-0.14344621491441117
16555172,Green and Cozy Flat in Palermo Soho,65395449,Micaela,Palermo,-34.58153,-58.42647,Entire home/apt,43059.0,3,72,2025-01-29,0.74,1,19,14,50.66,253.29,Individual,14.0,-6.298323113564848,144.8866854829028,-0.14344621491441117
1193015637743561907,Amazing studio in Palermo Soho,4508777,Karina,Palermo,-34.5915770324797,-58.4307629058298,Entire home/apt,47407.0,3,17,2025-01-13,2.68,1,44,17,55.77,278.86,Individual,17.0,-6.298323113564848,144.8866854829028,-0.14358942051263784
922379762223431069,Increíble dpto en palermo c/cochera s/cargo y bici,215679635,Maria Del Carmen,Palermo,-34.57690382741605,-58.430744893848896,Entire home/apt,42177.0,1,115,2025-01-25,6.14,6,247,80,49.62,248.1,Profissional,13.333333333333334,-6.298323113564848,144.8866854829028,-0.14387357239746854
939645406317094656,"Palermo, Exelente Ubicacion.",183008802,Damian,Palermo,-34.5772777,-58.4299062,Entire home/apt,38112.0,3,38,2025-01-13,2.18,2,358,21,44.84,224.19,Individual,10.5,-6.298323113564848,144.8866854829028,-0.1439599041704286
857328623242571881,Nice Palermo. Near everything,720259,Cecilia,Palermo,-34.576874111298494,-58.4211167821483,Entire home/apt,40811.0,2,51,2025-01-04,3.42,3,207,37,48.01,240.06,Profissional,12.333333333333334,-6.298323113564848,144.8866854829028,-0.144274339520661
1093120483891292263,Moderno y luminoso dpto. en Palermo Hollywood,22866950,Natalia,Palermo,-34.58683403212257,-58.43807436525822,Entire home/apt,36758.0,3,19,2024-12-14,1.67,2,162,19,43.24,216.22,Individual,9.5,-6.298323113564848,144.8866854829028,-0.14440872511389974
726960899738823040,"Palermo Ecoparque, Boulevard Cerviño",217938783,Laura,Palermo,-34.5791,-58.41299,Entire home/apt,63412.0,3,67,2025-01-13,2.43,1,231,28,74.6,373.01,Individual,28.0,-6.298323113564848,144.8866854829028,-0.14456301002873667
643967182528448197,Hermoso Dpto en el corazón de Palermo Hollywood,104411878,Maximiliano,Palermo,-34.5840938,-58.4347029,Entire home/apt,73515.0,1,83,2024-12-26,3.1,1,339,35,86.49,432.44,Individual,35.0,-6.298323113564848,144.8866854829028,-0.14473697702366975
34369771,Bright Studio-Anasagasti (Alto Palermo).,243504887,Isaías,Palermo,-34.58842,-58.41074,Entire home/apt,39000.0,1,252,2025-01-21,3.61,3,65,33,45.88,229.41,Profissional,11.0,-6.298323113564848,144.8866854829028,-0.14488878538538214
795156636447579078,Departamento en Palermo,450067999,Martin,Palermo,-34.59627287956309,-58.42213500291109,Entire home/apt,39005.0,3,12,2024-12-22,0.59,1,264,11,45.89,229.44,Individual,11.0,-6.298323113564848,144.8866854829028,-0.1449368392056608
30202120,Departamento entero en Palermo / 2 dormitorios,226854577,Fernando,Palermo,-34.59433364868164,-58.4282455444336,Entire home/apt,57762.0,2,79,2024-12-15,1.33,1,154,24,67.96,339.78,Individual,24.0,-6.298323113564848,144.8866854829028,-0.1452050021159322
34896711,Palermo Hollywood. seguridad 24 horas.,263017755,Clara,Palermo,-34.5791,-58.43448,Entire home/apt,42009.0,2,142,2025-01-03,2.06,1,270,13,49.42,247.11,Individual,13.0,-6.298323113564848,144.8866854829028,-0.14562497338791602
765218696529101491,Moderno departamento en el corazón de Palermo,55791127,Carolina,Palermo,-34.59068842732785,-58.42282897423393,Entire home/apt,52143.0,2,79,2025-01-10,3.3,1,138,20,61.34,306.72,Individual,20.0,-6.298323113564848,144.8866854829028,-0.1459431018436852
910212285026278866,Casa con patio de 70 m² en el corazón de Palermo,359592257,Angie,Palermo,-34.57794,-58.4352,Entire home/apt,60913.0,2,32,2025-01-03,1.95,1,51,26,71.66,358.31,Individual,26.0,-6.298323113564848,144.8866854829028,-0.1467100512429255
47978018,Beautiful and brand new apartment in Palermo.,80103296,Alejandro M,Palermo,-34.588571498569706,-58.41772541583359,Entire home/apt,43637.0,5,74,2024-12-15,1.55,1,3,14,51.34,256.69,Individual,14.0,-6.298323113564848,144.8866854829028,-0.14671387469336367
938678493771158837,"Palermo, 2 dormitorios, 2 baños, living, balcón",518693108,Daniel,Palermo,-34.5773744,-58.42961159999999,Entire home/apt,43637.0,2,54,2025-01-20,2.94,2,0,28,51.34,256.69,Individual,14.0,-6.298323113564848,144.8866854829028,-0.14671387469336367
636121103908092516,Departamento Palermo Nuevo. Descuento semana/mes.,182925935,Andrea Natalia,Palermo,-34.57486,-58.42108,Entire home/apt,43637.0,1,73,2025-01-17,2.27,1,4,14,51.34,256.69,Individual,14.0,-6.298323113564848,144.8866854829028,-0.14671387469336367
33659545,Adorable apartamento en Palermo Soho,158399002,Carla,Palermo,-34.58085,-58.42561,Entire home/apt,43637.0,2,26,2024-12-06,0.37,1,0,14,51.34,256.69,Individual,14.0,-6.298323113564848,144.8866854829028,-0.14671387469336367
909388994169051283,Precioso Depto. Luminoso,28843630,Xabier,Palermo,-34.5679721,-58.4395981,Entire home/apt,43637.0,3,28,2024-07-20,1.67,1,0,14,51.34,256.69,Individual,14.0,-6.298323113564848,144.8866854829028,-0.14671387469336367
739980869243458823,Cálido Departamento de calidad con pileta,92693608,Nicolas,Palermo,-34.59315,-58.41726,Entire home/apt,47260.0,2,80,2025-01-11,2.94,2,20,33,55.6,278.0,Individual,16.5,-6.298323113564848,144.8866854829028,-0.14684122166193225
32278385,Dpto. Para 5 personas en Palermo,34355968,Dolores,Palermo,-34.59148,-58.4158,Entire home/apt,40811.0,4,33,2024-08-17,0.46,1,178,12,48.01,240.06,Individual,12.0,-6.298323113564848,144.8866854829028,-0.14698681691668267
34643339,🌎  All-new Studio in Palermo with Amazing Balcony,261355805,Monica,Palermo,-34.59678,-58.42143,Entire home/apt,43059.0,2,164,2025-01-21,2.39,2,136,27,50.66,253.29,Individual,13.5,-6.298323113564848,144.8866854829028,-0.14751493100844376
39842409,Espacio cómodo para descansar-Plaza Serrano,306602940,Florencia,Palermo,-34.58816909790039,-58.43009185791016,Entire home/apt,46661.0,1,21,2024-12-01,1.12,1,361,16,54.9,274.48,Individual,16.0,-6.298323113564848,144.8866854829028,-0.14754617033645498
1066169077148403177,New and Sunny 4 pax apt with free Garage & Pool,555780066,Estefania,Palermo,-34.58668814564843,-58.42417476636094,Entire home/apt,68264.0,2,31,2025-01-13,3.86,1,288,31,80.31,401.55,Individual,31.0,-6.298323113564848,144.8866854829028,-0.14758944484368605
829820666406453665,Luminoso cuarto con baño privado con balcón propio,2721583,Olgas Inn,Palermo,-34.58216534568964,-58.41797844742625,Private room,43809.0,1,59,2024-12-16,2.85,1,168,14,51.54,257.7,Individual,14.0,-6.298323113564848,144.8866854829028,-0.14767495109893786
11900383,Great little apartment in Palermo,5428370,Eugenia,Palermo,-34.5809,-58.43192,Entire home/apt,38711.0,1,386,2025-01-24,3.58,9,321,94,45.54,227.71,Profissional,10.444444444444445,-6.298323113564848,144.8866854829028,-0.14777575115594205
972581363828395781,Departamento c/balcon en Palermo,10000652,Sebastian,Palermo,-34.5840585874339,-58.421048037707806,Entire home/apt,52511.0,6,20,2025-01-02,1.78,1,295,20,61.78,308.89,Individual,20.0,-6.298323113564848,144.8866854829028,-0.14805746993594854
919684410687314153,Departamento frente al parque,154490587,Julieta,Palermo,-34.5830814,-58.40650189999999,Entire home/apt,52511.0,3,21,2025-01-05,1.46,1,89,20,61.78,308.89,Individual,20.0,-6.298323113564848,144.8866854829028,-0.14805746993594854
809373137404284231,Studio/Depto en Palermo- Exelente ubic con Cochera,98199736,Mariano,Palermo,-34.56439,-58.43958,Entire home/apt,41105.0,8,22,2024-12-09,1.32,1,89,12,48.36,241.79,Individual,12.0,-6.298323113564848,144.8866854829028,-0.1486687006264376
910970004644011964,Depto. Premium Belgrano Piscina y Gimnasio,11077052,Analía,Palermo,-34.5691576,-58.4450932,Entire home/apt,44109.0,2,32,2025-01-19,1.84,1,241,14,51.89,259.46,Individual,14.0,-6.298323113564848,144.8866854829028,-0.14935683480869283
18992087,Apartment in the Heart of Palermo Soho,15111765,Ezequiel Martin,Palermo,-34.58696,-58.42438,Entire home/apt,39005.0,2,385,2025-01-16,4.13,5,326,52,45.89,229.44,Profissional,10.4,-6.298323113564848,144.8866854829028,-0.14981929851849987
1076876433657754326,Minimal Palermo,478268303,Guadalupe,Palermo,-34.594047594895194,-58.41443632210211,Entire home/apt,39908.0,7,11,2024-07-28,0.96,1,179,11,46.95,234.75,Individual,11.0,-6.298323113564848,144.8866854829028,-0.15003054415520434
1293740981279552386,Departamento en Palermo Soho,657975116,Gonzalo Gaston,Palermo,-34.58424904855979,-58.424865156412125,Entire home/apt,39908.0,1,11,2025-01-19,5.59,1,347,11,46.95,234.75,Individual,11.0,-6.298323113564848,144.8866854829028,-0.15003054415520434
1105809629923751452,Luminoso departamento en Palermo Soho _ 2,565355706,Paco,Palermo,-34.58748,-58.43274,Entire home/apt,38858.0,1,41,2025-01-27,4.1,4,159,41,45.72,228.58,Profissional,10.25,-6.298323113564848,144.8866854829028,-0.1502229984019715
1225380206325427128,Departamento en Palermo,183789303,Felicitas,Palermo,-34.5953251,-58.4160793,Entire home/apt,41410.0,5,12,2024-12-29,2.28,1,88,12,48.72,243.59,Individual,12.0,-6.298323113564848,144.8866854829028,-0.15039863815647123
922343906414029738,Hermoso Depto en Palermo con piscina. Buen precio!,215679635,Maria Del Carmen,Palermo,-34.5769624,-58.43075299999999,Entire home/apt,42177.0,1,107,2025-01-28,5.91,6,250,75,49.62,248.1,Profissional,12.5,-6.298323113564848,144.8866854829028,-0.1506547658875228
40387317,Sunny apartment  to enjoy Buenos Aires,262892423,Jacqueline,Palermo,-34.59174,-58.41644,Entire home/apt,44466.0,2,113,2025-01-05,1.82,1,274,14,52.31,261.56,Individual,14.0,-6.298323113564848,144.8866854829028,-0.15137509526039872
684480338856187091,Departamento en Palermo,36567091,Verónica,Palermo,-34.57865982715653,-58.43074665650457,Entire home/apt,43206.0,2,47,2025-01-13,1.91,1,358,13,50.83,254.15,Individual,13.0,-6.298323113564848,144.8866854829028,-0.15240056204721442
1221997118719473216,Casa Grillo,595836611,Gerardo,Palermo,-34.5812998,-58.43519939999999,Entire home/apt,49056.0,4,17,2025-01-28,3.09,1,27,17,57.71,288.56,Individual,17.0,-6.298323113564848,144.8866854829028,-0.152911861646708
744722420283236573,Hermoso departamento de un ambiente en Palermo,17644740,Ivan,Palermo,-34.5834931,-58.42776,Entire home/apt,46210.0,3,82,2025-01-02,3.09,2,66,30,54.36,271.82,Individual,15.0,-6.298323113564848,144.8866854829028,-0.15308869622946958
18252967,"Amazing & Cozy  2 Rooms Apt, Palermo Hollywood",863793,Sabrina & German,Palermo,-34.58067,-58.43474,Entire home/apt,49812.0,1,316,2025-01-12,3.38,2,196,35,58.6,293.01,Individual,17.5,-6.298323113564848,144.8866854829028,-0.1531199355574808
810880343124313434,depto en cañitas,497604264,Gadiel,Palermo,-34.5700083,-58.4324181,Entire home/apt,44256.0,1,181,2025-01-17,7.58,8,83,109,52.07,260.33,Profissional,13.625,-6.298323113564848,144.8866854829028,-0.15327334064423404
1055884831028258570,The Perfect Place in Palermo,552960563,Juan Pedro,Palermo,-34.57397418292348,-58.4210397700994,Entire home/apt,42009.0,10,13,2025-01-13,1.06,1,29,12,49.42,247.11,Individual,12.0,-6.298323113564848,144.8866854829028,-0.15376240557598111
36545763,Beautiful Apartment  in the heart of Palermo Soho,65902186,Eduardo Abel,Palermo,-34.58917,-58.42967,Entire home/apt,60766.0,3,97,2025-01-21,1.44,1,74,25,71.49,357.45,Individual,25.0,-6.298323113564848,144.8866854829028,-0.15403056848625246
30553037,Stylish & bright apartment - top location!,2173409,Fernanda,Palermo,-34.58809,-58.42236,Entire home/apt,43542.0,10,87,2025-01-14,1.22,1,184,13,51.23,256.13,Individual,13.0,-6.298323113564848,144.8866854829028,-0.15432271485836288
35616625,"2 Rooms in Las Cañitas, Palermo - Up to 4 guest",60036953,Ema,Palermo,-34.57472,-58.43126,Entire home/apt,43637.0,3,137,2024-09-10,2.12,1,2,13,51.34,256.69,Individual,13.0,-6.298323113564848,144.8866854829028,-0.15485130688142876
1165358669160288923,Moderno 2 ambientes en Palermo,490926899,Karina,Palermo,-34.58189483163772,-58.40559166931151,Entire home/apt,46661.0,2,15,2025-01-29,2.33,1,269,15,54.9,274.48,Individual,15.0,-6.298323113564848,144.8866854829028,-0.15568360252452007
977647474781815835,"Departamento en Palermo, BA",154567515,Anita,Palermo,-34.5886174,-58.4200778,Entire home/apt,40958.0,4,13,2025-01-10,0.88,1,157,11,48.19,240.93,Individual,11.0,-6.298323113564848,144.8866854829028,-0.1559892178697646
1079769469189851812,Terrazas Arévalo Exclusivo Estudio Gran Piscina,554211105,Jeva,Palermo,-34.5819604,-58.441926,Entire home/apt,40958.0,2,33,2025-01-23,3.06,3,256,33,48.19,240.93,Profissional,11.0,-6.298323113564848,144.8866854829028,-0.1559892178697646
1146344219898478684,Scala 3 - Premium Palermo Soho,575027570,Andrea Constanza,Palermo,-34.59485751653738,-58.428048884168085,Entire home/apt,40958.0,2,11,2025-01-10,1.23,1,255,11,48.19,240.93,Individual,11.0,-6.298323113564848,144.8866854829028,-0.1559892178697646
939796567045739094,"Moderno, Tranquilo y Conectado",462743356,Santiago,Palermo,-34.5708611,-58.44145870000001,Entire home/apt,45306.0,2,24,2025-01-18,1.36,1,334,14,53.3,266.51,Individual,14.0,-6.298323113564848,144.8866854829028,-0.15613242346799122
951622601789532843,Departamento Palermo 4 Ambientes,518266242,Veronica,Palermo,-34.590287893859966,-58.41386918042601,Entire home/apt,52511.0,7,46,2025-01-03,2.63,1,345,19,61.78,308.89,Individual,19.0,-6.298323113564848,144.8866854829028,-0.15619490212401363
1120996343511124474,Great location At Palermo Hollywood,398818895,Martin Ricardo,Palermo,-34.577548358013246,-58.4289838052779,Entire home/apt,52511.0,3,19,2025-01-26,2.41,1,243,19,61.78,308.89,Individual,19.0,-6.298323113564848,144.8866854829028,-0.15619490212401363
1071780905610029442,Teodoro Rental,224498849,Gabriela,Palermo,-34.56894948084365,-58.445067554712296,Entire home/apt,39604.0,5,10,2025-01-21,0.87,1,297,10,46.59,232.96,Individual,10.0,-6.298323113564848,144.8866854829028,-0.15643803881323579
44166461,Modern studio apartment in Palermo Hollywood,352568464,Lisandro,Palermo,-34.578854,-58.432064,Entire home/apt,62961.0,1,992,2025-01-24,18.81,13,302,340,74.07,370.36,Profissional,26.153846153846153,-6.298323113564848,144.8866854829028,-0.15703910928577747
53426163,Modern 1-Bedroom in Las Cañitas with Pools & Gym,260840744,Quartier Polo,Palermo,-34.57068,-58.4344586,Entire home/apt,71415.0,2,122,2025-01-11,3.25,2,300,64,84.02,420.09,Individual,32.0,-6.298323113564848,144.8866854829028,-0.15727997997902313
34252354,Loft in Palermo Hollywood - 24/7 Security,52423954,Jonathan,Palermo,-34.5838,-58.43279,Entire home/apt,71415.0,3,89,2025-01-27,1.31,1,318,32,84.02,420.09,Individual,32.0,-6.298323113564848,144.8866854829028,-0.15727997997902313
35122133,Roomy Studio in Luxury Tower in Palermo Hollywood,91058049,Mariano,Palermo,-34.58218696208943,-58.43198624809108,Entire home/apt,42714.0,1,43,2024-10-13,0.64,1,321,12,50.25,251.26,Individual,12.0,-6.298323113564848,144.8866854829028,-0.1577508726591142
1091254486931019747,"New, beautiful, bright duplex apartment in Palermo",535680329,Bradely,Palermo,-34.5957631,-58.4183835,Entire home/apt,60009.0,4,24,2025-01-23,3.03,1,226,24,70.6,352.99,Individual,24.0,-6.298323113564848,144.8866854829028,-0.15789121066951226
834851668586304571,Hermoso departamento en Palermo,502782887,Emilia,Palermo,-34.5939086,-58.4292347,Entire home/apt,39908.0,4,61,2025-01-10,2.7,2,142,20,46.95,234.75,Individual,10.0,-6.298323113564848,144.8866854829028,-0.15816797634326943
35878554,"Zona gastronómica, luminoso, tranquilo, piscina",95540009,Mercedes,Palermo,-34.58948,-58.41803,Entire home/apt,39908.0,3,77,2025-01-21,1.15,2,191,20,46.95,234.75,Individual,10.0,-6.298323113564848,144.8866854829028,-0.15816797634326943
934345578605066331,"Hermosa zona, Cañitas/Palermo",628315,Delfina,Palermo,-34.56635673612081,-58.43964034704277,Entire home/apt,39908.0,2,14,2024-11-07,0.75,1,72,10,46.95,234.75,Individual,10.0,-6.298323113564848,144.8866854829028,-0.15816797634326943
956695991486732050,Beruti Palermo,165691477,Lula,Palermo,-34.58597,-58.41117,Entire home/apt,44949.0,2,44,2025-01-13,2.67,2,334,27,52.88,264.41,Individual,13.5,-6.298323113564848,144.8866854829028,-0.15818287911031786
1105124789338486614,Luminoso departamento en Palermo Soho _ 1,565355706,Paco,Palermo,-34.588401821109024,-58.431992062565634,Entire home/apt,40654.0,1,42,2025-01-27,4.01,4,153,42,47.83,239.14,Profissional,10.5,-6.298323113564848,144.8866854829028,-0.1583279964337635
749412344093621880,Palermo soho! Cool y luminoso departamento,43819184,Juan Ignacio,Palermo,-34.587862,-58.42409060000001,Entire home/apt,63013.0,2,97,2025-01-04,3.55,1,39,26,74.13,370.66,Individual,26.0,-6.298323113564848,144.8866854829028,-0.15857934485176742
1068832957281852888,Depto 2 ambientes / Palermo soho,435991565,Nahuel,Palermo,-34.5914479,-58.4262458,Entire home/apt,63013.0,2,28,2024-10-14,2.23,1,236,26,74.13,370.66,Individual,26.0,-6.298323113564848,144.8866854829028,-0.15857934485176742
1127435879179557810,Entire aptment at 150m from metro. Palermo centric,509411609,Agustin,Palermo,-34.57965881392482,-58.4250857681036,Entire home/apt,43637.0,5,25,2025-01-26,2.7,2,9,25,51.34,256.69,Individual,12.5,-6.298323113564848,144.8866854829028,-0.15892002297546132
1030446123743750388,Prime Location. The heart of Palermo.,436748539,Segundo,Palermo,-34.5808622,-58.4113839,Entire home/apt,43637.0,5,27,2025-01-22,2.01,2,2,25,51.34,256.69,Individual,12.5,-6.298323113564848,144.8866854829028,-0.15892002297546132
1041987063945812918,Cómodo y luminoso depto en excelente zona Palermo,549816616,Mariano,Palermo,-34.58373910460695,-58.44099610849084,Entire home/apt,43637.0,2,30,2025-01-13,2.27,2,1,25,51.34,256.69,Individual,12.5,-6.298323113564848,144.8866854829028,-0.15892002297546132
992729953474498456,Heart of Palermo Soho I,15111765,Ezequiel Martin,Palermo,-34.58923278560016,-58.42432418295762,Entire home/apt,39908.0,2,63,2025-01-09,3.94,5,299,49,46.95,234.75,Profissional,9.8,-6.298323113564848,144.8866854829028,-0.15979546278088244
978907072293150852,"Moderno, con terraza y en una excelente ubicación",31904618,Sandra,Colegiales,-34.57044047843783,-58.44431618911755,Entire home/apt,48909.0,2,23,2025-01-10,1.39,1,290,16,57.54,287.7,Individual,16.0,-25.39338022656716,170.99145541453709,-0.16023237889003497
37453918,Departamento moderno en Palermo,254299778,Carola,Palermo,-34.58326,-58.42411,Entire home/apt,52511.0,2,197,2025-01-12,2.96,2,145,37,61.78,308.89,Individual,18.5,-6.298323113564848,144.8866854829028,-0.1602636182180462
575433932340001887,Hermoso depto con servicios incluidos todo equipad,447943177,Levy,Palermo,-34.58365631103516,-58.42711639404297,Entire home/apt,43637.0,3,125,2024-11-25,3.6,3,0,37,51.34,256.69,Profissional,12.333333333333334,-6.298323113564848,144.8866854829028,-0.16027626167347214
54290485,Espectacular apartamento en Palermo Hollywood,440315195,David Felipe,Palermo,-34.57782745361328,-58.43701171875,Entire home/apt,77716.0,2,119,2025-01-10,3.61,1,299,36,91.43,457.15,Individual,36.0,-6.298323113564848,144.8866854829028,-0.16033813205328848
967579325434174181,Departamento en Buenos Aires,534225432,Milo,Palermo,-34.5650269,-58.4392513,Entire home/apt,50410.0,3,37,2024-12-01,2.22,1,148,17,59.31,296.53,Individual,17.0,-6.298323113564848,144.8866854829028,-0.16060047289130197
20229195,Skyhouse  Palermo Chico/Mejor ubicación,1993613,Cecilia,Palermo,-34.58078,-58.41114,Entire home/apt,53362.0,1,73,2024-08-25,0.81,1,15,19,62.78,313.89,Individual,19.0,-6.298323113564848,144.8866854829028,-0.16100028415188486
34751458,Unico apto en Palermo Soho. Inmejorable ubicación.,68937827,Martin,Palermo,-34.58697,-58.42659,Entire home/apt,54086.0,2,130,2025-01-06,1.9,2,163,39,63.63,318.15,Individual,19.5,-6.298323113564848,144.8866854829028,-0.16101614278154286
53796792,Excelente apartamento en el centro de Palermo Soho,248319925,Ruben,Palermo,-34.58808662211305,-58.425060710450765,Entire home/apt,57762.0,2,83,2024-12-01,2.9,1,150,22,67.96,339.78,Individual,22.0,-6.298323113564848,144.8866854829028,-0.16147986649206242
32333024,Departamento moderno en Palermo Hollywood. Gym/Spa,92615185,Josefina,Palermo,-34.57901,-58.43952,Entire home/apt,57762.0,2,138,2025-01-07,1.94,1,350,22,67.96,339.78,Individual,22.0,-6.298323113564848,144.8866854829028,-0.16147986649206242
38073118,"Palermo, excelente departamento Solar de la Abadía",150245542,Alfredo Ricardo,Palermo,-34.56589,-58.43872,Entire home/apt,42009.0,3,75,2024-12-22,1.15,1,162,11,49.42,247.11,Individual,11.0,-6.298323113564848,144.8866854829028,-0.1618998377640462
1094269465366699255,"Apartamento boutique en Palermo, Las Cañitas",231200340,Juan Pablo,Palermo,-34.5659,-58.4363,Entire home/apt,42009.0,3,11,2025-01-04,1.12,1,270,11,49.42,247.11,Individual,11.0,-6.298323113564848,144.8866854829028,-0.1618998377640462
740502834404038355,Cozy Studio in Palermo SOHO w/Pool,8829375,Eve,Palermo,-34.59301,-58.42687,Entire home/apt,42009.0,2,49,2025-01-02,1.84,1,356,11,49.42,247.11,Individual,11.0,-6.298323113564848,144.8866854829028,-0.1618998377640462
1007354099580622085,Hermoso departamento Palermo. Rural/ Embajada EEUU,44599740,Ana,Palermo,-34.57602152886374,-58.42227514424141,Entire home/apt,42009.0,3,16,2024-11-26,1.2,1,365,11,49.42,247.11,Individual,11.0,-6.298323113564848,144.8866854829028,-0.1618998377640462
933394413728243314,Moderno departamento a estrenar en Palermo Soho,113130795,Ivana,Palermo,-34.59465,-58.42847,Entire home/apt,42009.0,3,33,2025-01-13,1.85,2,182,22,49.42,247.11,Individual,11.0,-6.298323113564848,144.8866854829028,-0.1618998377640462
1039936759803720577,"MateHost -""Torre Palcos"" Exclusivo Luz- SuperHost",314659581,Mercedes,Palermo,-34.59737690151019,-58.42327978104054,Entire home/apt,40958.0,4,53,2025-01-17,4.1,5,257,51,48.19,240.93,Profissional,10.2,-6.298323113564848,144.8866854829028,-0.16249916362021669
928110652778002738,"Cañitas, cómodo, muy luminoso, balcón, lavarropas",523656808,Nancy,Palermo,-34.5713466,-58.430868,Entire home/apt,42156.0,3,14,2025-01-20,0.85,1,153,11,49.6,247.98,Individual,11.0,-6.298323113564848,144.8866854829028,-0.162764806529063
1071016233223482149,"Departamento en Palermo Hollywood, Buenos Aires",548387296,Facundo,Palermo,-34.5812086,-58.4417485,Entire home/apt,43637.0,3,12,2024-04-29,0.99,1,0,12,51.34,256.69,Individual,12.0,-6.298323113564848,144.8866854829028,-0.16298873906949385
33809955,Luminoso departamento en Palermo Hollywood,17590485,Federico,Palermo,-34.57949,-58.43062,Entire home/apt,43637.0,3,56,2024-08-04,0.8,1,0,12,51.34,256.69,Individual,12.0,-6.298323113564848,144.8866854829028,-0.16298873906949385
1175422115717398382,"Ideal, para conocer Buenos Aires",171882538,Florencia,Palermo,-34.5909206,-58.4253502,Entire home/apt,43637.0,2,24,2025-01-26,3.14,2,2,24,51.34,256.69,Individual,12.0,-6.298323113564848,144.8866854829028,-0.16298873906949385
944942879424088380,Luminoso Studio y Moderno,217114768,Nadia,Palermo,-34.5798372,-58.4341239,Entire home/apt,41862.0,2,99,2025-01-12,5.44,4,365,43,49.25,246.25,Profissional,10.75,-6.298323113564848,144.8866854829028,-0.16311728086632438
37091190,Impecable y renovado. En Palermo. Cerca de todo.,195006732,Patricia,Palermo,-34.57636,-58.42103,Entire home/apt,39908.0,5,148,2024-12-19,2.39,3,210,28,46.95,234.75,Profissional,9.333333333333334,-6.298323113564848,144.8866854829028,-0.1635929311353128
952280364488940271,Studio Palermo SoHo + Pool + Early Check-in,51591898,Nacho,Palermo,-34.5899906,-58.4239921,Entire home/apt,42313.0,7,33,2025-01-04,1.93,2,205,22,49.78,248.9,Individual,11.0,-6.298323113564848,144.8866854829028,-0.16362977529407985
618788717737731469,Palermo Hollywood - Departamento de diseño,199497621,Nicole,Palermo,-34.58591,-58.43904,Entire home/apt,68264.0,2,103,2025-01-10,3.14,1,325,29,80.31,401.55,Individual,29.0,-6.298323113564848,144.8866854829028,-0.16386430921981623
51124113,Lovely aparment in Palermo Hollywood,117257618,Diego,Palermo,-34.58039,-58.43446,Entire home/apt,44561.0,2,83,2025-01-08,2.12,2,344,25,52.42,262.12,Individual,12.5,-6.298323113564848,144.8866854829028,-0.16410983556556225
48589311,Palermo Soho - Beautiful Apartment with Balcony,14654794,Maria,Palermo,-34.584381,-58.426529,Entire home/apt,40958.0,6,58,2024-12-21,1.57,1,350,10,48.19,240.93,Individual,10.0,-6.298323113564848,144.8866854829028,-0.1641266500578297
1258070847741641573,En Puerto Madero con vista al rio y balcón,525532083,Claudia,Puerto Madero,-34.6062526,-58.3666381,Entire home/apt,68327.0,1,29,2025-01-26,7.57,1,351,29,80.38,401.92,Individual,29.0,49.42092904885493,223.15875845114505,-0.1642006859617672
883794281099877130,En Palermo Soho! Un hermoso y cálido departamento!,1614683,Amilcar,Palermo,-34.591111511101325,-58.42281231490092,Entire home/apt,52364.0,2,169,2024-12-19,8.24,7,306,125,61.6,308.02,Profissional,17.857142857142858,-6.298323113564848,144.8866854829028,-0.16462985585964265
45469950,Vizion cañitas-Studio,114583267,Paula,Palermo,-34.57412,-58.43319,Entire home/apt,54013.0,1,21,2025-01-16,1.41,1,159,19,63.54,317.72,Individual,19.0,-6.298323113564848,144.8866854829028,-0.164652374493067
40668865,Top floor cozy unit with terrace in great location,49551924,Max,Palermo,-34.57818,-58.4227,Entire home/apt,46955.0,2,82,2025-01-29,1.33,2,253,28,55.24,276.21,Individual,14.0,-6.298323113564848,144.8866854829028,-0.16545486460206138
52107907,Hermoso departamento en el corazón de Palermo,255400372,Maria,Palermo,-34.58242,-58.42592,Entire home/apt,44109.0,1,62,2025-01-19,1.51,1,165,12,51.89,259.46,Individual,12.0,-6.298323113564848,144.8866854829028,-0.165631699184823
31612674,Cozy apartment | Cálido depto en Palermo,76212571,Maggie,Palermo,-34.58182,-58.40353,Entire home/apt,62834.0,2,84,2024-12-01,1.19,1,17,25,73.92,369.61,Individual,25.0,-6.298323113564848,144.8866854829028,-0.1657076468139796
823707782964788018,85 meters of peace in Palermo. Your perfect spot,435931774,Eugenia,Palermo,-34.590436695634764,-58.41130217724609,Entire home/apt,55662.0,3,41,2025-01-09,1.72,1,133,20,65.48,327.42,Individual,20.0,-6.298323113564848,144.8866854829028,-0.1658373834390721
53398498,Stylish 1 bedroom unit in Palermo Hollywood,375202448,Matias,Palermo,-34.58405,-58.43188,Entire home/apt,44256.0,4,58,2025-01-19,1.52,1,180,12,52.07,260.33,Individual,12.0,-6.298323113564848,144.8866854829028,-0.1664966679498398
642846570155210967,^_^ THIS STUDIO IS YOUR PLACE IN BUENOS AIRES ^_^,5428370,Eugenia,Palermo,-34.5813879,-58.4328412,Entire home/apt,40643.0,1,166,2025-01-13,5.28,9,354,85,47.82,239.08,Profissional,9.444444444444445,-6.298323113564848,144.8866854829028,-0.16686945436755352
26099554,Cálido Monoambiente en Palermo Soho,100933804,Maria Verónica,Palermo,-34.59472,-58.42289,Entire home/apt,42912.0,2,116,2025-01-20,1.5,1,150,11,50.48,252.42,Individual,11.0,-6.298323113564848,144.8866854829028,-0.16699354271358968
1014528750878479104,Discover central apartment in Palermo,305393914,Ludmila Aldana Micaela,Palermo,-34.5835881,-58.42176060000001,Entire home/apt,43637.0,2,27,2024-11-16,1.81,2,0,23,51.34,256.69,Individual,11.5,-6.298323113564848,144.8866854829028,-0.1670574551635264
840449955090285886,NUEVO Departamento en Palermo,503958817,Maria Emilia,Palermo,-34.57584,-58.4339372,Entire home/apt,47260.0,4,43,2024-12-04,1.87,1,271,14,55.6,278.0,Individual,14.0,-6.298323113564848,144.8866854829028,-0.16718480213209502
770254116432839471,Palermo Soho Experience,10911357,Nicolas,Palermo,-34.593304738532424,-58.427743303374896,Entire home/apt,47260.0,3,21,2025-01-01,0.84,1,311,14,55.6,278.0,Individual,14.0,-6.298323113564848,144.8866854829028,-0.16718480213209502
771727732661553304,Renovado 2 ambientes en el corazón de Palermo,52807097,Viviana,Palermo,-34.5880731161134,-58.41693260219004,Entire home/apt,47260.0,1,58,2025-01-11,2.3,1,180,14,55.6,278.0,Individual,14.0,-6.298323113564848,144.8866854829028,-0.16718480213209502
1019596622758523400,Live Cozy @National Public Library Recoleta A2A,545420742,Juan Carlos,Palermo,-34.58378214740715,-58.40025789516658,Entire home/apt,55924.0,1,30,2024-12-23,2.05,1,331,20,65.79,328.96,Individual,20.0,-6.298323113564848,144.8866854829028,-0.16732705186771216
1176453561576048667,Palermo Hollywood,87301307,Leonardo,Palermo,-34.5783155566639,-58.43442957848311,Entire home/apt,48762.0,1,15,2024-08-06,1.97,1,54,15,57.37,286.84,Individual,15.0,-6.298323113564848,144.8866854829028,-0.16755289613336194
24193928,Nova Palermo I  a estrenar,9812767,Yanina,Palermo,-34.5883551,-58.41401429999999,Entire home/apt,41862.0,2,106,2025-01-12,4.15,5,112,51,49.25,246.25,Profissional,10.2,-6.298323113564848,144.8866854829028,-0.1675928685697602
1062923998613379885,Impecable en palermo hollywood,17120021,Delfina,Palermo,-34.5814708,-58.4334142,Entire home/apt,43059.0,2,11,2024-12-28,0.92,1,194,11,50.66,253.29,Individual,11.0,-6.298323113564848,144.8866854829028,-0.16785851147860648
957927593656154866,departamento boutique en Palermo,512996811,Yamila,Palermo,-34.58895865465832,-58.41619576137695,Entire home/apt,64683.0,3,44,2025-01-05,2.51,1,69,26,76.1,380.49,Individual,26.0,-6.298323113564848,144.8866854829028,-0.1680459474466737
41270534,Palermo Yoga. Luz! Security 24x7 Rooftop Pool GYM,324114650,Javier,Palermo,-34.5883455,-58.4388173,Entire home/apt,54611.0,2,76,2024-12-14,1.24,1,79,19,64.25,321.24,Individual,19.0,-6.298323113564848,144.8866854829028,-0.16806419573285555
5870865,Sunny Apt for 4. Best view,4404244,Pablo,Palermo,-34.57631,-58.44157,Entire home/apt,40958.0,2,190,2024-12-02,1.74,2,298,19,48.19,240.93,Individual,9.5,-6.298323113564848,144.8866854829028,-0.16819536615186226
740076690275417179,Departamento en Palermo Buenos Aires,7859688,Silvia,Palermo,-34.584625,-58.419812,Entire home/apt,56113.0,3,64,2025-01-03,2.42,1,344,20,66.02,330.08,Individual,20.0,-6.298323113564848,144.8866854829028,-0.16843228973412253
547059280392091520,Comfortable Studio in heart of Palermo Hollywood,441930052,Daniel,Palermo,-34.58188,-58.43508,Entire home/apt,50452.0,1,62,2025-01-16,1.74,1,326,16,59.36,296.78,Individual,16.0,-6.298323113564848,144.8866854829028,-0.16897817418076058
617181620126730636,MODERN PALERMO HOLLYWOOD STUDIO WITH POOL,33032354,Gustavo,Palermo,-34.57934,-58.43144,Entire home/apt,57762.0,2,115,2024-12-09,3.47,1,346,21,67.96,339.78,Individual,21.0,-6.298323113564848,144.8866854829028,-0.1696172986801275
41979854,Lovely Studio en Palermo SOHO - Full amenities,68740667,Diego,Palermo,-34.58318,-58.42467,Entire home/apt,47260.0,2,174,2025-01-22,3.73,3,56,41,55.6,278.0,Profissional,13.666666666666666,-6.298323113564848,144.8866854829028,-0.16989727952811673
822301060534462565,"Único, con amenities y en Palermo Hollywood",207552380,Lucas,Palermo,-34.58549,-58.4402,Entire home/apt,42009.0,2,21,2025-01-02,0.91,1,339,10,49.42,247.11,Individual,10.0,-6.298323113564848,144.8866854829028,-0.17003726995211133
1029545583566850250,Dpto 2amb - Great Location,169908193,Nehuen,Palermo,-34.58884868204505,-58.41616977006196,Entire home/apt,42009.0,7,10,2024-12-23,0.99,1,209,10,49.42,247.11,Individual,10.0,-6.298323113564848,144.8866854829028,-0.17003726995211133
1226926077760284034,"Lindo departamento, torre premium. Gran ubicación",259805173,Ricardo Gabriel,Palermo,-34.5823474,-58.4331645,Entire home/apt,42009.0,3,20,2025-01-27,3.77,2,188,20,49.42,247.11,Individual,10.0,-6.298323113564848,144.8866854829028,-0.17003726995211133
1101005301456212796,Departamento en Palermo,564372671,Matias,Palermo,-34.57911,-58.43358,Entire home/apt,42009.0,3,10,2025-01-15,1.26,1,252,10,49.42,247.11,Individual,10.0,-6.298323113564848,144.8866854829028,-0.17003726995211133
33748325,Brandnew 1Bedroom Apart PALERMO Hollywood 2 Pools,37715440,Graciela,Palermo,-34.57829,-58.44022,Entire home/apt,76665.0,3,130,2025-01-29,1.87,1,200,34,90.19,450.97,Individual,34.0,-6.298323113564848,144.8866854829028,-0.17065432271485845
1083567126571768475,"SOHO-HEART. 
Bello 2 Ambientes Palermo Soho",501553897,Dardo,Palermo,-34.5868344723031,-58.427386009786986,Entire home/apt,60913.0,1,23,2025-01-23,2.11,1,325,23,71.66,358.31,Individual,23.0,-6.298323113564848,144.8866854829028,-0.1711223478071208
984937728801385715,Palermo- departamento - seguridad 24hs- amenities,538122370,Patricia,Palermo,-34.58935,-58.43515,Entire home/apt,43637.0,5,15,2024-12-02,1.05,1,13,11,51.34,256.69,Individual,11.0,-6.298323113564848,144.8866854829028,-0.17112617125755897
23520865,Cozy Studio in Recoleta - the best Area,160487754,Connie,Palermo,-34.593244412968744,-58.41467642902549,Entire home/apt,43637.0,2,95,2024-12-01,1.13,1,0,11,51.34,256.69,Individual,11.0,-6.298323113564848,144.8866854829028,-0.17112617125755897
1099495731718601955,Hermosa Habitación en Suite c/Balcón a la calle,563990846,Gerardo,Palermo,-34.58839376457318,-58.42390541723689,Private room,43637.0,2,11,2025-01-14,1.22,1,0,11,51.34,256.69,Individual,11.0,-6.298323113564848,144.8866854829028,-0.17112617125755897
945459468297299240,Oasis urbano PISO 29 / GRAN VISTA al Rio y ciudad,73240686,Mariana,Palermo,-34.58974929717108,-58.41180078685284,Entire home/apt,43637.0,28,29,2025-01-27,1.7,1,7,11,51.34,256.69,Individual,11.0,-6.298323113564848,144.8866854829028,-0.17112617125755897
31904310,Amplio Apartamento en el corazón de Palermo.,147925116,Estefania & Rodrigo,Palermo,-34.58916,-58.41344,Entire home/apt,43637.0,7,54,2024-11-05,0.75,1,0,11,51.34,256.69,Individual,11.0,-6.298323113564848,144.8866854829028,-0.17112617125755897
929610199680305575,Cálido Estudio en Palermo con pileta,92693608,Nicolas,Palermo,-34.5828896,-58.427457,Entire home/apt,47260.0,2,30,2025-01-12,1.6,2,80,27,55.6,278.0,Individual,13.5,-6.298323113564848,144.8866854829028,-0.17125351822612755
1187779870568071229,21#Modern & Relaxing stay with amazing Green views,4189920,Martin,Colegiales,-34.5780651,-58.44518230000001,Entire home/apt,49507.0,2,15,2024-12-24,2.07,1,340,15,58.24,291.22,Individual,15.0,-25.39338022656716,170.99145541453709,-0.17173357849760995
986267906258879868,Palermo Soho Alquiler x 4 - Zona Exposición Rural,538390254,Daniel Marcelo,Palermo,-34.58019640000001,-58.42341229999999,Entire home/apt,45905.0,3,32,2025-01-22,1.98,2,9,25,54.01,270.03,Individual,12.5,-6.298323113564848,144.8866854829028,-0.17175039298987743
851131643893456465,Hermoso depto  Palermo zona Embajada USA/La Rural,487646052,Celeste,Palermo,-34.577860840495624,-58.42385142698364,Entire home/apt,44256.0,2,78,2025-01-01,3.74,3,119,34,52.07,260.33,Profissional,11.333333333333334,-6.298323113564848,144.8866854829028,-0.17192162274188322
702296465817299195,Encantador Studio en el corazón de Palermo,34774380,Dana Y Leo,Palermo,-34.5810223,-58.4257693,Entire home/apt,50263.0,3,91,2025-01-26,3.62,2,365,31,59.13,295.66,Individual,15.5,-6.298323113564848,144.8866854829028,-0.17194165240838277
1052126501399163009,"Exclusiva Zona con Balcón, Parrilla y Pileta",552136502,Denise,Palermo,-34.57939290000001,-58.41236369999999,Entire home/apt,57016.0,1,22,2025-01-02,1.68,1,257,20,67.08,335.39,Individual,20.0,-6.298323113564848,144.8866854829028,-0.17352599468366595
592984905091166710,Moderno Estudio con Balcón en Palermo Hollywood,449045507,Angel,Palermo,-34.57927,-58.43379,Entire home/apt,42156.0,1,92,2025-01-25,2.69,3,148,29,49.6,247.98,Profissional,9.666666666666666,-6.298323113564848,144.8866854829028,-0.17361471611314983
888646857905473133,My Place in Palermo with BBQ,49368015,Fernanda,Palermo,-34.58465209629443,-58.4274758182888,Entire home/apt,82967.0,2,84,2025-01-14,4.07,1,330,38,97.61,488.04,Individual,38.0,-6.298323113564848,144.8866854829028,-0.17376052860940241
925306916841109316,3T-Espectacular depto con vistas en Palermo,522918598,Flor,Palermo,-34.578868923108544,-58.414536220584544,Entire home/apt,51461.0,4,30,2025-01-03,1.58,1,339,16,60.54,302.71,Individual,16.0,-6.298323113564848,144.8866854829028,-0.1746485249736486
911305072155170788,Enjoy and Relax Best of Palermo,73375830,Mariano,Palermo,-34.5816866,-58.4230651,Entire home/apt,57269.0,7,63,2024-11-10,3.19,1,362,20,67.38,336.88,Individual,20.0,-6.298323113564848,144.8866854829028,-0.1749676092920273
1101346900504680577,Hermoso y cálido apartamento en Palermo Soho,526950881,Silvana,Palermo,-34.58286019747453,-58.42465722488507,Entire home/apt,52973.0,3,17,2025-01-19,1.72,1,269,17,62.32,311.61,Individual,17.0,-6.298323113564848,144.8866854829028,-0.17506467279519428
1195935475037758439,Luminoso departamento Palermo H,111188251,Maria,Palermo,-34.5780095,-58.43352119999999,Entire home/apt,50106.0,2,15,2025-01-10,2.25,1,171,15,58.95,294.74,Individual,15.0,-6.298323113564848,144.8866854829028,-0.1751453997373985
41064911,Bright and luxurious studio in Palermo Hollywood,280621708,Andrea,Palermo,-34.57863,-58.43665,Entire home/apt,47260.0,2,73,2024-12-01,1.18,1,29,13,55.6,278.0,Individual,13.0,-6.298323113564848,144.8866854829028,-0.17532223432016011
543566216789817007,Loft with terrace and own grill in Palermo,4153991,Ornella,Palermo,-34.597379810357246,-58.42068747530784,Entire home/apt,47260.0,4,50,2024-09-22,1.62,1,101,13,55.6,278.0,Individual,13.0,-6.298323113564848,144.8866854829028,-0.17532223432016011
760603799445385607,Departamento en Palermo,20180555,Angel,Palermo,-34.5776807,-58.43135849999999,Entire home/apt,47260.0,6,23,2024-11-21,0.98,1,76,13,55.6,278.0,Individual,13.0,-6.298323113564848,144.8866854829028,-0.17532223432016011
37247846,Greyhouse - Palermo Viejo @greyhouseba,268132442,Cora,Palermo,-34.58933,-58.42755,Entire home/apt,66017.0,3,130,2025-01-17,1.96,1,357,26,77.67,388.34,Individual,26.0,-6.298323113564848,144.8866854829028,-0.1755903972304316
1071682397537600066,"Excelente departamento en Palermo, Buenos Aires!",555112590,Luciano,Palermo,-34.590042187884926,-58.420878677965845,Entire home/apt,50263.0,1,15,2024-12-01,1.37,1,89,15,59.13,295.66,Individual,15.0,-6.298323113564848,144.8866854829028,-0.1760103685024153
33965210,"Beautiful studio near metro, malls, bars & parks!",252656553,Beto Y Nico,Palermo,-34.57838,-58.42897,Entire home/apt,42009.0,3,263,2025-01-25,3.76,4,78,37,49.42,247.11,Profissional,9.25,-6.298323113564848,144.8866854829028,-0.17614034409316015
1138296233555218499,Descubre Buenos Aires desde Cañitas - 4 personas,3942692,Ulises,Palermo,-34.5702188,-58.43180889999999,Entire home/apt,57615.0,3,20,2024-12-19,2.35,1,245,20,67.78,338.91,Individual,20.0,-6.298323113564848,144.8866854829028,-0.1768897621031759
1086097451104948687,Departamento con amenities en Palermo,283632849,Laura,Palermo,-34.59488871686608,-58.42386394433413,Entire home/apt,43637.0,2,41,2025-01-22,3.48,4,0,41,51.34,256.69,Profissional,10.25,-6.298323113564848,144.8866854829028,-0.1772292453986078
783322286749112572,"Hermoso PH Palermo Soho, terraza privada !",65810785,Pabli,Palermo,-34.5881532,-58.4255368,Entire home/apt,43637.0,3,94,2025-01-05,3.65,4,0,41,51.34,256.69,Profissional,10.25,-6.298323113564848,144.8866854829028,-0.1772292453986078
31733939,"SPA Piscina Gym Sauna, su paraiso en Puerto Madero",14296885,Claudia,Puerto Madero,-34.61616,-58.36325,Entire home/apt,57762.0,30,106,2024-12-21,1.7,1,49,20,67.96,339.78,Individual,20.0,49.42092904885493,223.15875845114505,-0.17775473086819263
748687112470236981,Petit departamento en zona residencial de Palermo.,6273724,Claudia,Palermo,-34.5786287,-58.41230339999999,Entire home/apt,44109.0,2,84,2025-01-10,3.14,2,355,21,51.89,259.46,Individual,10.5,-6.298323113564848,144.8866854829028,-0.17783784746692066
4637612,Modern Exclusive Apartment | Best Palermo Location,23929032,Gloria,Palermo,-34.56525039672852,-58.43471908569336,Entire home/apt,52931.0,1,238,2025-01-18,1.98,2,339,33,62.27,311.36,Individual,16.5,-6.298323113564848,144.8866854829028,-0.1788931197878333
855072501527900110,Tu espacio en el corazón de Palermo,34774380,Dana Y Leo,Palermo,-34.5810233,-58.4257687,Entire home/apt,45012.0,3,54,2025-01-04,2.43,2,365,22,52.96,264.78,Individual,11.0,-6.298323113564848,144.8866854829028,-0.17891089014271033
5749786,Modern studio in Palermo Soho,29826085,Juan José,Palermo,-34.58483,-58.42755,Entire home/apt,45012.0,4,110,2025-01-06,0.92,1,339,11,52.96,264.78,Individual,11.0,-6.298323113564848,144.8866854829028,-0.17891089014271033
954273195411180950,"Studio en Blvd. Cerviño. Palermo, divino balcón!",9460474,Mona,Palermo,-34.5791252,-58.4128639,Entire home/apt,43637.0,2,21,2024-07-26,1.19,1,0,10,51.34,256.69,Individual,10.0,-6.298323113564848,144.8866854829028,-0.17926360344562406
53571140,Acogedor departamento en el corazón de Palermo,56385181,Maria Soledad,Palermo,-34.594340383314844,-58.41591183088524,Entire home/apt,43637.0,5,12,2025-01-22,0.95,1,1,10,51.34,256.69,Individual,10.0,-6.298323113564848,144.8866854829028,-0.17926360344562406
29686325,chill monoambiente en Palermo,218108892,Aldana,Palermo,-34.57444,-58.43976,Entire home/apt,43637.0,2,10,2025-01-18,1.52,1,0,10,51.34,256.69,Individual,10.0,-6.298323113564848,144.8866854829028,-0.17926360344562406
17327572,Amazing Studio in Cañitas/Palermo!,20482331,Mechi & Javi,Palermo,-34.56697,-58.43461,Entire home/apt,43637.0,4,144,2024-11-30,1.5,1,0,10,51.34,256.69,Individual,10.0,-6.298323113564848,144.8866854829028,-0.17926360344562406
854291135379908784,Departamento 2 ambientes en Palermo con balcón,56642399,Laura,Palermo,-34.59318229265492,-58.42026972988533,Entire home/apt,43637.0,3,30,2024-11-05,1.46,1,0,10,51.34,256.69,Individual,10.0,-6.298323113564848,144.8866854829028,-0.17926360344562406
811547930391532102,Premium apartment in Palermo.,173010839,Tomas,Palermo,-34.58192317367377,-58.42418286949396,Entire home/apt,48005.0,2,37,2025-01-25,1.53,1,319,13,56.48,282.38,Individual,13.0,-6.298323113564848,144.8866854829028,-0.1795509705046868
1130282485808597663,Loft en Palermo/Cañitas,26549683,Gonzalo,Palermo,-34.5710262,-58.43251409999999,Entire home/apt,48762.0,3,27,2025-01-18,2.77,2,248,27,57.37,286.84,Individual,13.5,-6.298323113564848,144.8866854829028,-0.1797590444154596
39894510,Beautiful Industrial Palermo Loft,24333618,Juan,Palermo,-34.58207,-58.43344,Entire home/apt,73967.0,3,36,2025-01-26,0.56,1,87,31,87.02,435.1,Individual,31.0,-6.298323113564848,144.8866854829028,-0.17983355825070188
929104389851049990,Depto en Palermo con ubicacion estrategica,517183686,Silvana,Palermo,-34.57438602919262,-58.438043018503095,Entire home/apt,43836.0,3,39,2025-01-13,2.07,1,89,10,51.57,257.86,Individual,10.0,-6.298323113564848,144.8866854829028,-0.18036884131203443
1044074827414381938,Luminoso y acogedor,107390084,Jose Alberto,Palermo,-34.5723621,-58.4317933,Entire home/apt,52511.0,3,18,2025-01-11,1.35,1,299,16,61.78,308.89,Individual,16.0,-6.298323113564848,144.8866854829028,-0.18060719868820893
911752249061956095,Palermo Soho Sunset,297205318,Candela,Palermo,-34.5905331,-58.4248486,Entire home/apt,52511.0,3,22,2025-01-05,1.31,1,256,16,61.78,308.89,Individual,16.0,-6.298323113564848,144.8866854829028,-0.18060719868820893
1026804814958360471,Hermoso Departamento en Palermo Hollywood,265849538,Javier,Palermo,-34.58033689999998,-58.44167124603272,Entire home/apt,43059.0,4,33,2025-01-20,2.32,3,13,28,50.66,253.29,Profissional,9.333333333333334,-6.298323113564848,144.8866854829028,-0.18142089845871498
11186830,Your lovely apartment in Palermo,5428370,Eugenia,Palermo,-34.58222,-58.43197,Entire home/apt,42744.0,1,466,2025-01-14,4.28,9,286,82,50.29,251.44,Profissional,9.11111111111111,-6.298323113564848,144.8866854829028,-0.18145122537241712
27156074,Autumn enchanted - Palermo Soho,569853,Graciela,Palermo,-34.58244,-58.42602,Entire home/apt,44109.0,2,178,2025-01-13,2.28,2,342,20,51.89,259.46,Individual,10.0,-6.298323113564848,144.8866854829028,-0.18190656356095322
828101197119392057,Sunny Palermo,488580798,Renata,Palermo,-34.582339381659835,-58.42530580510668,Entire home/apt,55662.0,5,37,2025-01-22,1.65,1,305,18,65.48,327.42,Individual,18.0,-6.298323113564848,144.8866854829028,-0.18211224781520227
907319241454993262,Panoramic City Views in Palermo,57907820,Cata,Colegiales,-34.5721503,-58.4410398,Entire home/apt,78766.0,3,56,2025-01-07,2.95,1,158,34,92.67,463.33,Individual,34.0,-25.39338022656716,170.99145541453709,-0.182571670143979
684793780235807275,"Apartment Puerto Madero, Light, Parking & WiFi",81959691,Catherine,Puerto Madero,-34.61927,-58.3608,Entire home/apt,49990.0,5,47,2025-01-19,1.66,1,89,14,58.81,294.06,Individual,14.0,49.42092904885493,223.15875845114505,-0.18261007844156163
39361854,Home in Palermo 100m2 super comfy,33395496,Guido,Palermo,-34.57729,-58.4281,Entire home/apt,61511.0,3,68,2025-01-10,2.13,1,326,22,72.37,361.83,Individual,22.0,-6.298323113564848,144.8866854829028,-0.18267160123497456
927752283484919894,Nuevo y Moderno Depto 6B en Palermo Hollywood,434167878,Johana Valeria,Palermo,-34.58111355030766,-58.43086726963519,Entire home/apt,43637.0,4,47,2024-12-17,2.51,2,0,19,51.34,256.69,Individual,9.5,-6.298323113564848,144.8866854829028,-0.18333231953965662
1092744302987516025,Amplia habitación en Palermo.,285493445,Maricel,Palermo,-34.58990375629788,-58.41084049247499,Private room,43637.0,2,19,2024-06-12,1.7,2,0,19,51.34,256.69,Individual,9.5,-6.298323113564848,144.8866854829028,-0.18333231953965662
1186483117859659822,Hermoso 2 ambientes en Palermo H,101237811,Cristal,Colegiales,-34.5784096,-58.44041069999999,Entire home/apt,47260.0,1,12,2025-01-18,1.83,1,86,12,55.6,278.0,Individual,12.0,-25.39338022656716,170.99145541453709,-0.1834596665082252
908761206919436584,Amplio y cómodo departamento en Palermo,431914502,Agu,Palermo,-34.58329,-58.4129,Entire home/apt,63318.0,2,43,2024-12-31,2.24,1,285,23,74.49,372.46,Individual,23.0,-6.298323113564848,144.8866854829028,-0.18472157894599642
1276770334901076403,Palermo Urban Suite con piscina y gym,659208441,Marcela,Palermo,-34.58376874620714,-58.43329973165076,Entire home/apt,44708.0,2,10,2025-01-07,3.57,1,150,10,52.6,262.99,Individual,10.0,-6.298323113564848,144.8866854829028,-0.18531838480074178
614554822401648379,Spacious & Bright w/Pool Sauna in Central Location,992038,Luciano,Palermo,-34.58663,-58.42233,Entire home/apt,48310.0,3,47,2024-12-13,1.88,2,163,25,56.84,284.18,Individual,12.5,-6.298323113564848,144.8866854829028,-0.185349624128753
933795702407888817,"MateHost-""Jardines de Charcas"" un Sueño -SuperHost",515020790,Antonino,Palermo,-34.5858823,-58.42056890000001,Entire home/apt,43637.0,4,84,2025-01-27,4.45,5,1,46,51.34,256.69,Profissional,9.2,-6.298323113564848,144.8866854829028,-0.18577354919607614
711554887737747757,"Palermo Cañitas, hermoso con patio",40998279,Ezequiel,Palermo,-34.565586,-58.43483,Entire home/apt,47711.0,2,73,2025-01-09,2.55,2,330,24,56.13,280.65,Individual,12.0,-6.298323113564848,144.8866854829028,-0.18600651898299697
28657521,Modern and Lovely Apartment Center of Palermo!,7462776,Juan,Palermo,-34.57854080200195,-58.42796325683594,Entire home/apt,44855.0,2,172,2024-12-13,2.46,2,172,20,52.77,263.85,Individual,10.0,-6.298323113564848,144.8866854829028,-0.1861352997454799
992142403584353679,"departamento en palermo, cañitas",497604264,Gadiel,Palermo,-34.5707802,-58.43283,Entire home/apt,46514.0,1,112,2025-01-23,6.9,8,85,89,54.72,273.61,Profissional,11.125,-6.298323113564848,144.8866854829028,-0.1863511834882555
44643365,Live Hotel Luxury Appartment,97139531,Alejandro,Palermo,-34.5781,-58.43782,Entire home/apt,63612.0,4,85,2025-01-05,1.73,1,154,23,74.84,374.19,Individual,23.0,-6.298323113564848,144.8866854829028,-0.1864034626557514
40756494,Modern in Palermo Soho with rooftop pool,162264115,Marcelo,Palermo,-34.58685,-58.42373,Entire home/apt,53551.0,4,39,2025-01-25,0.63,1,125,16,63.0,315.01,Individual,16.0,-6.298323113564848,144.8866854829028,-0.1864697647622118
916904342494782026,Hermoso depto 3 amb. en Belgrano,101796453,Sebastian,Colegiales,-34.5687973,-58.4560239,Entire home/apt,60766.0,3,54,2025-01-23,2.77,1,129,21,71.49,357.45,Individual,21.0,-25.39338022656716,170.99145541453709,-0.18658029723851285
21264372,Cálido Studio en Palermo Soho - Plaza Italia,124871125,Celeste,Palermo,-34.57943,-58.42652,Entire home/apt,47260.0,4,82,2025-01-01,0.92,2,14,23,55.6,278.0,Individual,11.5,-6.298323113564848,144.8866854829028,-0.18752838260225776
5270079,"Really Nice, in Palermo Hollywood w/Pool/Gym/Barbe",14609844,Maria,Palermo,-34.57687,-58.43587,Entire home/apt,44256.0,7,181,2024-12-01,3.53,3,2,28,52.07,260.33,Profissional,9.333333333333334,-6.298323113564848,144.8866854829028,-0.1881964871180134
499565,Departamento con mucha calidez,352420,Daniela,Palermo,-34.57975,-58.43984,Entire home/apt,52511.0,15,83,2025-01-18,0.86,1,1,15,61.78,308.89,Individual,15.0,-6.298323113564848,144.8866854829028,-0.18874463087627402
876683848258627926,Sunset in Palermo Modern Studio,35176684,Joaquin,Palermo,-34.5897437,-58.42353589999999,Entire home/apt,52511.0,2,35,2025-01-04,1.63,1,356,15,61.78,308.89,Individual,15.0,-6.298323113564848,144.8866854829028,-0.18874463087627402
1004622146767893417,Penthouse en Palermo con Terraza y Vista Única,16596049,Leila,Palermo,-34.5887127,-58.4207687,Entire home/apt,55441.0,2,62,2025-01-29,4.12,3,148,51,65.22,326.12,Profissional,17.0,-6.298323113564848,144.8866854829028,-0.18900028067602084
639924085412088172,Luxury studio in Palermo Hollywood Best Location !,107699936,Gisela,Palermo,-34.57704817127111,-58.4304499794424,Entire home/apt,45380.0,2,106,2025-01-07,3.31,2,168,20,53.39,266.94,Individual,10.0,-6.298323113564848,144.8866854829028,-0.18911463660276004
824772898078497652,"Depto. 2 ambientes, 7º. Palermo Soho",30233468,Gerardo,Palermo,-34.59043,-58.42407,Entire home/apt,54758.0,3,59,2025-01-27,2.7,2,342,33,64.42,322.11,Individual,16.5,-6.298323113564848,144.8866854829028,-0.18922469114775642
33450836,Boutique Loft Palermo,53994774,Javier Y Eugenia,Palermo,-34.5769,-58.43616,Entire home/apt,68485.0,1,242,2025-01-18,3.44,2,333,52,80.57,402.85,Individual,26.0,-6.298323113564848,144.8866854829028,-0.18952600511125808
41080360,"Bright and cheerful apartment in Palermo, Bs As",218653565,Cecilia,Palermo,-34.58234,-58.40347,Entire home/apt,46063.0,5,121,2025-01-14,1.98,3,331,31,54.19,270.96,Profissional,10.333333333333334,-6.298323113564848,144.8866854829028,-0.19024646482903532
41931179,Moderno y exclusivo depto completamente equipado,169492325,Matias,Palermo,-34.57178,-58.43413,Entire home/apt,50000.0,2,55,2024-11-18,0.97,1,179,13,58.82,294.12,Individual,13.0,-6.298323113564848,144.8866854829028,-0.19079556444990545
1223157089895708625,Depto. luminoso  | 3 amb| 4 pax,596147336,Guillermo Carlos,Palermo,-34.5761006,-58.4416944,Entire home/apt,51461.0,1,14,2024-12-31,2.53,1,307,14,60.54,302.71,Individual,14.0,-6.298323113564848,144.8866854829028,-0.19092338934977882
37083359,Beautiful & Bright Loft in Palermo.,278926699,Ernesto,Palermo,-34.57645,-58.42485,Entire home/apt,63013.0,3,102,2025-01-16,1.55,1,308,22,74.13,370.66,Individual,22.0,-6.298323113564848,144.8866854829028,-0.1911290736040278
39338045,"Palermo Soho- Studio-Gym, Pool and 7x24 security",302149534,Gabriela,Palermo,-34.58435,-58.42272,Entire home/apt,47260.0,2,58,2025-01-10,0.91,1,339,11,55.6,278.0,Individual,11.0,-6.298323113564848,144.8866854829028,-0.19159709869629032
1008840829048522011,Dos ambientes con excelente ubicación,305561721,Gonzalo,Palermo,-34.582659,-58.4200778,Entire home/apt,47260.0,2,16,2024-12-01,1.08,1,170,11,55.6,278.0,Individual,11.0,-6.298323113564848,144.8866854829028,-0.19159709869629032
1102289775543307049,Enjoy Relaxing Loft in Palermo,4332831,Louise,Palermo,-34.58145,-58.4104,Entire home/apt,47260.0,4,11,2024-12-10,1.06,1,1,11,55.6,278.0,Individual,11.0,-6.298323113564848,144.8866854829028,-0.19159709869629032
851438807435829612,Depto Buenos Aires Palermo Hollywood con cochera,106128311,Ezequiel,Palermo,-34.5805370698719,-58.43177235581972,Entire home/apt,47260.0,1,12,2024-10-12,0.85,1,274,11,55.6,278.0,Individual,11.0,-6.298323113564848,144.8866854829028,-0.19159709869629032
849182327050535774,Palermo Soho-1hab-security-3pax,505813954,Malena,Palermo,-34.5839671,-58.427046,Entire home/apt,47260.0,2,18,2024-12-18,0.81,1,306,11,55.6,278.0,Individual,11.0,-6.298323113564848,144.8866854829028,-0.19159709869629032
53746505,Cozy loft apartment in Palermo,5550405,Maru,Palermo,-34.577354431152344,-58.43171310424805,Entire home/apt,47260.0,3,56,2024-12-22,1.62,1,47,11,55.6,278.0,Individual,11.0,-6.298323113564848,144.8866854829028,-0.19159709869629032
1142219202737678885,"Palermo, Buenos Aires 1 Bdr. Luxury Apartment. New",4130739,Maria Alejandra,Palermo,-34.56886770000001,-58.4319272,Entire home/apt,45905.0,2,30,2025-01-28,3.25,3,154,30,54.01,270.03,Profissional,10.0,-6.298323113564848,144.8866854829028,-0.19209397346004017
934740652584123634,Excelente departamento en Las Cañitas/ Palermo,120554278,Mariano,Palermo,-34.572468,-58.43287459999999,Entire home/apt,50263.0,5,21,2025-01-04,1.39,1,324,13,59.13,295.66,Individual,13.0,-6.298323113564848,144.8866854829028,-0.19228523287854551
871149177447901246,Departamento Palermo Hollywood,142684804,Mariano,Palermo,-34.58029,-58.43066,Entire home/apt,74733.0,3,60,2025-01-28,2.79,1,0,30,87.92,439.61,Individual,30.0,-6.298323113564848,144.8866854829028,-0.1922958342638511
611769775713735559,"Duplex en Palermo, luminoso, amenities, seguridad",44842909,Stephie,Palermo,-34.57598,-58.42483,Entire home/apt,54611.0,2,73,2025-01-18,2.27,1,362,16,64.25,321.24,Individual,16.0,-6.298323113564848,144.8866854829028,-0.19247649229705086
26627322,Amplio departamento en Palermo Soho/Plaza Italia,68296083,Ma.,Palermo,-34.58283233642578,-58.42425537109375,Entire home/apt,73515.0,2,49,2024-11-17,2.66,1,352,29,86.49,432.44,Individual,29.0,-6.298323113564848,144.8866854829028,-0.19356157015206035
994973478252843886,Great flat w BBQ and Pool,394448986,Mariana,Palermo,-34.58522191500001,-58.44118375547852,Entire home/apt,57762.0,3,24,2025-01-02,1.64,1,339,18,67.96,339.78,Individual,18.0,-6.298323113564848,144.8866854829028,-0.1940295952443228
925272342996144219,Calido depto en Palermo con piscina y bicicletas.,521590264,Samuel,Palermo,-34.57601673033111,-58.43103941297047,Entire home/apt,47186.0,1,83,2025-01-18,4.49,4,249,42,55.51,277.56,Profissional,10.5,-6.298323113564848,144.8866854829028,-0.19523333040781443
52796707,Live this Stunning Local Gem Studio in Palermo,427428939,Gisela,Palermo,-34.5801,-58.43506,Entire home/apt,53708.0,1,65,2025-01-07,1.65,1,329,15,63.19,315.93,Individual,15.0,-6.298323113564848,144.8866854829028,-0.19552021953557241
740478581308465644,Two bedroom apartment in the center of Palermo,79268228,Nur,Palermo,-34.5824776,-58.425745,Entire home/apt,65260.0,2,66,2024-11-18,2.63,1,63,23,76.78,383.88,Individual,23.0,-6.298323113564848,144.8866854829028,-0.1957259037898215
1071794093151807105,Apartment in Palermo with beautiful outdoor,33292817,Santiago Julian,Palermo,-34.5813304,-58.40934739999999,Entire home/apt,51009.0,1,13,2024-11-25,1.16,1,55,13,60.01,300.05,Individual,13.0,-6.298323113564848,144.8866854829028,-0.1965139690630722
1223463761500302728,Estudio Piscina- Seguridad 24 hs,105449207,Carolina,Palermo,-34.588848741386904,-58.431785259008585,Entire home/apt,52511.0,2,14,2025-01-09,3.36,1,73,14,61.78,308.89,Individual,14.0,-6.298323113564848,144.8866854829028,-0.19688206306433914
1042237760656429583,Departamento Palermo nuevo,490711154,Giovanna,Palermo,-34.57768,-58.42227,Entire home/apt,52511.0,4,29,2025-01-23,2.21,2,218,28,61.78,308.89,Individual,14.0,-6.298323113564848,144.8866854829028,-0.19688206306433914
838992719204629587,Pretty and light apt in Palermo!,5782449,Maria Victoria,Palermo,-34.58713111014973,-58.41564515827002,Entire home/apt,52511.0,3,29,2024-12-27,1.27,1,88,14,61.78,308.89,Individual,14.0,-6.298323113564848,144.8866854829028,-0.19688206306433914
32942393,Lovely Oasis Surrounded by Nature,2471128,Pia,Palermo,-34.58228,-58.44264,Entire home/apt,56239.0,3,64,2025-01-17,1.73,2,152,33,66.16,330.82,Individual,16.5,-6.298323113564848,144.8866854829028,-0.1975860558762523
1048790315514650685,"Housing 2, puerto madero",66500822,Ezequiel,Puerto Madero,-34.60619607192308,-58.36676683276892,Entire home/apt,68264.0,1,80,2025-01-27,5.96,3,361,74,80.31,401.55,Profissional,24.666666666666668,49.42092904885493,223.15875845114505,-0.19912651536809833
672706820359550404,Departamento de 2 habitaciones en Palermo Soho,469894016,Benjamin,Palermo,-34.586,-58.41998,Entire home/apt,63013.0,3,78,2025-01-08,2.66,1,109,21,74.13,370.66,Individual,21.0,-6.298323113564848,144.8866854829028,-0.1992665057920929
850829168730288787,"Cómodo, acogedor Departamento en Cañitas",293381589,Daniel Efraín,Palermo,-34.57047533726544,-58.4318318722908,Entire home/apt,63013.0,3,45,2025-01-08,2.03,1,302,21,74.13,370.66,Individual,21.0,-6.298323113564848,144.8866854829028,-0.1992665057920929
53757694,Departamento 2 amb. en complejo con piscinas,81362047,Marcelo,Palermo,-34.579491,-58.440468,Entire home/apt,63013.0,3,77,2025-01-11,2.03,1,156,21,74.13,370.66,Individual,21.0,-6.298323113564848,144.8866854829028,-0.1992665057920929
934268265924782169,Departamento en Palermo,227204042,Manuel,Palermo,-34.59520919958694,-58.4160310300712,Entire home/apt,47260.0,3,11,2025-01-12,0.85,1,232,10,55.6,278.0,Individual,10.0,-6.298323113564848,144.8866854829028,-0.19973453088435542
629672235300631948,Departamento dos ambientes con vista única al Polo,30363052,Marcela,Palermo,-34.57280873749432,-58.42296078801155,Entire home/apt,47260.0,3,57,2025-01-28,1.88,2,145,20,55.6,278.0,Individual,10.0,-6.298323113564848,144.8866854829028,-0.19973453088435542
6520979,My House is your House / Live Palermo BA,34103155,Silvia,Palermo,-34.59008,-58.41503,Entire home/apt,50200.0,7,18,2024-12-04,0.16,1,364,12,59.06,295.29,Individual,12.0,-6.298323113564848,144.8866854829028,-0.20008628832465963
35676446,The Concrete Boutique Studio in Palermo Hollywood,103153831,Maria,Palermo,-34.58174,-58.44304,Entire home/apt,69010.0,3,41,2025-01-24,0.64,1,106,25,81.19,405.94,Individual,25.0,-6.298323113564848,144.8866854829028,-0.2006427741566033
984024296032112967,"Hermoso apart. p/4 Palermo, cochera incluida",215679635,Maria Del Carmen,Palermo,-34.5959707,-58.4218166,Entire home/apt,57762.0,1,138,2025-01-28,8.35,6,246,103,67.96,339.78,Profissional,17.166666666666668,-6.298323113564848,144.8866854829028,-0.20081078873437705
919041201702453246,Luz y Comodidad en el barrio de Palermo,79249685,Mariela,Palermo,-34.5887127,-58.4207687,Entire home/apt,50410.0,3,25,2024-09-22,1.33,1,296,12,59.31,296.53,Individual,12.0,-6.298323113564848,144.8866854829028,-0.20128763383162745
1063685110710699256,Stylish Apartment in Palermo near Rosedal,44398984,Alexia,Palermo,-34.5730628,-58.4227612,Entire home/apt,64809.0,3,22,2025-01-25,2.6,1,357,22,76.25,381.23,Individual,22.0,-6.298323113564848,144.8866854829028,-0.20131648350311487
659497738999495972,Excellent studio apartment in palermo,141244046,Pedro Ramon,Palermo,-34.5924083,-58.4141088,Entire home/apt,57762.0,10,21,2024-11-16,1.51,1,75,17,67.96,339.78,Individual,17.0,-6.298323113564848,144.8866854829028,-0.20216702743238793
702021407962763001,Luminoso loft ubicado en Las Cañitas,476608586,Mercedes,Palermo,-34.5653609413022,-58.4359745447281,Entire home/apt,52028.0,2,44,2025-01-20,1.52,1,71,13,61.21,306.05,Individual,13.0,-6.298323113564848,144.8866854829028,-0.20228042749651767
39952204,KUDOS Palermo is kids-friendly & self check-in.,307999103,Marcelo,Palermo,-34.57803,-58.41293,Entire home/apt,89468.0,2,148,2025-01-10,2.39,1,141,39,105.26,526.28,Individual,39.0,-6.298323113564848,144.8866854829028,-0.20238426893455205
782606524820343579,"Privileged location in Buenos Aires, Palermo.-",12806812,Franco,Palermo,-34.5869061,-58.42317130000001,Entire home/apt,56407.0,3,53,2025-01-06,2.2,1,308,16,66.36,331.81,Individual,16.0,-6.298323113564848,144.8866854829028,-0.20261584837585905
40932617,Beatiful apartment near Rosedal Park kids-friendly,318913999,Pablo,Palermo,-34.575153,-58.419975,Entire home/apt,60913.0,4,78,2024-12-29,2.21,1,149,19,71.66,358.31,Individual,19.0,-6.298323113564848,144.8866854829028,-0.2036720765593812
630637677778709760,"Departamento 3 amb. en Palermo, equipado nuevo",437489346,Victor,Palermo,-34.580276,-58.425148,Entire home/apt,47260.0,3,61,2025-01-06,1.87,2,141,19,55.6,278.0,Individual,9.5,-6.298323113564848,144.8866854829028,-0.20380324697838798
22085062,"Palermo, moderno, luminoso y a un paso de todo.",121337986,Mario,Palermo,-34.57339,-58.44153,Entire home/apt,48005.0,3,132,2025-01-05,1.59,2,119,20,56.48,282.38,Individual,10.0,-6.298323113564848,144.8866854829028,-0.2039632670688821
812589959047307059,Depto amplio de lujo 2 Ambientes Palermo soho,230800716,Dacil,Palermo,-34.5906924874352,-58.42450063979823,Entire home/apt,49603.0,2,25,2024-12-16,1.1,1,205,11,58.36,291.78,Individual,11.0,-6.298323113564848,144.8866854829028,-0.20485995309321486
11790692,Cozy apartment with yard,10213548,Marion Y  Daniel,Palermo,-34.59005,-58.43442,Entire home/apt,52511.0,3,146,2025-01-13,1.44,1,122,13,61.78,308.89,Individual,13.0,-6.298323113564848,144.8866854829028,-0.20501949525240423
789934148277155718,"Moderno dos ambientes, confortable y luminoso",492736384,Liliana,Palermo,-34.57043,-58.43423,Entire home/apt,59715.0,3,38,2025-01-06,1.7,1,199,18,70.25,351.26,Individual,18.0,-6.298323113564848,144.8866854829028,-0.2050339200881479
964391554508834855,Palermo Soho! Beautiful 3 main rooms,119144000,Sandra,Palermo,-34.5870048,-58.4238379,Entire home/apt,62110.0,1,58,2025-01-20,3.42,2,230,39,73.07,365.35,Individual,19.5,-6.298323113564848,144.8866854829028,-0.20637894912464702
890454616329897224,"Divino departamento 2 amb. Palermo, Gran ubicación",6914478,Gustavo,Palermo,-34.58533218777131,-58.42738863724016,Entire home/apt,52815.0,3,36,2024-12-15,1.85,1,355,13,62.14,310.68,Individual,13.0,-6.298323113564848,144.8866854829028,-0.20674943278243788
1264045479602722598,4 Ambientes en Las Cañitas,476855062,Rodrigo Lautaro,Palermo,-34.5635718,-58.4394074,Entire home/apt,54464.0,2,14,2025-01-12,4.47,1,28,14,64.08,320.38,Individual,14.0,-6.298323113564848,144.8866854829028,-0.20793444172844294
677504588571112422,Palermo Soho! Pool/Gym/300MB WIFI/Amazing terrace.,471133040,Carolina,Palermo,-34.59018,-58.42498,Entire home/apt,66017.0,2,70,2025-01-20,2.31,1,211,22,77.67,388.34,Individual,22.0,-6.298323113564848,144.8866854829028,-0.208140125982692
1156112334169552559,Acogedor Departamento en el corazón de Palermo,502492512,Franco,Palermo,-34.5912302,-58.43183139999999,Entire home/apt,55966.0,3,15,2025-01-23,2.27,1,44,15,65.84,329.21,Individual,15.0,-6.298323113564848,144.8866854829028,-0.2082544819094312
757355814311514986,Luxury aparment in Palermo Hollywood,117257618,Diego,Palermo,-34.58029,-58.43331,Entire home/apt,49507.0,2,59,2025-01-17,2.23,2,257,21,58.24,291.22,Individual,10.5,-6.298323113564848,144.8866854829028,-0.2083520233439029
922510768884174120,Art Department Palermo Hollywood,483330116,Cecilia,Palermo,-34.58132,-58.43911,Entire home/apt,50263.0,1,30,2024-10-10,1.6,1,107,11,59.13,295.66,Individual,11.0,-6.298323113564848,144.8866854829028,-0.20856009725467572
871229571994717119,Terraza urbana,23636952,Alejandra,Palermo,-34.5633267,-58.4402425,Entire home/apt,73515.0,3,46,2025-01-10,2.61,1,130,27,86.49,432.44,Individual,27.0,-6.298323113564848,144.8866854829028,-0.20983643452819056
1140580076258131885,Amplio departamento moderno y luminoso con balcón,6046964,Juan,Palermo,-34.59407312065343,-58.42753439196656,Entire home/apt,59264.0,3,17,2024-12-26,1.98,1,72,17,69.72,348.61,Individual,17.0,-6.298323113564848,144.8866854829028,-0.2106244998014413
1218153987760049177,Departamento Palermo Hollywood,594792462,Cecilia,Palermo,-34.58333689095353,-58.43810255766784,Entire home/apt,49213.0,3,10,2025-01-08,1.89,1,89,10,57.9,289.49,Individual,10.0,-6.298323113564848,144.8866854829028,-0.21078690954845922
1165234733297155304,Casa Fulgoria - Palermo - Increible y luminosa !,435222088,Maria Eugenia,Palermo,-34.57276717075701,-58.42380672079216,Entire home/apt,60104.0,2,35,2025-01-06,4.73,2,252,35,70.71,353.55,Individual,17.5,-6.298323113564848,144.8866854829028,-0.21131311191500118
53570377,"Large & bright 2BD, great location, fully equipped",33310650,Federico,Palermo,-34.58024,-58.42583,Entire home/apt,62561.0,3,65,2025-01-01,1.69,1,150,19,73.6,368.01,Individual,19.0,-6.298323113564848,144.8866854829028,-0.2129945176934514
39254188,Estudio Moderno en el corazón de Palermo,44998181,Delfina,Palermo,-34.58337,-58.42561,Entire home/apt,52511.0,2,125,2024-12-01,1.94,1,179,12,61.78,308.89,Individual,12.0,-6.298323113564848,144.8866854829028,-0.21315692744046932
754404553007026442,"Cómodo, espacioso y luminoso 3 ambientes c/ balcón",48514621,Sebastián,Palermo,-34.585934487241985,-58.42138263068848,Entire home/apt,52511.0,3,29,2024-12-31,1.07,1,287,12,61.78,308.89,Individual,12.0,-6.298323113564848,144.8866854829028,-0.21315692744046932
1110206696296737944,Confortable dpto. en pleno Palermo,447223240,Analia,Palermo,-34.58014841183253,-58.43315987699235,Entire home/apt,88523.0,1,37,2025-01-26,3.47,1,40,37,104.14,520.72,Individual,37.0,-6.298323113564848,144.8866854829028,-0.2132771054394665
1187893010682895887,Hermoso depto.  piscina climatizada. Puerto Madero,534864101,Z,Puerto Madero,-34.62022,-58.36509,Entire home/apt,51314.0,1,22,2025-01-05,3.4,2,355,22,60.37,301.85,Individual,11.0,49.42092904885493,223.15875845114505,-0.214518770969236
900896377807409653,"zona única, 2 Cuartos. Torre, seguridad, piscina.",9710498,Alberto,Palermo,-34.5764437,-58.4238044,Entire home/apt,80121.0,3,57,2025-01-26,2.87,1,334,31,94.26,471.3,Individual,31.0,-6.298323113564848,144.8866854829028,-0.21462452413248953
42887903,Palermo Soho Spacious  bright 1 br.security 7/24,341501419,Viviana,Palermo,-34.58639,-58.42577,Entire home/apt,51461.0,2,43,2025-01-17,1.23,1,196,11,60.54,302.71,Individual,11.0,-6.298323113564848,144.8866854829028,-0.21533568591397412
16042728,Chic I Studio in the middle of Palermo.  Don Julio,21662176,Silvana,Palermo,-34.586533,-58.423779,Entire home/apt,55063.0,4,264,2025-01-20,2.82,2,58,27,64.78,323.9,Individual,13.5,-6.298323113564848,144.8866854829028,-0.2153669252419853
40034016,Un espacio lleno de luz para agregar a tu estadia,307583523,Gabriel,Palermo,-34.5977,-58.42109,Entire home/apt,63013.0,2,112,2024-12-02,1.79,1,121,19,74.13,370.66,Individual,19.0,-6.298323113564848,144.8866854829028,-0.2155413701682231
1016526623263734620,"Great Location, Palermo Soho",38166466,Gardenia,Palermo,-34.58941258277844,-58.43133833259344,Entire home/apt,54916.0,2,46,2025-01-15,3.1,3,169,40,64.61,323.04,Profissional,13.333333333333334,-6.298323113564848,144.8866854829028,-0.21590624899525812
914234259889989036,Puerto Madero de Vero,519440361,Veronica,Puerto Madero,-34.62002665859371,-58.36502672698363,Entire home/apt,66017.0,2,58,2025-01-02,3.02,1,2,21,77.67,388.34,Individual,21.0,49.42092904885493,223.15875845114505,-0.21627755817075708
1081234469517022287,Lujoso 2 ambs Palermo Hollywood,42617632,Mario,Palermo,-34.5770735,-58.4396787,Entire home/apt,53257.0,3,12,2025-01-26,2.38,1,55,12,62.66,313.28,Individual,12.0,-6.298323113564848,144.8866854829028,-0.217385663624996
46566491,"""Cozy and chic studio in Belgrano, Buenos Aires""",172918893,Diego Martin,Colegiales,-34.56881,-58.44981,Entire home/apt,50410.0,2,61,2024-12-26,1.21,1,363,10,59.31,296.53,Individual,10.0,-25.39338022656716,170.99145541453709,-0.21756249820775767
1111754837043768414,Aires de Belgrano,235214634,Cecilia,Palermo,-34.56881,-58.44702,Entire home/apt,50410.0,2,10,2024-07-06,0.94,1,6,10,59.31,296.53,Individual,10.0,-6.298323113564848,144.8866854829028,-0.21756249820775767
950884834664608901,Departamento premium en Palermo,44119549,Andres,Palermo,-34.576704046098854,-58.43770801003208,Entire home/apt,57762.0,2,44,2024-11-13,2.45,1,119,15,67.96,339.78,Individual,15.0,-6.298323113564848,144.8866854829028,-0.21844189180851814
53717557,Exclusivo loft en el corazón de Palermo Hollywood,90120215,Pedro,Palermo,-34.582176,-58.433723,Entire home/apt,92623.0,3,108,2025-01-29,2.97,1,290,39,108.97,544.84,Individual,39.0,-6.298323113564848,144.8866854829028,-0.22021223625795425
32886685,Live Hotel. Palermo Hollywood. Complejo de lujo.,147732287,Paula,Palermo,-34.57795,-58.4381,Entire home/apt,68264.0,3,97,2025-01-02,1.38,1,186,22,80.31,401.55,Individual,22.0,-6.298323113564848,144.8866854829028,-0.22082633453627193
700128189752838881,"Palermo 2 habitaciones, piscina",5602073,Sergio Gustavo,Palermo,-34.58353,-58.44294,Entire home/apt,61803.0,3,89,2025-01-12,3.67,2,167,35,72.71,363.55,Individual,17.5,-6.298323113564848,144.8866854829028,-0.22092387597074364
929791803690004167,"Cerviño y Lafinur, Exclusiva zona de Palermo",524139153,Jose Angel,Palermo,-34.578275,-58.41407,Entire home/apt,52511.0,1,28,2024-11-29,1.49,1,206,11,61.78,308.89,Individual,11.0,-6.298323113564848,144.8866854829028,-0.22129435962853444
965779492334942756,Departamento luminoso en Palermo,217315458,Tomas,Palermo,-34.57280718640347,-58.434910288090585,Entire home/apt,52511.0,6,16,2025-01-19,1.12,1,48,11,61.78,308.89,Individual,11.0,-6.298323113564848,144.8866854829028,-0.22129435962853444
1174847096273376475,Cool Studio 5* in Palermo #208,1824490,Martin,Palermo,-34.5726943154844,-58.44029974835495,Entire home/apt,52511.0,2,22,2024-12-30,3.07,2,260,22,61.78,308.89,Individual,11.0,-6.298323113564848,144.8866854829028,-0.22129435962853444
14237431,Primavera terraza luz espacio en Palermo Soho,83612545,Laura Ines,Palermo,-34.58262,-58.42883,Entire home/apt,52511.0,4,24,2025-01-03,1.16,1,147,11,61.78,308.89,Individual,11.0,-6.298323113564848,144.8866854829028,-0.22129435962853444
647964310197126717,Palermo Chico - Clásico 2 Dormitorios -,463940823,Josefina,Palermo,-34.57737,-58.40572,Entire home/apt,52511.0,5,44,2025-01-03,1.39,1,332,11,61.78,308.89,Individual,11.0,-6.298323113564848,144.8866854829028,-0.22129435962853444
1093639255751827198,Monoambiente Simil Hotel Lujoso,562569554,Valentin,Palermo,-34.57382,-58.44221,Entire home/apt,50410.0,2,19,2024-09-23,1.78,2,246,19,59.31,296.53,Individual,9.5,-6.298323113564848,144.8866854829028,-0.22163121430179022
40425088,Moderno 3 dormitorios con cochera en Palermo,87617689,Martin,Palermo,-34.57485,-58.4193,Entire home/apt,58508.0,2,103,2025-01-25,2.22,3,42,45,68.83,344.16,Profissional,15.0,-6.298323113564848,144.8866854829028,-0.2226225741727661
960215238551881801,Local Stunning Gem in heart of Palermo Hollywood,532438883,Gustavo,Palermo,-34.579062861757905,-58.4336692954333,Entire home/apt,67256.0,1,30,2025-01-08,1.7,1,311,21,79.12,395.62,Individual,21.0,-6.298323113564848,144.8866854829028,-0.22324536211117038
20943996,"Palermo HW. Spa, Gym, Piletas, Desk Seguridad 24x7",150595044,Lucia,Palermo,-34.57775011033181,-58.4396188908695,Entire home/apt,78766.0,3,60,2025-01-30,3.04,1,267,29,92.67,463.33,Individual,29.0,-6.298323113564848,144.8866854829028,-0.22325883108430447
1239970345697830202,Apartamento con encanto,21286273,Ernesto Matías,Palermo,-34.5839966,-58.4191388,Entire home/apt,51461.0,2,10,2025-01-26,2.8,1,173,10,60.54,302.71,Individual,10.0,-6.298323113564848,144.8866854829028,-0.2234731181020392
940598473030915340,Encantador Apt. en Palermo con Terraza Privada,527109802,Ines,Palermo,-34.5854867,-58.42271769999999,Entire home/apt,51461.0,2,16,2024-10-13,0.91,1,210,10,60.54,302.71,Individual,10.0,-6.298323113564848,144.8866854829028,-0.2234731181020392
864326080311852048,Moderno Estudio en Puerto Madero,451095027,Silvina,Puerto Madero,-34.61646096259683,-58.36142766302381,Entire home/apt,51009.0,2,47,2025-01-02,2.15,3,345,29,60.01,300.05,Profissional,9.666666666666666,49.42092904885493,223.15875845114505,-0.2236387430232892
17571011,Cosy apartment in the exclusive Palermo Chico,54133686,Ivana,Palermo,-34.57771,-58.41298,Entire home/apt,51629.0,5,73,2024-07-19,0.77,1,82,10,60.74,303.7,Individual,10.0,-6.298323113564848,144.8866854829028,-0.22443419450761345
1123106382648196425,"Estudio,  reciclado moderno en Palermo",454101608,Sonia,Palermo,-34.58738,-58.41275,Entire home/apt,56113.0,1,26,2025-01-19,2.89,2,253,26,66.02,330.08,Individual,13.0,-6.298323113564848,144.8866854829028,-0.22539431505057822
715960091842889399,Palermo: balcony +parking+ barbeque+ swimming pool,90273797,Sole,Palermo,-34.5823722,-58.422777,Entire home/apt,73515.0,3,62,2025-01-12,2.18,1,251,25,86.49,432.44,Individual,25.0,-6.298323113564848,144.8866854829028,-0.22611129890432075
858194342082908095,Grand Oro,442832968,Fernando,Palermo,-34.57679400078822,-58.42351856673975,Entire home/apt,52511.0,1,14,2025-01-03,0.65,1,107,10,61.78,308.89,Individual,10.0,-6.298323113564848,144.8866854829028,-0.22943179181659953
1044348090842812283,"Depto. 2 ambientes, 10°. Palermo Soho",30233468,Gerardo,Palermo,-34.5903865,-58.4239323,Entire home/apt,54758.0,3,26,2025-01-24,1.97,2,197,23,64.42,322.11,Individual,11.5,-6.298323113564848,144.8866854829028,-0.22991185208808193
894262434046866316,24hrs Security Full Amenities Modern Palermo Soho,471693376,Federico,Palermo,-34.5856938,-58.4241352,Entire home/apt,57016.0,4,53,2025-01-12,2.62,2,302,26,67.08,335.39,Individual,13.0,-6.298323113564848,144.8866854829028,-0.23048802000012164
40061613,5* Palermo Design & Art 24hs Security+Pool+Grill,22654246,Cynthia,Palermo,-34.5814,-58.42236,Entire home/apt,55662.0,2,209,2025-01-24,3.3,5,320,60,65.48,327.42,Profissional,12.0,-6.298323113564848,144.8866854829028,-0.23093684094359287
40008560,100m2 Sunny Duplex 2 bedrooms 3 bathrooms,64137265,Akemi,Palermo,-34.57839,-58.43962,Entire home/apt,71562.0,3,88,2024-12-13,1.39,1,132,23,84.19,420.95,Individual,23.0,-6.298323113564848,144.8866854829028,-0.23133378461634715
871670620900610260,"Hermoso departamento completo con terraza, Palermo",510473391,Emilio,Palermo,-34.57768,-58.42941,Entire home/apt,78766.0,3,62,2025-01-05,2.9,1,335,28,92.67,463.33,Individual,28.0,-6.298323113564848,144.8866854829028,-0.23139626327236956
1108967304855216865,Luminoso Departamento en Palermo,478890859,Sergio Renato,Palermo,-34.5788404,-58.4124493,Entire home/apt,63013.0,3,17,2025-01-26,1.97,1,221,17,74.13,370.66,Individual,17.0,-6.298323113564848,144.8866854829028,-0.23181623454435332
22535319,Palermo Hollywood 3 dormitorios 4 Camas 1 Patio,58369718,Gonzalo,Palermo,-34.58406,-58.44194,Entire home/apt,52511.0,3,90,2025-01-02,1.29,5,337,48,61.78,308.89,Profissional,9.6,-6.298323113564848,144.8866854829028,-0.2326867646918256
1190072537631723902,Duplex en Palermo.,583090494,Laura,Palermo,-34.57822,-58.4335,Entire home/apt,53257.0,5,10,2025-01-18,1.49,1,126,10,62.66,313.28,Individual,10.0,-6.298323113564848,144.8866854829028,-0.23366052800112622
21378269,PH Palermo Soho. Inmejorable ubicación,54233481,Alejandra,Palermo,-34.58741,-58.42747,Entire home/apt,75000.0,2,239,2024-12-03,2.7,1,195,25,88.24,441.18,Individual,25.0,-6.298323113564848,144.8866854829028,-0.23452071745309538
999171374835196868,Departamento en pleno Palermo,529300952,Victoria,Palermo,-34.5861717,-58.4147901,Entire home/apt,57762.0,2,17,2025-01-02,1.13,1,260,13,67.96,339.78,Individual,13.0,-6.298323113564848,144.8866854829028,-0.23471675618464832
18719050,Sunny and spacious Loft @ Palermo Chico,3759489,Manuel,Palermo,-34.58232,-58.40776,Entire home/apt,57762.0,3,52,2025-01-14,0.57,1,247,13,67.96,339.78,Individual,13.0,-6.298323113564848,144.8866854829028,-0.23471675618464832
1094442837925320720,Terraza de Oro -Palermo Soho-,9854014,PabLin,Palermo,-34.57983409516923,-58.42503245919943,Entire home/apt,57762.0,3,26,2024-12-22,2.48,2,42,26,67.96,339.78,Individual,13.0,-6.298323113564848,144.8866854829028,-0.23471675618464832
1034934050105982919,"Bohemia Borges I,  Palermo Soho, w/pool & solarium",548532381,Verónica Paula,Palermo,-34.58609,-58.42502,Entire home/apt,60913.0,2,33,2025-01-17,2.47,2,281,30,71.66,358.31,Individual,15.0,-6.298323113564848,144.8866854829028,-0.2362218053116416
1216153796771216156,Luminoso loft en Puerto Madero,87999559,Nahuel,Puerto Madero,-34.6162216,-58.3614919,Entire home/apt,59484.0,1,42,2025-01-20,7.2,3,57,42,69.98,349.91,Profissional,14.0,49.42092904885493,223.15875845114505,-0.23628619569288312
699995807303358170,Apartamento en torre de lujo de Palermo,476405734,Maria Ines,Palermo,-34.5801367,-58.4075721,Entire home/apt,72454.0,1,62,2025-01-12,2.13,1,304,23,85.24,426.2,Individual,23.0,-6.298323113564848,144.8866854829028,-0.23637943574561196
16702516,"Departamento Sobre Av. Santa Fe, 2 Habitaciones",110642405,Luis Agustin,Palermo,-34.58799,-58.41194,Entire home/apt,54013.0,2,93,2025-01-01,0.96,1,348,10,63.54,317.72,Individual,10.0,-6.298323113564848,144.8866854829028,-0.2378892641856529
1138778363278862688,Luminous apartment with patio,16659326,Facundo,Palermo,-34.594741116402055,-58.42403773465976,Entire home/apt,54160.0,2,10,2025-01-04,1.09,1,244,10,63.72,318.59,Individual,10.0,-6.298323113564848,144.8866854829028,-0.2387542329506697
698767445001399292,"Housing, Puerto Madero",66500822,Ezequiel,Puerto Madero,-34.605936,-58.3664537,Entire home/apt,78766.0,1,200,2025-01-27,6.75,3,1,81,92.67,463.33,Profissional,27.0,49.42092904885493,223.15875845114505,-0.23953369546043468
1137763323800837944,Departamento en Palermo,573024896,Estela Paula,Palermo,-34.573491,-58.436576,Entire home/apt,64515.0,1,17,2024-12-31,1.86,1,75,17,75.9,379.5,Individual,17.0,-6.298323113564848,144.8866854829028,-0.2403217607336854
28254966,Design 4pax AC/Pool/Sauna/Gym @ Palermo Hollywood,2001365,Daiana,Palermo,-34.57737,-58.43926,Entire home/apt,63916.0,2,188,2025-01-05,2.44,2,338,33,75.2,375.98,Individual,16.5,-6.298323113564848,144.8866854829028,-0.2410267094082081
756510128826945494,3 ambientes Palermo Hollywood,380610776,Martina,Palermo,-34.58252,-58.43848,Entire home/apt,85551.0,2,141,2025-01-23,5.9,2,357,63,100.65,503.24,Individual,31.5,-6.298323113564848,144.8866854829028,-0.2412621991965541
1115807930503100070,"Dpto. Palermo Hollywood Parrilla, Pileta y Cochera",108437376,Mateo,Palermo,-34.5805462,-58.4418154,Entire home/apt,57615.0,2,24,2025-01-11,3.14,2,63,24,67.78,338.91,Individual,12.0,-6.298323113564848,144.8866854829028,-0.24198921960769668
1175194169887108255,Trendy Studio 5* interior Palermo #307,1824490,Martin,Palermo,-34.5732816,-58.44126209999999,Entire home/apt,57762.0,2,24,2025-01-11,3.19,2,365,24,67.96,339.78,Individual,12.0,-6.298323113564848,144.8866854829028,-0.24285418837271341
53312686,Lovely 2-bedroom apartment in Palermo,2696889,Carla,Palermo,-34.57645,-58.40653,Entire home/apt,57762.0,3,26,2025-01-01,0.69,1,81,12,67.96,339.78,Individual,12.0,-6.298323113564848,144.8866854829028,-0.24285418837271341
546977207891699313,Palermo Apartments by Ayres,5882751,Ayres,Palermo,-34.582932,-58.423737,Entire home/apt,56932.0,1,117,2025-01-26,3.22,8,344,91,66.98,334.89,Profissional,11.375,-6.298323113564848,144.8866854829028,-0.24323080910294037
34889522,Palermo Loft con amenities,49282058,Loli,Palermo,-34.57678,-58.42363,Entire home/apt,56659.0,1,263,2025-01-20,3.82,6,340,67,66.66,333.29,Profissional,11.166666666666666,-6.298323113564848,144.8866854829028,-0.24338838522653516
30936697,Art & Design in Palermo Zoo,8383803,Guillermo,Palermo,-34.57889,-58.41475,Entire home/apt,63013.0,1,179,2025-01-26,2.46,2,304,31,74.13,370.66,Individual,15.5,-6.298323113564848,144.8866854829028,-0.24402238282645097
53080371,Moderno apartamento. Ubicación y Vista Inmejorable,373969905,Ignacio,Palermo,-34.58341217041016,-58.40592575073242,Entire home/apt,60913.0,1,57,2025-01-13,1.6,1,361,14,71.66,358.31,Individual,14.0,-6.298323113564848,144.8866854829028,-0.24435923749970667
795649774238700994,Hermoso Departamento en Complejo Residencial,30738816,Patricia,Palermo,-34.594077359702005,-58.42570704119298,Entire home/apt,60913.0,4,14,2024-12-26,1.28,1,110,14,71.66,358.31,Individual,14.0,-6.298323113564848,144.8866854829028,-0.24435923749970667
35448380,Luminoso y Nuevo en pleno Palermo Soho,26414327,Maria Eugenia,Palermo,-34.58556,-58.41934,Entire home/apt,56712.0,2,131,2024-11-29,1.91,1,364,11,66.72,333.6,Individual,11.0,-6.298323113564848,144.8866854829028,-0.24503294684621824
24663811,PH | Palermo Hollywood en pleno corazón de palermo,186402816,Susana,Palermo,-34.58325,-58.44059,Entire home/apt,57000.0,2,133,2025-01-01,1.63,1,257,11,67.06,335.29,Individual,11.0,-6.298323113564848,144.8866854829028,-0.24666677673569448
27327590,Cálido y luminoso dpto en Palermo Soho!,59593802,Julieta,Palermo,-34.58187,-58.42402,Entire home/apt,57016.0,2,66,2025-01-12,0.85,1,228,11,67.08,335.39,Individual,11.0,-6.298323113564848,144.8866854829028,-0.24676288437625182
1061538727314042225,Amazing Palermo Soho APT w/ Patio & Parking Option,554431579,Iván Y Carolina,Palermo,-34.5856064559164,-58.42775213486061,Entire home/apt,55662.0,5,12,2025-01-04,0.96,1,88,10,65.48,327.42,Individual,10.0,-6.298323113564848,144.8866854829028,-0.24721170531972309
995547859995651976,Boutique Department at Palermo,381676167,Ignacio,Palermo,-34.5829046,-58.4428109,Entire home/apt,63013.0,2,45,2024-12-28,2.85,2,251,30,74.13,370.66,Individual,15.0,-6.298323113564848,144.8866854829028,-0.24809109892048353
1002350439705941642,Departamento 1 Dormitorio en Puerto Madero,541864767,Giselle,Puerto Madero,-34.61512,-58.362,Entire home/apt,63013.0,3,19,2025-01-04,1.27,1,170,15,74.13,370.66,Individual,15.0,49.42092904885493,223.15875845114505,-0.24809109892048353
797293470620259025,Stunning apartment in Palermo w/ amazing location,261355805,Monica,Palermo,-34.59243409099878,-58.42966981960406,Entire home/apt,58035.0,2,59,2024-12-03,2.37,2,130,23,68.28,341.38,Individual,11.5,-6.298323113564848,144.8866854829028,-0.24846062671566477
28469754,Lumiere Puerto Madero,197337196,Ernesto,Puerto Madero,-34.6104,-58.36369,Entire home/apt,57762.0,2,109,2025-01-03,1.43,1,343,11,67.96,339.78,Individual,11.0,49.42092904885493,223.15875845114505,-0.2509916205607785
28156175,Minimalism style - Your home in Buenos Aires,3154994,Lucila,Palermo,-34.56544,-58.43837,Entire home/apt,57762.0,2,67,2025-01-17,0.93,1,279,11,67.96,339.78,Individual,11.0,-6.298323113564848,144.8866854829028,-0.2509916205607785
576777944659324826,"Mirador de Palermo pileta, parrilla, gym",388194818,María,Palermo,-34.588196,-58.438774,Entire home/apt,88218.0,3,56,2025-01-28,1.78,1,213,32,103.79,518.93,Individual,32.0,-6.298323113564848,144.8866854829028,-0.2522823826700371
22828862,Stylish & spacious Loft in Palermo Hollywood,156776235,Gustavo,Palermo,-34.58079,-58.42891,Entire home/apt,70963.0,3,303,2025-01-12,3.57,2,192,40,83.49,417.43,Individual,20.0,-6.298323113564848,144.8866854829028,-0.2523823137610326
846205149637181681,Depto. Emma - 2 baños con ducha y mucho Mas!,794195,Diego,Palermo,-34.576639,-58.433719,Entire home/apt,65113.0,1,112,2025-01-07,5.05,4,115,63,76.6,383.02,Profissional,15.75,-6.298323113564848,144.8866854829028,-0.25385731838827663
1193591455461303909,Studio Premium en Palermo Hollywood,3741861,José Ignacio,Palermo,-34.57961283551816,-58.4284777883606,Entire home/apt,60461.0,2,25,2025-01-27,3.73,2,364,25,71.13,355.65,Individual,12.5,-6.298323113564848,144.8866854829028,-0.2540185333070326
945166903727047965,Fascinante y lujoso 3 AMB en Palermo a estrenar!,384169754,Adriel,Palermo,-34.58072417235768,-58.43296592857523,Entire home/apt,69965.0,3,54,2025-01-16,3.1,2,208,38,82.31,411.56,Individual,19.0,-6.298323113564848,144.8866854829028,-0.2548493951562097
750100886924611006,"Amplio y luminoso 2 dormitorios, pileta y gimnasio",173113195,Bernabe,Palermo,-34.58732,-58.43862,Entire home/apt,76519.0,1,116,2025-01-27,4.25,2,342,47,90.02,450.11,Individual,23.5,-6.298323113564848,144.8866854829028,-0.25528044574480385
563600135858564425,PALERMO ROCKET Apartment,80985348,Maximiliano,Palermo,-34.57752,-58.42305,Entire home/apt,60009.0,3,59,2025-01-07,1.66,1,185,12,70.6,352.99,Individual,12.0,-6.298323113564848,144.8866854829028,-0.2555403969262935
1105755,2 Bedrooms sunny house in lovely Palermo Soho M,911271,Maria,Palermo,-34.5937,-58.42703,Entire home/apt,63013.0,2,32,2024-11-16,0.24,1,324,14,74.13,370.66,Individual,14.0,-6.298323113564848,144.8866854829028,-0.2562285311085486
984938757658471603,"Bright 2BDR-4 guests, next to Don Julio parrilla.",1591202,Daniel And Agueda,Palermo,-34.586465,-58.42415099999999,Entire home/apt,76099.0,2,64,2025-01-14,3.89,2,252,46,89.53,447.64,Individual,23.0,-6.298323113564848,144.8866854829028,-0.25699452464517947
1028357574119555600,Piso 16 Apart Palermo,547261197,Horacio,Palermo,-34.57629643946112,-58.441530796264864,Entire home/apt,70365.0,2,20,2025-01-24,1.51,1,84,19,82.78,413.91,Individual,19.0,-6.298323113564848,144.8866854829028,-0.25710792470930915
967239643037314261,Chic Palermo apt with rooftop Pool & BBQ,5973228,Susana,Palermo,-34.59080613697123,-58.43001850754799,Entire home/apt,57762.0,3,19,2024-12-07,1.14,1,269,10,67.96,339.78,Individual,10.0,-6.298323113564848,144.8866854829028,-0.2591290527488436
989094572741542874,Cozy Studio in Trendy Palermo - Self Check-In,26501023,Romina,Palermo,-34.5812835,-58.4421935,Entire home/apt,59232.0,1,29,2025-01-19,1.94,2,337,22,69.68,348.42,Individual,11.0,-6.298323113564848,144.8866854829028,-0.2592568776487171
15871412,Sunny apartment with its own terrace in Palermo.,8545698,Andrea,Palermo,-34.59016,-58.41238,Entire home/apt,69671.0,3,166,2024-12-15,1.69,1,236,18,81.97,409.83,Individual,18.0,-6.298323113564848,144.8866854829028,-0.26135299745479856
879626998502463900,"Spacious and bright, 2 rooms @Palermo",5159742,German,Palermo,-34.57937160000001,-58.4122678,Entire home/apt,68264.0,4,40,2025-01-18,1.92,1,124,17,80.31,401.55,Individual,17.0,-6.298323113564848,144.8866854829028,-0.2615134954765974
794807233124210799,Palermo SoHo Luxury Studio & Pool-Gym-Sauna-Sec 24,80500536,Graciela,Palermo,-34.5820204,-58.42402370000001,Entire home/apt,69010.0,2,58,2025-01-14,2.7,2,320,35,81.19,405.94,Individual,17.5,-6.298323113564848,144.8866854829028,-0.26167351556709156
1178776769971455327,"Dock 7, Unique Loft  75m2 con Cochera",38251650,Eitan,Puerto Madero,-34.6098075,-58.3661918,Entire home/apt,66951.0,3,16,2025-01-23,2.21,1,66,16,78.77,393.83,Individual,16.0,49.42092904885493,223.15875845114505,-0.2622506393417409
744958643438552364,"2BR Palermo Soho 24 hs Security, Pool & Gym 3fl",484905930,Barbara,Palermo,-34.58363,-58.4246,Entire home/apt,92871.0,2,61,2025-01-26,2.37,1,268,34,109.26,546.3,Individual,34.0,-6.298323113564848,144.8866854829028,-0.26229295798636254
849251163633224827,"Hermoso 3 ambientes,  mejor zona de colegiales",505790861,Arminda,Colegiales,-34.574931132394426,-58.45782392895386,Entire home/apt,64105.0,3,35,2025-01-06,1.58,1,158,14,75.42,377.09,Individual,14.0,-25.39338022656716,170.99145541453709,-0.2624274739245025
881989776331401868,Warm apartment in Soho,113829401,Florencia,Palermo,-34.59415,-58.4264,Entire home/apt,65565.0,2,29,2024-12-24,1.39,1,163,15,77.14,385.68,Individual,15.0,-6.298323113564848,144.8866854829028,-0.2625552988243759
41083403,Elegante Penthouse 3br  3bath Alto Palermo,319743674,Tomás,Palermo,-34.58707,-58.41177,Entire home/apt,71415.0,2,51,2024-12-28,0.83,1,64,19,84.02,420.09,Individual,19.0,-6.298323113564848,144.8866854829028,-0.2630665984238694
1054512017249931646,"Bohemia Borges II, Palermo Soho Bright & Cozy apt.",548532381,Verónica Paula,Palermo,-34.58584,-58.42427,Entire home/apt,57762.0,2,19,2025-01-01,1.62,2,342,19,67.96,339.78,Individual,9.5,-6.298323113564848,144.8866854829028,-0.26319776884287616
54050786,Luxury Tower Apartment in Palermo Hollywood,27123887,Ezequiel,Palermo,-34.58354,-58.43195,Entire home/apt,77264.0,3,74,2025-01-20,2.02,1,335,23,90.9,454.49,Individual,23.0,-6.298323113564848,144.8866854829028,-0.26357789802336307
4901299,Palermo Townhouse with huge private terrace,67637239,Neil,Palermo,-34.58856,-58.42018,Entire home/apt,68716.0,4,64,2025-01-27,0.96,1,280,17,80.84,404.21,Individual,17.0,-6.298323113564848,144.8866854829028,-0.26406034795136923
37597057,Alquila en el corazón de Palermo.,264923786,Cecilia Inés,Palermo,-34.58249,-58.42186,Entire home/apt,63013.0,3,76,2024-12-04,1.15,1,336,13,74.13,370.66,Individual,13.0,-6.298323113564848,144.8866854829028,-0.2643659632966137
949256388926391451,Increíble Terraza en Palermo,10155255,Mili,Palermo,-34.576902662543006,-58.4342000423279,Entire home/apt,63013.0,6,23,2024-12-13,1.4,1,238,13,74.13,370.66,Individual,13.0,-6.298323113564848,144.8866854829028,-0.2643659632966137
866180891034148118,Hermoso y cálido apt en PALERMo SOHo,223896455,Guadalupe,Palermo,-34.58439510776569,-58.42625864724721,Entire home/apt,61658.0,2,30,2025-01-04,1.41,1,85,12,72.54,362.69,Individual,12.0,-6.298323113564848,144.8866854829028,-0.2648628380603637
50568993,Lujoso dpto - ubicación perfecta - seguridad 24hs!,252656553,Beto Y Nico,Palermo,-34.582932,-58.42374,Entire home/apt,60009.0,3,186,2025-01-23,4.29,4,49,43,70.6,352.99,Profissional,10.75,-6.298323113564848,144.8866854829028,-0.26571218716137485
41109209,Duplex Palermo Hollywood - 24/7 Security,52927332,Elizabeth,Palermo,-34.582493,-58.43224,Entire home/apt,69619.0,2,144,2024-12-20,2.36,2,340,34,81.9,409.52,Individual,17.0,-6.298323113564848,144.8866854829028,-0.26915405290091277
1197295484445736121,Renovated Penthouse in Palermo,6098127,Santiago,Palermo,-34.57777,-58.4283,Entire home/apt,61060.0,3,11,2025-01-12,1.76,1,322,11,71.84,359.18,Individual,11.0,-6.298323113564848,144.8866854829028,-0.2696365028289188
1075506652908356607,"Espectacular 2 amb, Palermo Hollywood, con cochera",502867531,Roberto,Palermo,-34.57596,-58.43674,Entire home/apt,68264.0,2,32,2025-01-25,3.07,2,350,32,80.31,401.55,Individual,16.0,-6.298323113564848,144.8866854829028,-0.26965092766466253
1087669149067213791,Vive Palermo / Moderno apartamento con 2 balcones,184650342,Jonathan,Palermo,-34.5735353,-58.4405849,Entire home/apt,60125.0,3,10,2025-01-17,0.88,1,342,10,70.74,353.68,Individual,10.0,-6.298323113564848,144.8866854829028,-0.2724880147863256
1192768967966933962,Hermoso departamento en Palermo,475501442,Vanesa,Palermo,-34.5902078,-58.43231579999999,Entire home/apt,63013.0,3,24,2025-01-05,3.51,2,302,24,74.13,370.66,Individual,12.0,-6.298323113564848,144.8866854829028,-0.27250339548467883
889735221675713998,Excelente Departamento en Las Cañitas,24111781,Juan,Palermo,-34.5725394,-58.43305050000001,Entire home/apt,63013.0,3,40,2025-01-19,2.16,3,323,36,74.13,370.66,Profissional,12.0,-6.298323113564848,144.8866854829028,-0.27250339548467883
772610356672980295,En Palermo con vista al parque Las Heras.,489891455,Martin,Palermo,-34.58264,-58.40862,Entire home/apt,76361.0,3,52,2025-01-13,2.0,1,127,21,89.84,449.18,Individual,21.0,-6.298323113564848,144.8866854829028,-0.2747590574499498
962359550053455232,"Studio @ Palermo Hollywood w/pool, gym & parking",36422913,Mateo,Palermo,-34.5770735,-58.4396787,Entire home/apt,73515.0,4,29,2024-12-02,1.74,1,165,19,86.49,432.44,Individual,19.0,-6.298323113564848,144.8866854829028,-0.27493589203271135
27778374,Available in Palermo Hollywood,209743591,Eugenio,Palermo,-34.583359,-58.43903,Entire home/apt,73515.0,5,49,2024-12-14,0.7,1,73,19,86.49,432.44,Individual,19.0,-6.298323113564848,144.8866854829028,-0.27493589203271135
584111236794444475,Mirador de Palermo: Vigilancia & Amenities,52714329,Lucia,Palermo,-34.588196,-58.438774,Entire home/apt,65113.0,1,120,2025-01-15,3.52,1,205,13,76.6,383.02,Individual,13.0,-6.298323113564848,144.8866854829028,-0.27623525690545564
52636017,Palermo Hollywood 🤩,217555782,Sebastian,Palermo,-34.577072,-58.439678,Entire home/apt,84017.0,3,155,2025-01-28,4.1,2,260,52,98.84,494.22,Individual,26.0,-6.298323113564848,144.8866854829028,-0.27732033476046525
20512585,"Juanita Soho, a cozy apt in the heart of Palermo",547843632,Andrea,Palermo,-34.5773912,-58.4295604,Entire home/apt,84017.0,2,31,2025-01-23,2.22,1,326,26,98.84,494.22,Individual,26.0,-6.298323113564848,144.8866854829028,-0.27732033476046525
857369282581396001,Departamento en Belgrano,507357964,Leandro,Palermo,-34.564363861442715,-58.44190266931152,Entire home/apt,68264.0,3,31,2024-11-11,1.4,1,356,15,80.31,401.55,Individual,15.0,-6.298323113564848,144.8866854829028,-0.27778835985272765
1030444926721533543,Real Buenos Aires,101809737,Santi,Palermo,-34.58649,-58.41568,Entire home/apt,61217.0,3,22,2025-01-23,1.53,2,60,20,72.02,360.1,Individual,10.0,-6.298323113564848,144.8866854829028,-0.2786389037820008
772510423470112502,Enjoy HighEnd Studio Amazing View  @Palermo,489873630,Franca Valeria,Palermo,-34.58212,-58.43272,Entire home/apt,72927.0,1,55,2025-01-23,2.13,1,306,18,85.8,428.98,Individual,18.0,-6.298323113564848,144.8866854829028,-0.27975761062154536
759264754634423273,"PETIT, hermoso apartamento en Palermo Soho.",116752887,Eduardo,Palermo,-34.58419,-58.42184,Entire home/apt,68264.0,3,58,2025-01-10,2.58,2,308,29,80.31,401.55,Individual,14.5,-6.298323113564848,144.8866854829028,-0.2818570759467602
615124214614412061,Duplex de lujo con terraza en Palermo Soho,456486965,Magdalena,Palermo,-34.58967,-58.42673,Entire home/apt,94929.0,1,102,2025-01-26,3.09,1,325,33,111.68,558.41,Individual,33.0,-6.298323113564848,144.8866854829028,-0.2820594146818759
791831961429530953,Quiet Stylish Art-Deco Gem in Best of Palermo,3388356,Santiago,Palermo,-34.5745278,-58.4201525,Entire home/apt,70512.0,4,51,2025-01-16,2.11,2,85,32,82.96,414.78,Individual,16.0,-6.298323113564848,144.8866854829028,-0.2823851900385213
52922973,"Cerca Embajada EEUU, Rosedal y SanatorioTrinidad",73402357,Carolina,Palermo,-34.574403296324604,-58.42140754727806,Entire home/apt,109527.0,1,43,2025-01-24,4.98,1,89,43,128.86,644.28,Individual,43.0,-6.298323113564848,144.8866854829028,-0.2832415560400525
52855110,Stunning Oasis with garden in heart @Palermo C1B,129780080,Carlos,Palermo,-34.58143,-58.43689,Entire home/apt,69167.0,1,79,2025-01-18,2.04,2,301,29,81.37,406.86,Individual,14.5,-6.298323113564848,144.8866854829028,-0.2869507808963037
4511639,5* Palermo Great View 24hs Security+Pool+Gym+Spa,22654246,Cynthia,Palermo,-34.58187,-58.42402,Entire home/apt,61963.0,2,430,2025-01-06,3.46,5,314,47,72.9,364.49,Profissional,9.4,-6.298323113564848,144.8866854829028,-0.2877500992793665
944218628703449992,Súper amplio y luminoso,528072757,Yami,Palermo,-34.586814,-58.42400059999999,Entire home/apt,77264.0,1,57,2025-01-12,3.12,2,338,40,90.9,454.49,Individual,20.0,-6.298323113564848,144.8866854829028,-0.28799019458755837
32191314,"Apartamento en Palermo chico
Gym, piscina y balcón",100396314,Graciela,Palermo,-34.57805,-58.40489,Entire home/apt,63013.0,5,40,2025-01-21,0.56,1,339,10,74.13,370.66,Individual,10.0,-6.298323113564848,144.8866854829028,-0.288778259860809
862121338743140867,Tranquilo y espacioso,508488002,María Celina Araceli,Palermo,-34.58816660000001,-58.4131363,Entire home/apt,63013.0,2,34,2025-01-13,1.54,1,81,10,74.13,370.66,Individual,10.0,-6.298323113564848,144.8866854829028,-0.288778259860809
615405826099718745,increíble vista al río y ciudad cerca aeropuerto,11790006,Sergio,Palermo,-34.57801367647194,-58.42809300829092,Entire home/apt,64515.0,1,31,2024-12-02,0.97,1,361,11,75.9,379.5,Individual,11.0,-6.298323113564848,144.8866854829028,-0.289146353862076
656393231371583944,Az I -Boutique & Garden - Palermo Viejo-,28281542,Angela,Palermo,-34.591728631066225,-58.426525947115486,Entire home/apt,62005.0,3,116,2025-01-25,3.86,5,110,46,72.95,364.74,Profissional,9.2,-6.298323113564848,144.8866854829028,-0.2896178548183731
38123024,"Loft Buenos Aires, en el corazón de Palermo Soho,",121500507,Sílvia,Palermo,-34.58322,-58.42298,Entire home/apt,63161.0,1,126,2024-12-09,1.94,1,363,10,74.31,371.54,Individual,10.0,-6.298323113564848,144.8866854829028,-0.28964322862582587
1054351725166419186,Palermo Borges Great apartment,10924438,Jimena,Palermo,-34.5840898,-58.4233865,Entire home/apt,79071.0,2,24,2025-01-21,1.87,1,239,21,93.02,465.12,Individual,21.0,-6.298323113564848,144.8866854829028,-0.29004017229858026
938235192855551751,Hermoso Departamento con terraza en Las Cañitas,24111781,Juan,Palermo,-34.5713628,-58.4332313,Entire home/apt,63013.0,3,30,2025-01-22,1.86,3,294,29,74.13,370.66,Profissional,9.666666666666666,-6.298323113564848,144.8866854829028,-0.2914907372568307
41209161,"Lovely, well located and complete apartment for 3",323362012,Alicia,Palermo,-34.58299,-58.42658,Entire home/apt,78021.0,3,89,2025-01-05,1.46,1,192,20,91.79,458.95,Individual,20.0,-6.298323113564848,144.8866854829028,-0.2922669845923638
53998012,Luminoso Departamento Dúplex en Palermo. C/ pileta,167569975,Joaquin,Palermo,-34.583313,-58.426556,Entire home/apt,68264.0,5,55,2024-10-23,1.5,1,279,13,80.31,401.55,Individual,13.0,-6.298323113564848,144.8866854829028,-0.29406322422885783
736376228401249282,Hermoso departamento con pileta en Puerto Madero,19175138,Eddie,Puerto Madero,-34.59865,-58.36393,Entire home/apt,72770.0,3,32,2025-01-01,1.17,1,147,16,85.61,428.06,Individual,16.0,49.42092904885493,223.15875845114505,-0.29511945241237997
920909913229959417,Apartamento en palermo p/6 pers c/cochera y bici.,521625254,Daniela,Palermo,-34.576081420745275,-58.43192316237626,Entire home/apt,73295.0,1,53,2025-01-26,3.0,3,241,49,86.23,431.15,Profissional,16.333333333333332,-6.298323113564848,144.8866854829028,-0.2953863118736385
1155200746781219405,Luminoso e inmejorable zona,577202539,Natali,Palermo,-34.5889659,-58.41576299999999,Entire home/apt,94520.0,1,31,2025-01-24,4.7,1,210,31,111.2,556.0,Individual,31.0,-6.298323113564848,144.8866854829028,-0.29602769568462795
1105247536954945708,24hrs Security Full Amenities Modern Palermo,4736713,Marcela,Palermo,-34.5774723,-58.4391531,Entire home/apt,73064.0,3,16,2025-01-19,1.54,1,292,16,85.96,429.79,Individual,16.0,-6.298323113564848,144.8866854829028,-0.29680133612213494
868949343132216915,Amplio y luminoso - Mirage Tower 02,59424795,Mirage Tower,Palermo,-34.58711270809554,-58.43961742604243,Entire home/apt,74712.0,3,37,2025-01-03,1.73,1,309,17,87.9,439.48,Individual,17.0,-6.298323113564848,144.8866854829028,-0.29798634506814003
1150877015816056712,3 ambientes Palermo Hollywood,380610776,Martina,Palermo,-34.575497893040804,-58.4344267059585,Entire home/apt,68264.0,2,25,2025-01-04,3.35,2,21,25,80.31,401.55,Individual,12.5,-6.298323113564848,144.8866854829028,-0.29813194032289037
1250077427121459042,Hogar en el corazón de Palermo,653163982,Fernando Javier,Palermo,-34.5868963,-58.41530720000001,Entire home/apt,71866.0,3,15,2025-01-26,4.09,1,219,15,84.55,422.74,Individual,15.0,-6.298323113564848,144.8866854829028,-0.29816317965090167
1166596468002264656,(PAR56) Super Loft in Palermo Hollywood,580132793,Fernando,Palermo,-34.576041544748975,-58.43523715767213,Entire home/apt,73515.0,2,16,2024-12-22,2.16,1,166,16,86.49,432.44,Individual,16.0,-6.298323113564848,144.8866854829028,-0.29934818859690665
755112154218722531,Brand New Apartment in Palermo Hollywood,396818598,Brian,Palermo,-34.58406,-58.44287,Entire home/apt,68264.0,2,24,2025-01-03,0.9,1,161,12,80.31,401.55,Individual,12.0,-6.298323113564848,144.8866854829028,-0.30220065641692295
3512633,Modern With Great Location in Palermo Soho,992038,Luciano,Palermo,-34.58252,-58.42728,Entire home/apt,64809.0,2,158,2025-01-17,1.48,2,207,19,76.25,381.23,Individual,9.5,-6.298323113564848,144.8866854829028,-0.3030343858539286
43757221,Cozy 2 Bdr in Palermo near Gardens,44208774,Sebastián,Palermo,-34.58535,-58.41648,Entire home/apt,70650.0,2,81,2025-01-10,1.48,2,29,27,83.12,415.59,Individual,13.5,-6.298323113564848,144.8866854829028,-0.30349763163314347
1048774789230058812,Amplio  apartamento con terraza propia y piscina!,3319900,Flavio,Palermo,-34.574623,-58.434265,Entire home/apt,94520.0,4,35,2025-01-10,2.69,1,62,30,111.2,556.0,Individual,30.0,-6.298323113564848,144.8866854829028,-0.304165127872693
995248953882061196,Urban Oasis- Gym wifi 500 Mbps piscina climatizada,540431443,Silvia,Palermo,-34.582909,-58.434068,Entire home/apt,77296.0,3,26,2025-01-11,1.66,1,294,18,90.94,454.68,Individual,18.0,-6.298323113564848,144.8866854829028,-0.3044572742448034
1193220,Cozy Apartment in Palermo Botanico,3165566,Stacy,Palermo,-34.58101,-58.40711,Entire home/apt,78766.0,2,301,2025-01-01,2.13,1,274,19,92.67,463.33,Individual,19.0,-6.298323113564848,144.8866854829028,-0.30463315296495547
40133900,En el mejor lugar de BA el loft más luminoso.,41211373,Miriam,Puerto Madero,-34.61843,-58.35981,Entire home/apt,78766.0,4,117,2025-01-02,1.87,1,364,19,92.67,463.33,Individual,19.0,49.42092904885493,223.15875845114505,-0.30463315296495547
21894451,Bright House Palermo Soho Buenos Aires,28870521,Lucas,Palermo,-34.5864,-58.43006,Entire home/apt,71110.0,2,120,2025-01-11,1.5,2,169,27,83.66,418.29,Individual,13.5,-6.298323113564848,144.8866854829028,-0.3060925379281939
699346577995830171,Moderno departamento en Palermo Soho,473765690,Gabriela,Palermo,-34.58671,-58.42382,Entire home/apt,68264.0,2,63,2024-12-22,2.24,2,306,23,80.31,401.55,Individual,11.5,-6.298323113564848,144.8866854829028,-0.3062693725109555
30390828,Palermo Hollywood Studio with Premium Amenities,1507631,Caro,Palermo,-34.57711,-58.43946,Entire home/apt,72013.0,4,111,2025-01-15,1.55,1,354,14,84.72,423.61,Individual,14.0,-6.298323113564848,144.8866854829028,-0.30711752678370485
982269,The Best Place To Live BuenosAires!,370901,Rocio & Nicolas,Palermo,-34.58196,-58.40686,Entire home/apt,69314.0,1,502,2024-08-27,3.47,1,275,12,81.55,407.73,Individual,12.0,-6.298323113564848,144.8866854829028,-0.30815933013148333
1096711417847946444,Viví desde una vista increíble en pleno Palermo,84573295,Alejandro,Palermo,-34.58899138431764,-58.415777161717415,Entire home/apt,78766.0,1,37,2025-01-04,3.39,2,306,37,92.67,463.33,Individual,18.5,-6.298323113564848,144.8866854829028,-0.308701869058988
9545869,bright apartment in hotel,49435281,Melissa,Palermo,-34.57907,-58.43849,Entire home/apt,88218.0,2,98,2024-12-29,2.68,1,360,25,103.79,518.93,Individual,25.0,-6.298323113564848,144.8866854829028,-0.30924440798649283
1107870237019153497,Palermo Chico estudio completo.,29641419,Pablo,Palermo,-34.5761224737582,-58.40610140000001,Entire home/apt,66762.0,5,10,2024-12-05,0.98,1,243,10,78.54,392.72,Individual,10.0,-6.298323113564848,144.8866854829028,-0.30996999460372116
12129606,Departamento luminoso -  zona de parques/embajadas,53669467,Claudia,Palermo,-34.5776471,-58.40606439999999,Entire home/apt,68264.0,3,43,2024-12-30,1.7,1,71,11,80.31,401.55,Individual,11.0,-6.298323113564848,144.8866854829028,-0.310338088604988
851238807509153501,"2BR Palermo Soho 24 hs Security, Pool & Gym 3fl",506225401,Guido,Palermo,-34.58545668026612,-58.42422647362105,Entire home/apt,82967.0,2,49,2025-01-24,2.2,1,336,21,97.61,488.04,Individual,21.0,-6.298323113564848,144.8866854829028,-0.31209687580650913
623828249288386824,Hermoso departamento en Palermo SOHO c/amenities,458402465,Claudia,Palermo,-34.58596352839972,-58.424082875312095,Entire home/apt,94520.0,2,95,2025-01-05,2.92,1,59,29,111.2,556.0,Individual,29.0,-6.298323113564848,144.8866854829028,-0.31230256006075807
1233926,Enjoy Bs As Amazing Loft @Palermo Unique View N16C,6729215,Juan,Palermo,-34.58211,-58.43107,Entire home/apt,71688.0,1,13,2024-12-06,2.03,1,304,13,84.34,421.69,Individual,13.0,-6.298323113564848,144.8866854829028,-0.31342891380117893
888988847142000118,Trendy apartment - Palermo chico,11295404,María,Palermo,-34.57955923346853,-58.41123370370484,Entire home/apt,68264.0,4,42,2025-01-06,2.06,2,218,21,80.31,401.55,Individual,10.5,-6.298323113564848,144.8866854829028,-0.3144068046990206
563607224934459230,Lovely 2B 1.5B apt w/parking on premises,20848,Flavio Dario,Palermo,-34.5632786,-58.4411688,Entire home/apt,67718.0,3,44,2025-01-09,1.5,2,329,20,79.67,398.34,Individual,10.0,-6.298323113564848,144.8866854829028,-0.31540007629521555
26837437,"Cosy & Stylish, Extremely Sunny, Palermo! Cañitas.",19342998,Francisco,Palermo,-34.56843,-58.43206,Entire home/apt,73515.0,2,67,2025-01-04,0.88,2,23,28,86.49,432.44,Individual,14.0,-6.298323113564848,144.8866854829028,-0.31562305297303683
607786572495836051,Departamento con patio en Palermo Soho,446518350,Andrea,Palermo,-34.59074,-58.42588,Entire home/apt,88071.0,2,136,2025-01-27,4.04,2,242,48,103.61,518.06,Individual,24.0,-6.298323113564848,144.8866854829028,-0.3165168714095411
34311674,Your Own Private Jacuzzi & Terrace (Deluxe Studio),259018871,Palermo Soho Square,Palermo,-34.58293,-58.42374,Entire home/apt,70816.0,1,129,2025-01-27,2.0,4,276,48,83.31,416.56,Profissional,12.0,-6.298323113564848,144.8866854829028,-0.3166168025005367
1126376053023097198,"Alojamiento nuevo, Puerto Madero",66500822,Ezequiel,Puerto Madero,-34.60612542894039,-58.366797007620335,Entire home/apt,79071.0,1,53,2025-01-18,5.62,3,359,53,93.02,465.12,Profissional,17.666666666666668,49.42092904885493,223.15875845114505,-0.3171649462587972
836350286440385485,Estudio contemporaneo en Palermo,73223450,Brigida,Palermo,-34.58517862241098,-58.43095407355398,Entire home/apt,76666.0,4,26,2024-12-07,1.21,1,355,16,90.2,450.98,Individual,16.0,-6.298323113564848,144.8866854829028,-0.31717615592030896
1953175,"Hidden Gem, Private Terrace of 25 sqm  w/ BBQ",10097609,Pedro,Palermo,-34.58225,-58.43212,Entire home/apt,88218.0,10,59,2025-01-27,0.46,1,240,24,103.79,518.93,Individual,24.0,-6.298323113564848,144.8866854829028,-0.31738184017455795
42231199,Lovely Penthouse w/private Jacuzzi & 2 balconies,335480543,Carlos,Palermo,-34.58591,-58.42265,Entire home/apt,85371.0,1,90,2025-01-14,1.5,1,330,22,100.44,502.18,Individual,22.0,-6.298323113564848,144.8866854829028,-0.3175586747573195
725394596562419668,Live and Enjoy Cozy Apt en Palermo Hollywood C1C,481295663,Guillermo,Palermo,-34.5818,-58.4355,Entire home/apt,72465.0,1,42,2024-12-01,1.49,1,306,13,85.25,426.26,Individual,13.0,-6.298323113564848,144.8866854829028,-0.3178018114465417
951262318296616509,# Palermitain full experience #,451337,Sebi,Palermo,-34.5856263,-58.4164755,Entire home/apt,84017.0,2,30,2024-12-30,1.7,1,215,21,98.84,494.22,Individual,21.0,-6.298323113564848,144.8866854829028,-0.3180074957007908
1165913735089560369,Quiet 2 Bd 2 Ba in the heart of Palermo Hollywood,782316,Tomas,Palermo,-34.5793734,-58.44005139999999,Entire home/apt,71268.0,1,12,2025-01-02,1.61,1,119,12,83.84,419.22,Individual,12.0,-6.298323113564848,144.8866854829028,-0.3191636549753084
4610926,Apartment in the most exclusive area of ​​Palermo.,23889967,Duilio,Palermo,-34.58078384399414,-58.40835952758789,Entire home/apt,68453.0,3,72,2025-01-15,0.74,1,249,10,80.53,402.66,Individual,10.0,-6.298323113564848,144.8866854829028,-0.3195327048391849
618869022425096852,Lujoso departamento en la mejor zona de Palermo,68943574,Leslie,Palermo,-34.577854,-58.438129,Entire home/apt,94520.0,3,71,2025-01-04,2.2,1,38,28,111.2,556.0,Individual,28.0,-6.298323113564848,144.8866854829028,-0.3204399922488232
845803974997025873,Ohana Loft Soleado en Palermo!,168744559,Guadalupe,Palermo,-34.58183,-58.40885,Entire home/apt,70060.0,3,11,2024-12-15,1.22,1,245,11,82.42,412.12,Individual,11.0,-6.298323113564848,144.8866854829028,-0.32047744468379635
963988318950558438,Chic Charm in Palermo Hollywood,2967936,Ramiro,Palermo,-34.5804,-58.43311,Entire home/apt,73515.0,3,13,2024-11-26,1.07,1,0,13,86.49,432.44,Individual,13.0,-6.298323113564848,144.8866854829028,-0.32376048516110195
654493973662339484,Departamento Icono Palermo complejo near Don Julio,27868833,Catalina,Palermo,-34.5856938,-58.4241352,Entire home/apt,73515.0,3,93,2025-01-05,3.0,2,305,25,86.49,432.44,Individual,12.5,-6.298323113564848,144.8866854829028,-0.3278292012551345
1005126505764657878,Acerca de este moderno departamento 3 ambientes,540354524,Agustina,Colegiales,-34.57945347929233,-58.44110359594071,Entire home/apt,94520.0,1,41,2025-01-04,2.68,1,349,27,111.2,556.0,Individual,27.0,-25.39338022656716,170.99145541453709,-0.3285774244368883
637489400254435679,"Palermo, la mejor terraza con parrillero propio",341150440,Dinorah Lucia,Palermo,-34.5802,-58.41173,Entire home/apt,73515.0,3,28,2024-12-20,0.88,1,348,12,86.49,432.44,Individual,12.0,-6.298323113564848,144.8866854829028,-0.33189791734916707
23307944,Modern Love Nest in Trendy Palermo Soho,1098816,Soledad,Palermo,-34.58537,-58.43055,Entire home/apt,70365.0,3,195,2025-01-27,2.43,3,301,29,82.78,413.91,Profissional,9.666666666666666,-6.298323113564848,144.8866854829028,-0.33305729179791677
819711338145252052,LomHouse 2BR Duplex en Palermo Hollywood,171338862,Luli,Palermo,-34.57907406817574,-58.433252222882174,Entire home/apt,109737.0,3,71,2025-01-25,3.77,1,55,37,129.1,645.51,Individual,37.0,-6.298323113564848,144.8866854829028,-0.3332194408551321
4624329,New Studio w/private Roof & Jacuzzi,1098816,Soledad,Palermo,-34.58595,-58.42864,Entire home/apt,74565.0,3,378,2025-01-12,3.08,3,286,37,87.72,438.62,Profissional,12.333333333333334,-6.298323113564848,144.8866854829028,-0.335096059847427
54064423,Amazing 3 bedroom apartment in Palermo,177327926,Clara,Palermo,-34.57737186686602,-58.41126849980775,Entire home/apt,81612.0,2,43,2025-01-12,1.85,1,178,17,96.01,480.07,Individual,17.0,-6.298323113564848,144.8866854829028,-0.33695799331417553
1069775683366644189,Patios en El Salvador,35671417,Syl,Palermo,-34.5889781,-58.4279335,Entire home/apt,78766.0,2,15,2025-01-25,1.34,1,249,15,92.67,463.33,Individual,15.0,-6.298323113564848,144.8866854829028,-0.3371828817172159
994341725704812280,Apartamento luminoso en Palermo Hollywood,92348384,Clara,Palermo,-34.5774723,-58.4391531,Entire home/apt,78766.0,3,21,2025-01-28,1.33,1,77,15,92.67,463.33,Individual,15.0,-6.298323113564848,144.8866854829028,-0.3371828817172159
976464197537155962,Palermo movie house,6955012,Agustina,Palermo,-34.57463,-58.42433,Entire home/apt,73515.0,2,23,2025-01-08,1.39,1,263,11,86.49,432.44,Individual,11.0,-6.298323113564848,144.8866854829028,-0.34003534953723213
1155134464585748515,Cozy and central apartment in Palermo,577180756,Loïc,Colegiales,-34.5785191199305,-58.44311431111451,Entire home/apt,73515.0,2,11,2025-01-10,1.47,1,277,11,86.49,432.44,Individual,11.0,-25.39338022656716,170.99145541453709,-0.34003534953723213
1038668933389629848,"Cómodo, luminoso, en Palermo.",538148124,Leandro,Palermo,-34.588,-58.42004,Entire home/apt,73515.0,3,11,2025-01-04,0.96,1,88,11,86.49,432.44,Individual,11.0,-6.298323113564848,144.8866854829028,-0.34003534953723213
28691294,Vista al Polo I Loft en Palermo Buenos Aires,63903567,Valeria & Fabián,Palermo,-34.56922848659983,-58.43166205173639,Entire home/apt,76403.0,7,71,2025-01-01,0.92,1,26,13,89.89,449.43,Individual,13.0,-6.298323113564848,144.8866854829028,-0.3400987840558641
815805836823349644,24hrs Security Full Amenities Modern Palermo Soho,471693376,Federico,Palermo,-34.58583,-58.42393,Entire home/apt,76519.0,4,64,2025-01-17,2.67,2,276,26,90.02,450.11,Individual,13.0,-6.298323113564848,144.8866854829028,-0.3407234837194874
1009503319582738126,701- Departamento nuevo en Palermo. 2 habitaciones,16680258,Dario,Palermo,-34.5770101,-58.43729519999999,Entire home/apt,82967.0,3,40,2025-01-27,2.65,2,332,34,97.61,488.04,Individual,17.0,-6.298323113564848,144.8866854829028,-0.3446466045587695
886423817987384946,Departamento en Palermo - Buenos Aires,505433064,Elizabeth,Palermo,-34.5809142,-58.4249818,Entire home/apt,74418.0,5,27,2025-01-02,1.37,1,179,11,87.55,437.75,Individual,11.0,-6.298323113564848,144.8866854829028,-0.34512905448677567
44861221,HEART OF SOHO 2 Bedrooms with PATIO,56403313,Marian,Palermo,-34.58713,-58.43307,Entire home/apt,100516.0,3,100,2024-12-22,2.49,1,50,29,118.25,591.27,Individual,29.0,-6.298323113564848,144.8866854829028,-0.34618050335725015
32814057,Molinos Faena Puerto Madero,83182094,Juan Jose,Puerto Madero,-34.60976,-58.36226,Entire home/apt,89268.0,4,76,2025-01-18,1.09,1,243,21,105.02,525.11,Individual,21.0,49.42092904885493,223.15875845114505,-0.3477047566330348
926261490135178454,Apartamento en Puerto Madero,187488297,Jose,Puerto Madero,-34.61572364551535,-58.36237262711085,Entire home/apt,90770.0,4,40,2025-01-16,2.13,1,146,22,106.79,533.94,Individual,22.0,49.42092904885493,223.15875845114505,-0.34807285063430177
53673376,Sunny 1-bdroom apt. w/balcony. Heart of Colegiales,19040295,Lucía,Colegiales,-34.577557,-58.446167,Entire home/apt,73515.0,5,32,2025-01-02,0.84,1,325,10,86.49,432.44,Individual,10.0,-25.39338022656716,170.99145541453709,-0.34817278172529725
1215697832543018713,Elegante estudio en Puerto Madero,87999559,Nahuel,Puerto Madero,-34.616089941475266,-58.36152881383895,Entire home/apt,73515.0,1,30,2025-01-21,5.42,3,57,30,86.49,432.44,Profissional,10.0,49.42092904885493,223.15875845114505,-0.34817278172529725
1108124638122948693,Dep. Palermo de lux!Piscina/parrilla/gym/seguridad,24678043,Daniela,Palermo,-34.586506063649345,-58.437797175918575,Entire home/apt,75017.0,3,11,2025-01-03,1.06,1,320,11,88.26,441.28,Individual,11.0,-6.298323113564848,144.8866854829028,-0.3485408757265642
929095390167840167,Apart exclusivo Puerto Madero,260294802,Luciano,Puerto Madero,-34.619174,-58.36040620000001,Entire home/apt,88218.0,30,28,2024-12-29,1.49,1,340,20,103.79,518.93,Individual,20.0,49.42092904885493,223.15875845114505,-0.3499315689268183
33679023,"New, modern and sunny in luxury ZenCity w/parking",10167949,Daniel And Analía,Puerto Madero,-34.61682,-58.35973,Entire home/apt,95496.0,2,127,2024-12-16,1.84,1,363,25,112.35,561.74,Individual,25.0,49.42092904885493,223.15875845114505,-0.35037847814507034
842139465972624976,Renovado y amplio departamento en Palermo,26601664,Francisco,Palermo,-34.58199026191131,-58.411401472985744,Entire home/apt,84017.0,3,41,2025-01-10,1.98,1,53,17,98.84,494.22,Individual,17.0,-6.298323113564848,144.8866854829028,-0.35055722445305115
1135498507636617766,"Las Cañitas, 3 dormitorios, Cochera, con vista",521068092,Susana,Palermo,-34.57227,-58.43348,Entire home/apt,79701.0,5,14,2025-01-16,1.6,1,149,14,93.77,468.83,Individual,14.0,-6.298323113564848,144.8866854829028,-0.3506062341359393
13294482,Best location in Palermo Soho with amazing view,26988723,Facundo,Palermo,-34.58901,-58.42438,Entire home/apt,73515.0,2,347,2025-01-14,3.3,3,155,29,86.49,432.44,Profissional,9.666666666666666,-6.298323113564848,144.8866854829028,-0.35088525912131896
54125978,Increíble depto en Palermo con pileta,93748691,Adrian,Palermo,-34.57803497616357,-58.42972955967275,Entire home/apt,90004.0,1,155,2025-01-26,4.3,2,166,42,105.89,529.44,Individual,21.0,-6.298323113564848,144.8866854829028,-0.35188543899728275
10800890,Apartment in Puerto Madero,41835340,Patricia,Puerto Madero,-34.61692,-58.36206,Entire home/apt,113119.0,2,156,2025-01-14,1.43,1,130,37,133.08,665.41,Individual,37.0,49.42092904885493,223.15875845114505,-0.3523448613260596
41404996,Departamento acogedor,117261017,Dolores,Palermo,-34.587014,-58.4184615,Entire home/apt,94520.0,2,65,2025-01-23,2.76,1,104,24,111.2,556.0,Individual,24.0,-6.298323113564848,144.8866854829028,-0.3529897210010836
1038492016188325211,Loft Hollywood Security 24 x 7,52927332,Elizabeth,Palermo,-34.5827091,-58.43253539999999,Entire home/apt,81770.0,2,33,2025-01-11,2.4,2,50,30,96.2,481.0,Individual,15.0,-6.298323113564848,144.8866854829028,-0.35414588027560134
589685776558168561,Espectacular departamento en Palermo Soho,446518350,Andrea,Palermo,-34.59031,-58.42393,Entire home/apt,84017.0,2,131,2025-01-26,3.8,2,243,33,98.84,494.22,Individual,16.5,-6.298323113564848,144.8866854829028,-0.35462594054708374
42688065,"Luxury Palermo: Modern Apartment, Private Terrace",10968100,Guillermo,Palermo,-34.57597732543945,-58.435096740722656,Entire home/apt,76519.0,2,28,2024-11-29,0.75,1,194,11,90.02,450.11,Individual,11.0,-6.298323113564848,144.8866854829028,-0.3569983480956176
688182490236598747,Precioso y confortable apartamento en Palermo,312884810,Arnaldo David,Palermo,-34.5790601,-58.43386510000001,Entire home/apt,88071.0,3,55,2024-12-11,1.91,1,353,19,103.61,518.06,Individual,19.0,-6.298323113564848,144.8866854829028,-0.3572040323498666
755253351774788741,Maravilloso Departamento con servicios incluidos,93748691,Adrian,Palermo,-34.5769624,-58.43075299999999,Entire home/apt,93585.0,1,123,2025-01-10,4.55,2,344,45,110.1,550.5,Individual,22.5,-6.298323113564848,144.8866854829028,-0.35990994905252294
1269656086491777131,Hermoso 3 ambientes en Palermo Soho,176750974,Constanza,Palermo,-34.591079,-58.42489390000001,Entire home/apt,75616.0,1,10,2025-01-14,3.37,1,123,10,88.96,444.8,Individual,10.0,-6.298323113564848,144.8866854829028,-0.3600420753341392
920313004596383104,Excelente depto en Palermo c/piscina para 6 pers.,521625254,Daniela,Palermo,-34.57618,-58.43158,Entire home/apt,80909.0,1,71,2025-01-18,3.92,3,167,41,95.19,475.94,Profissional,13.666666666666666,-6.298323113564848,144.8866854829028,-0.3601423540115381
1015121489944639743,Departamento para 4 personas en Puerto Madero,382370832,Juan,Puerto Madero,-34.61630868758873,-58.35825057326025,Entire home/apt,126026.0,2,54,2025-01-08,3.68,1,144,45,148.27,741.33,Individual,45.0,49.42092904885493,223.15875845114505,-0.3602391568249026
858603573820152421,Trendy 1 bedroom apartment in Palermo,168730499,Cindy,Palermo,-34.5805668,-58.4115686,Entire home/apt,77264.0,2,31,2025-01-13,1.45,1,350,11,90.9,454.49,Individual,11.0,-6.298323113564848,144.8866854829028,-0.3612270842801443
31647524,"Great view & location in Recoleta, near Palermo!!",199568272,Nora,Palermo,-34.58326,-58.40006,Entire home/apt,99025.0,3,105,2024-11-28,1.46,1,165,26,116.5,582.5,Individual,26.0,-6.298323113564848,144.8866854829028,-0.3621833813726708
4117299,Palermo 2 Br 2 Bath Luxury Tower with bag storage!,5268363,Marcos,Palermo,-34.58299,-58.4332,Entire home/apt,77149.0,3,407,2025-01-27,3.24,5,0,53,90.76,453.82,Profissional,10.6,-6.298323113564848,144.8866854829028,-0.36380930367146835
38750675,Espectacular departamento y perfecta ubicación!,270542647,Andrea,Palermo,-34.58883,-58.41149,Entire home/apt,99771.0,3,119,2025-01-06,1.82,1,221,26,117.38,586.89,Individual,26.0,-6.298323113564848,144.8866854829028,-0.3664121175571975
1197276113568025842,"Corazon de Palermo Hollywood, Elegante apartamento",262863455,Edgardo,Palermo,-34.5814145,-58.44219450000001,Entire home/apt,88292.0,3,18,2025-01-23,3.16,1,184,18,103.87,519.36,Individual,18.0,-6.298323113564848,144.8866854829028,-0.36659086386517825
882718346132730071,Apartment in Palermo Soho La Rural for 5 people,131236609,Camila,Palermo,-34.583904274611626,-58.42370040714741,Entire home/apt,92724.0,2,93,2025-01-18,4.44,2,309,42,109.09,545.44,Individual,21.0,-6.298323113564848,144.8866854829028,-0.3672626614864707
40744793,Spacious and Confortable Apt in Cañitas (5PAX),316377053,Laura,Palermo,-34.56677,-58.43898,Entire home/apt,78766.0,2,76,2025-01-05,1.27,1,99,11,92.67,463.33,Individual,11.0,-6.298323113564848,144.8866854829028,-0.36973261046947625
715069628662867930,Güemes Premium Home,479342712,Maria Clara,Palermo,-34.5853675,-58.4179154,Entire home/apt,89121.0,2,59,2025-01-03,2.06,1,360,18,104.85,524.24,Individual,18.0,-6.298323113564848,144.8866854829028,-0.371300138252492
897605606382549408,Dpto madero zencity,475018766,Martin Hernan,Puerto Madero,-34.61883055542759,-58.36067414197284,Entire home/apt,86265.0,3,31,2024-11-22,1.55,1,88,16,101.49,507.44,Individual,16.0,49.42092904885493,223.15875845114505,-0.37142891901497493
1045643018910826344,2 bedroom apartment in Palermo !,440928334,Alcira Maria,Palermo,-34.58019640000001,-58.42341229999999,Entire home/apt,90770.0,3,21,2025-01-05,1.59,1,172,19,106.79,533.94,Individual,19.0,-6.298323113564848,144.8866854829028,-0.37248514719849707
51813787,"Luz, Charme Y Confort En Buenos Aires",21938869,Valentina,Palermo,-34.5815382,-58.40964890000001,Entire home/apt,109522.0,5,100,2025-01-15,2.48,1,316,32,128.85,644.25,Individual,32.0,-6.298323113564848,144.8866854829028,-0.3727052562884897
901501342068033893,"Juncal Sunny, 5stars, Balcony, Barbecue & Shopping",194103410,Claudio,Palermo,-34.58593850394191,-58.411081645990855,Entire home/apt,91968.0,4,56,2025-01-14,2.84,2,272,39,108.2,540.99,Individual,19.5,-6.298323113564848,144.8866854829028,-0.37519201976376293
583351924883887365,"Palermo SOHO, 5 Pax -Piscina-Gym & Security 24hs",68740667,Diego,Palermo,-34.58272,-58.42345,Entire home/apt,78315.0,2,110,2025-01-28,3.2,3,66,30,92.14,460.68,Profissional,10.0,-6.298323113564848,144.8866854829028,-0.37532319018276966
1086387801865000947,Palermo Smart,558469740,Maria Gabriela,Palermo,-34.586153919980184,-58.44212362267204,Entire home/apt,91369.0,3,19,2025-01-05,1.75,1,179,19,107.49,537.46,Individual,19.0,-6.298323113564848,144.8866854829028,-0.3758489146180069
722332735426230863,Modern apartment in Palermo.,6753968,Federico,Palermo,-34.58357,-58.41816,Entire home/apt,94520.0,3,62,2025-01-27,2.4,1,364,21,111.2,556.0,Individual,21.0,-6.298323113564848,144.8866854829028,-0.3774020175652789
1067536268491565571,"Moderno apartamento en Palermo Soho, CABA",555335500,Renata,Palermo,-34.59557277561092,-58.42162612750022,Entire home/apt,78766.0,3,10,2024-12-02,0.88,1,240,10,92.67,463.33,Individual,10.0,-6.298323113564848,144.8866854829028,-0.37787004265754137
670761752090000465,Lujoso departamento en Palermo,453801162,Daniel Jonathan,Palermo,-34.580454373382594,-58.41330450028181,Entire home/apt,121972.0,2,117,2025-01-16,3.81,1,350,40,143.5,717.48,Individual,40.0,-6.298323113564848,144.8866854829028,-0.3780046454922823
992610421254153231,Cozy apartment + workplace +pool,539807977,Ornella,Palermo,-34.57818,-58.4047,Entire home/apt,84616.0,1,24,2025-01-09,1.52,1,361,14,99.55,497.74,Individual,14.0,-6.298323113564848,144.8866854829028,-0.3783813422570349
5256685,Apartment w/Pool & Gym | Palermo Soho,27110530,Agustin Alejo,Palermo,-34.58028,-58.42716,Entire home/apt,81917.0,5,69,2024-09-22,0.58,1,185,12,96.37,481.86,Individual,12.0,-6.298323113564848,144.8866854829028,-0.37937509178453477
805718489799156256,Moderno PH con patio interior en Palermo Hollywood,496379673,Luisa,Palermo,-34.5815918,-58.436977,Entire home/apt,103520.0,3,71,2025-01-15,2.9,1,153,27,121.79,608.94,Individual,27.0,-6.298323113564848,144.8866854829028,-0.37946642011204457
38595900,"Puerto Madero, exclusive loft near city center",87999559,Nahuel,Puerto Madero,-34.61851,-58.36037,Entire home/apt,80541.0,1,115,2024-09-20,1.83,3,21,33,94.75,473.77,Profissional,11.0,49.42092904885493,223.15875845114505,-0.3797278050874484
750710415785595410,Terraza propia y pileta en Palermo!,30871884,Maria,Palermo,-34.58589,-58.4237,Entire home/apt,89268.0,4,47,2025-01-26,1.73,1,309,17,105.02,525.11,Individual,17.0,-6.298323113564848,144.8866854829028,-0.38025448538529516
999344309008965153,Live Stunning New Apt heart of Palermo Soho CR702,541279321,José,Palermo,-34.589261230856366,-58.423985313053066,Entire home/apt,83566.0,1,18,2025-01-11,1.21,1,218,13,98.31,491.56,Individual,13.0,-6.298323113564848,144.8866854829028,-0.38056010073053975
54355159,Luxury apartment Palermo chico balcony barbeque,58210040,Maria,Palermo,-34.578735,-58.412964,Entire home/apt,84017.0,7,39,2025-01-02,1.12,1,311,13,98.84,494.22,Individual,13.0,-6.298323113564848,144.8866854829028,-0.3831069532053116
772335702006875062,Cozy  apartment + pool & terrace,5186745,Maria,Palermo,-34.5883088,-58.42650699999999,Entire home/apt,87168.0,1,29,2024-12-16,1.33,1,324,15,102.55,512.75,Individual,15.0,-6.298323113564848,144.8866854829028,-0.3846600561525835
1069667427131201108,Depto con luz amplio ideal familias 5 pax @Palermo,556711483,Angeles,Palermo,-34.57753551524384,-58.41089620885326,Entire home/apt,86118.0,7,14,2025-01-05,1.25,1,335,14,101.32,506.58,Individual,14.0,-6.298323113564848,144.8866854829028,-0.386886868446367
924174328936878029,Plaza Italia-Vista unica,427277609,Mateo,Palermo,-34.5817395,-58.421257,Entire home/apt,120775.0,2,74,2025-01-05,3.82,1,88,38,142.09,710.44,Individual,38.0,-6.298323113564848,144.8866854829028,-0.38750392120911403
31556390,Stunning Loft in the Heart of Palermo Soho,48683748,Santos,Palermo,-34.59082,-58.4274,Entire home/apt,109527.0,2,130,2025-01-19,1.8,1,339,30,128.86,644.28,Individual,30.0,-6.298323113564848,144.8866854829028,-0.3890281744848988
898460029008389448,Luminoso Piso de 2 Cuartos en Palermo Hollywood!,516337335,Fernando,Palermo,-34.5823886,-58.4341121,Entire home/apt,90319.0,2,53,2025-01-10,2.82,2,280,33,106.26,531.29,Individual,16.5,-6.298323113564848,144.8866854829028,-0.39028187519388813
30279046,Chic!Palermo Soho-Thames St- Coolest St & apt !!,27953736,Victoria,Palermo,-34.583694,-58.424614,Entire home/apt,80363.0,4,84,2025-01-15,1.15,2,336,19,94.54,472.72,Individual,9.5,-6.298323113564848,144.8866854829028,-0.39092482314369315
11547792,Palermo Soho Spectacular,24255872,Maria,Palermo,-34.58198,-58.42703,Entire home/apt,87158.0,2,279,2025-01-27,2.61,2,132,28,102.54,512.69,Individual,14.0,-6.298323113564848,144.8866854829028,-0.3927494345203699
819694083842710042,Modern 1BR in trendy Palermo,26501023,Romina,Palermo,-34.5828096,-58.4439337,Entire home/apt,82967.0,1,48,2025-01-06,2.19,2,316,22,97.61,488.04,Individual,11.0,-6.298323113564848,144.8866854829028,-0.3934711976871601
922615150352711178,Bright apartment in the heart of Palermo,17984012,Tomas,Palermo,-34.5792872,-58.4312876,Entire home/apt,83114.0,1,26,2024-10-27,1.39,1,217,11,97.78,488.91,Individual,11.0,-6.298323113564848,144.8866854829028,-0.3942881126318982
53512565,Apartamento alquilado entero - Palermo,78890118,Joaquin,Palermo,-34.57512,-58.42217,Entire home/apt,84921.0,6,44,2025-01-03,1.16,1,329,12,99.91,499.54,Individual,12.0,-6.298323113564848,144.8866854829028,-0.39638614416319884
54305673,Super bright Loft with high ceiling and terrace,4640300,Alvaro,Palermo,-34.590809753783894,-58.427406214177616,Entire home/apt,92419.0,2,52,2025-01-19,1.53,1,152,17,108.73,543.64,Individual,17.0,-6.298323113564848,144.8866854829028,-0.39808245270869735
644046854858179519,Amplio Departamento en Palermo,423064300,Juan Ignacio,Palermo,-34.5887761,-58.4204739,Entire home/apt,82967.0,4,84,2024-12-28,3.11,3,289,31,97.61,488.04,Profissional,10.333333333333334,-6.298323113564848,144.8866854829028,-0.3988961524792035
874776832120455939,"Palermo Soho, seg24 hs,pileta, gym+ cochera gratis",511141464,Mercedes,Palermo,-34.5842399535605,-58.42365748465574,Entire home/apt,84164.0,2,28,2024-12-31,1.39,1,350,11,99.02,495.08,Individual,11.0,-6.298323113564848,144.8866854829028,-0.4002467863464585
917617700538970981,Un Departamento único en Palermo,20735675,Nicolas,Palermo,-34.56806832105987,-58.44257849128893,Entire home/apt,89573.0,3,74,2025-01-18,3.94,3,131,44,105.38,526.9,Profissional,14.666666666666666,-6.298323113564848,144.8866854829028,-0.4009717646874807
38362889,Vista al Dique en Puerto Madero,173822355,Patricia Monica,Puerto Madero,-34.61605,-58.3617,Entire home/apt,91516.0,2,74,2025-01-19,2.58,2,77,32,107.67,538.33,Individual,16.0,49.42092904885493,223.15875845114505,-0.40112617994721905
53152803,Loft de diseño en Palermo,430286009,Gabriela,Palermo,-34.57513,-58.43618,Entire home/apt,93469.0,7,49,2024-12-22,1.37,1,126,17,109.96,549.82,Individual,17.0,-6.298323113564848,144.8866854829028,-0.4039930726029789
1059641620780198437,Palermo Modern Art Suites,402491734,Leandro,Palermo,-34.59077,-58.41985,Entire home/apt,113728.0,3,33,2025-01-17,2.63,1,56,31,133.8,668.99,Individual,31.0,-6.298323113564848,144.8866854829028,-0.40462932951451747
1091506450909739521,Incredible apartment in Palermo with pool,334450422,Juan Ignacio,Palermo,-34.5774723,-58.4391531,Entire home/apt,84658.0,1,32,2025-01-27,2.94,3,253,32,99.6,497.99,Profissional,10.666666666666666,-6.298323113564848,144.8866854829028,-0.40574638531864554
904550499254166651,"Leafy views, sunny corner in Palermo Hollywood",3094940,Gabriel,Palermo,-34.579329998007445,-58.43394537175415,Entire home/apt,117026.0,4,54,2025-01-23,2.87,1,285,33,137.68,688.39,Individual,33.0,-6.298323113564848,144.8866854829028,-0.40699934740652755
960217451660407529,WOW Palermo 3 dormit jardin parrilla espacio auto,278282663,Luis,Palermo,-34.580848,-58.41483169999999,Entire home/apt,104119.0,2,48,2025-01-16,4.71,2,142,48,122.49,612.46,Individual,24.0,-6.298323113564848,144.8866854829028,-0.4072424840957496
974663886535243965,Amazing New Apartment in the Best of Palermo!,170991905,Guillermo,Palermo,-34.5762459552785,-58.43685841451414,Entire home/apt,84017.0,4,32,2025-01-25,2.38,3,253,30,98.84,494.22,Profissional,10.0,-6.298323113564848,144.8866854829028,-0.4075192497695069
839085596203084703,Live Buenos Aires in Stunning Loft @Palermo FR603,462750871,Nicolas,Palermo,-34.58283781201834,-58.4328461103522,Entire home/apt,111470.0,1,66,2025-01-27,2.92,1,309,29,131.14,655.71,Individual,29.0,-6.298323113564848,144.8866854829028,-0.4081218776965101
904506225739112552,"Casa Nicaragua Apartamento 1°2, Palermo Soho",45577013,Carla,Palermo,-34.5878953,-58.42601649999999,Entire home/apt,86716.0,2,79,2025-01-21,3.99,4,274,47,102.02,510.09,Profissional,11.75,-6.298323113564848,144.8866854829028,-0.4085598582890233
21476626,Departamento moderno en Palermo,155966810,Roberto Y Adriana,Palermo,-34.58115,-58.42724,Entire home/apt,84650.0,3,56,2025-01-10,0.64,1,363,10,99.59,497.94,Individual,10.0,-6.298323113564848,144.8866854829028,-0.41112328629041023
982184573385742767,"Luz y calma en Palermo Hollywood, terraza privada!",537476970,Lucia,Palermo,-34.57703622703903,-58.43814613494872,Entire home/apt,102018.0,4,35,2025-01-26,2.11,1,260,22,120.02,600.11,Individual,22.0,-6.298323113564848,144.8866854829028,-0.41164805486303796
1054898038697207561,Apartamento excelente ubicación.,160188126,Agu,Palermo,-34.57590727028936,-58.44155453145504,Entire home/apt,89268.0,3,13,2024-11-18,1.28,1,179,13,105.02,525.11,Individual,13.0,-6.298323113564848,144.8866854829028,-0.4128042141375556
987224477642948608,Palermo SOHO stylish graffiti home,6906829,Lyubov,Palermo,-34.5907,-58.42811,Entire home/apt,99771.0,1,36,2025-01-09,2.21,1,319,20,117.38,586.89,Individual,20.0,-6.298323113564848,144.8866854829028,-0.4152367106855881
801415938139322236,Beautiful Floor Apartment,18325501,Marina,Puerto Madero,-34.6039611,-58.3631782,Entire home/apt,90203.0,4,27,2024-12-09,1.19,1,31,13,106.12,530.61,Individual,13.0,49.42092904885493,223.15875845114505,-0.4180901343682139
721613718300508261,Live BA in this Amazing Local Gem @Palermo SF3F,480580484,Alicia,Palermo,-34.58531,-58.41394,Entire home/apt,94614.0,1,44,2025-01-07,1.56,1,200,16,111.31,556.55,Individual,16.0,-6.298323113564848,144.8866854829028,-0.4186177705286703
998574881524608491,@Cañitas 3BR. Nuevo y amplio. 6 pax,541112153,Tomas,Palermo,-34.5675065,-58.4321505,Entire home/apt,104066.0,3,30,2025-01-06,1.97,1,9,22,122.43,612.15,Individual,22.0,-6.298323113564848,144.8866854829028,-0.42322902555020764
911811488537433603,Luxury & Cozy apt. in Palermo Hollywood - Spa 5*,187022128,Anouk,Palermo,-34.57720872220509,-58.43944157517938,Entire home/apt,96925.0,3,26,2024-12-04,1.39,1,160,17,114.03,570.15,Individual,17.0,-6.298323113564848,144.8866854829028,-0.4235509774564148
10262841,Experience Palermo's Best Appartment,42114796,Tomas,Palermo,-34.57605,-58.43002,Entire home/apt,107269.0,4,127,2025-01-20,1.17,1,107,24,126.2,630.99,Individual,24.0,-6.298323113564848,144.8866854829028,-0.4250704514191519
54167886,Beautiful design apartment in the heart of Palermo,50244919,Mariano,Palermo,-34.58612,-58.4371,Entire home/apt,115135.0,1,129,2025-01-15,4.29,2,292,58,135.45,677.26,Individual,29.0,-6.298323113564848,144.8866854829028,-0.42883307423663497
44711428,Excelente apartamento en Puerto Madero,362046127,Ruben,Puerto Madero,-34.61976,-58.36075,Entire home/apt,103971.0,2,88,2025-01-15,1.72,1,72,21,122.32,611.59,Individual,21.0,49.42092904885493,223.15875845114505,-0.43083786571520677
1012889804474379319,Gorgeous 2Bdr + Desk + Balcony @Palermo,543251924,Helene Renee Cecile,Palermo,-34.575914013204866,-58.43850759092433,Entire home/apt,89808.0,3,14,2025-01-10,0.97,1,138,11,105.66,528.28,Individual,11.0,-6.298323113564848,144.8866854829028,-0.43215452301152335
34996956,Stunning Spacious Flats in Luxury Tower w/ 2 Pools,263488161,Quartier Hollywood,Palermo,-34.57724,-58.43947,Entire home/apt,95265.0,3,107,2025-01-27,1.56,4,298,58,112.08,560.38,Profissional,14.5,-6.298323113564848,144.8866854829028,-0.43452406297222873
51345326,Depto super luminoso 5 pax @Palermo,9862364,Tomas,Palermo,-34.58435,-58.41057,Entire home/apt,93469.0,7,30,2024-12-12,1.04,1,305,13,109.96,549.82,Individual,13.0,-6.298323113564848,144.8866854829028,-0.4365428013552393
30287863,Duplex Palermo Chico,104518394,Alejandra,Palermo,-34.58188,-58.40737,Entire home/apt,95000.0,3,73,2025-01-06,0.98,1,60,14,111.76,558.82,Individual,14.0,-6.298323113564848,144.8866854829028,-0.43705505681734247
34942244,Deluxe High-Floor Apartment w/ Pool in Las Cañitas,260840744,Quartier Polo,Palermo,-34.57066,-58.43428,Entire home/apt,88523.0,2,59,2025-01-19,0.91,2,293,19,104.14,520.72,Individual,9.5,-6.298323113564848,144.8866854829028,-0.43705649061125673
37628814,PENTHOUSE Palermo Hollywood ✨SKY & STARS✨,1844175,Luciana,Colegiales,-34.58093,-58.4426,Entire home/apt,115219.0,3,51,2025-01-21,1.85,1,153,28,135.55,677.76,Individual,28.0,-25.39338022656716,170.99145541453709,-0.43745104462748735
902191219350342542,Depto 2BR en Pto Madero con increíble vista al río,199022301,Sofía,Puerto Madero,-34.619174,-58.36040620000001,Entire home/apt,122487.0,30,60,2024-12-21,3.19,1,74,33,144.1,720.51,Individual,33.0,49.42092904885493,223.15875845114505,-0.43784990002546065
26500460,AMOR a Primera Vista Piso 21 Hogar Puerto Madero,331184891,Aylen,Puerto Madero,-34.62003210171288,-58.36107775765299,Entire home/apt,98416.0,2,178,2024-12-10,2.31,1,0,16,115.78,578.92,Individual,16.0,49.42092904885493,223.15875845114505,-0.44009782819325455
51469771,Increíble Duplex Premium en Palacio Bellini.,3741861,José Ignacio,Palermo,-34.580097,-58.412746,Entire home/apt,92724.0,2,54,2025-01-18,1.53,2,344,24,109.09,545.44,Individual,12.0,-6.298323113564848,144.8866854829028,-0.4404995511790566
38870194,Apartamento Moderno en la mejor zona de Palermo!,133611841,Edgar,Palermo,-34.58499526977539,-58.4248046875,Entire home/apt,91589.0,2,64,2025-01-16,2.08,1,350,11,107.75,538.76,Individual,11.0,-6.298323113564848,144.8866854829028,-0.44219777144977424
43842230,"2BR Palermo Soho 24 hs Security, Pool & Gym 4fl",326717444,Ezequiel,Palermo,-34.58456,-58.42477,Entire home/apt,93469.0,2,94,2024-08-25,1.87,1,0,12,109.96,549.82,Individual,12.0,-6.298323113564848,144.8866854829028,-0.44468023354330444
887536148215356463,"Palermo, depto nuevo piso 19.",434812600,Marisol,Palermo,-34.5861566,-58.40839799999999,Entire home/apt,106524.0,3,38,2025-01-05,1.86,1,7,21,125.32,626.61,Individual,21.0,-6.298323113564848,144.8866854829028,-0.4452540117988205
1127732459640840355,7 amb. de época en Pasaje Anasagasti,15929834,Nora,Palermo,-34.58824612188701,-58.41046885930178,Entire home/apt,117026.0,2,28,2025-01-12,2.99,1,49,28,137.68,688.39,Individual,28.0,-6.298323113564848,144.8866854829028,-0.44768650834685303
729056489300213599,Moderno apartamento de lujo en Palermo Hollywood,150993912,Hector,Palermo,-34.5852,-58.43862,Entire home/apt,97030.0,3,68,2025-01-13,2.44,2,343,28,114.15,570.76,Individual,14.0,-6.298323113564848,144.8866854829028,-0.4485399198639547
1271091343643382686,Apartamento con vista al dique,172635061,Candela,Puerto Madero,-34.62035,-58.36118,Entire home/apt,94520.0,3,12,2025-01-27,3.67,1,325,12,111.2,556.0,Individual,12.0,49.42092904885493,223.15875845114505,-0.4506389072578648
48269679,"Luxury Apartment, Palermo zona zoo",2120108,Mariano,Palermo,-34.58067,-58.41644,Entire home/apt,93469.0,3,61,2025-01-25,1.56,1,270,11,109.96,549.82,Individual,11.0,-6.298323113564848,144.8866854829028,-0.4528176657313695
33783611,House in Palermo. High internet speed,56533298,Mariano,Palermo,-34.58931,-58.42456,Entire home/apt,106524.0,3,122,2025-01-02,1.94,1,151,20,125.32,626.61,Individual,20.0,-6.298323113564848,144.8866854829028,-0.4533914439868856
878969143309251616,Condo in the heart of Palermo Soho-BA,2155865,Santiago,Palermo,-34.58932314058781,-58.42396150370482,Entire home/apt,111018.0,2,44,2025-01-14,2.18,1,311,23,130.61,653.05,Individual,23.0,-6.298323113564848,144.8866854829028,-0.4543996183501291
1173680756015226207,"Beautiful terrace, barbecue area & wellcome  wine.",52045565,Karina,Palermo,-34.58749,-58.42571,Entire home/apt,94520.0,5,23,2025-01-22,3.56,2,132,23,111.2,556.0,Individual,11.5,-6.298323113564848,144.8866854829028,-0.45470762335189735
797015597133147864,-AzIII -Boutique & Art - Palermo Viejo -,28281542,Angela,Palermo,-34.59200374947444,-58.4264093084392,Entire home/apt,91936.0,3,100,2025-01-26,4.05,5,152,48,108.16,540.8,Profissional,9.6,-6.298323113564848,144.8866854829028,-0.4555603831444925
666505957741585705,Loft boutique en Palermo,257223822,Jano,Palermo,-34.59599,-58.41898,Entire home/apt,99140.0,1,79,2025-01-06,2.61,1,361,14,116.64,583.18,Individual,14.0,-6.298323113564848,144.8866854829028,-0.46050532111335396
884620773014585891,Super Luminoso! Hermoso  3 ambientes con amenities,63517945,Mariana,Puerto Madero,-34.61155186010724,-58.36348389566947,Entire home/apt,106524.0,1,52,2024-12-22,2.5,1,255,19,125.32,626.61,Individual,19.0,49.42092904885493,223.15875845114505,-0.4615288761749507
884080260901423846,Spacious 2B w/ Terrace & Optional Parking in Soho,513154751,Iván & Carolina,Palermo,-34.58557314671377,-58.427807204425335,Entire home/apt,103971.0,5,29,2025-01-04,1.39,1,134,17,122.32,611.59,Individual,17.0,-6.298323113564848,144.8866854829028,-0.46338759446746713
29410629,Excellent apartment very bright in Palermo.,42986411,Mariana,Palermo,-34.57855,-58.41557,Entire home/apt,117026.0,4,100,2025-01-19,1.35,1,291,26,137.68,688.39,Individual,26.0,-6.298323113564848,144.8866854829028,-0.4639613727229832
1048575049801470062,Departamento luminoso en Puerto Madero,53154883,Mercedes,Puerto Madero,-34.6202209,-58.36509109999999,Entire home/apt,98416.0,2,26,2025-01-03,2.48,2,3,26,115.78,578.92,Individual,13.0,49.42092904885493,223.15875845114505,-0.46451012475744985
545977120442795611,Moderno y cómodo frente a la plaza en Palermo,200415141,Adriana,Palermo,-34.58545,-58.40918,Entire home/apt,96021.0,5,53,2024-12-21,1.71,2,327,22,112.97,564.83,Individual,11.0,-6.298323113564848,144.8866854829028,-0.467281865635262
40920674,Chic 3AMB en Palermo – Pileta+WiFi Rapido+Parking,53972160,Joaquin,Palermo,-34.59363,-58.42799,Entire home/apt,111050.0,2,145,2025-01-24,2.33,2,262,41,130.65,653.24,Individual,20.5,-6.298323113564848,144.8866854829028,-0.47493541410140666
784022597156866746,Dpto. de lujo en el corazón de Palermo,156239313,Camila,Palermo,-34.58862580315032,-58.42700204511991,Entire home/apt,116270.0,2,95,2025-01-23,4.05,2,318,48,136.79,683.94,Individual,24.0,-6.298323113564848,144.8866854829028,-0.47595944709430804
54165090,"Amplio Departamento en Palermo, terraza y parrilla",177545406,Roxana,Palermo,-34.584,-58.41483,Entire home/apt,96767.0,2,85,2024-12-22,2.34,1,325,10,113.84,569.22,Individual,10.0,-6.298323113564848,144.8866854829028,-0.47959998018757505
845989273194285774,Amplio departamento a metros de Alto Palermo,433855152,Rocio,Palermo,-34.585835102331494,-58.40997324902669,Entire home/apt,99771.0,4,20,2024-12-12,1.27,1,360,12,117.38,586.89,Individual,12.0,-6.298323113564848,144.8866854829028,-0.48033616819010894
1059386620146272634,Hermoso departamento en Palermo,184890833,Cristina,Palermo,-34.5648804,-58.43485309999999,Entire home/apt,99771.0,4,13,2025-01-07,1.05,1,102,12,117.38,586.89,Individual,12.0,-6.298323113564848,144.8866854829028,-0.48033616819010894
861641134108166999,Master Suite Puerto Madero,436444048,Marcos,Puerto Madero,-34.61861475185201,-58.36078875396729,Entire home/apt,96620.0,2,72,2025-01-26,3.27,3,351,29,113.67,568.35,Profissional,9.666666666666666,49.42092904885493,223.15875845114505,-0.48149554263885863
1035405718153373329,-Gorgeous- Loft!  Parrilla y Pileta propia,45003101,Sandra,Palermo,-34.58183,-58.43708,Entire home/apt,96767.0,2,39,2025-01-26,2.92,4,209,37,113.84,569.22,Profissional,9.25,-6.298323113564848,144.8866854829028,-0.4857030543286239
45466765,Faena Hotel Stark Luxury Apart. Puerto Madero,224008917,Ale,Puerto Madero,-34.61346,-58.36068,Entire home/apt,128274.0,2,252,2025-01-19,4.97,2,295,62,150.91,754.55,Individual,31.0,49.42092904885493,223.15875845114505,-0.486849416011394
827475869097837654,Piso con patio en el corazón de Palermo,25188685,Sebastian,Palermo,-34.597721,-58.416401,Entire home/apt,99771.0,10,20,2024-12-04,1.13,1,365,10,117.38,586.89,Individual,10.0,-6.298323113564848,144.8866854829028,-0.4966110325662391
31223507,Ganador 2023MEJOR ANFITRIONAxAiRBNB LegadoBotánico,233538764,Patricia,Palermo,-34.583114,-58.419151,Entire home/apt,117173.0,1,178,2025-01-26,2.95,2,290,44,137.85,689.25,Individual,22.0,-6.298323113564848,144.8866854829028,-0.49732801641998164
53379971,"2BR Palermo Soho 24 hs Security, Pool & Gym 1fl",432196422,Fernando Y Mariela,Palermo,-34.58504,-58.42307,Entire home/apt,103971.0,2,72,2024-12-22,1.9,1,82,11,122.32,611.59,Individual,11.0,-6.298323113564848,144.8866854829028,-0.5122121875958577
32670250,Spacious and comfortable apartment (holidays/work),41494564,Diego,Palermo,-34.5853,-58.41249,Entire home/apt,105022.0,4,71,2025-01-03,0.99,1,146,11,123.56,617.78,Individual,11.0,-6.298323113564848,144.8866854829028,-0.5181708613104181
1216172192095582073,Triplex Palermo Soho,10913689,Antonella,Palermo,-34.588568,-58.4354694,Entire home/apt,105022.0,2,10,2024-12-31,2.54,1,344,10,123.56,617.78,Individual,10.0,-6.298323113564848,144.8866854829028,-0.5263082934984833
750663192588953523,PH Vintage en Palermo: 3-dormitorios,485811073,Maximo,Palermo,-34.57749,-58.43329,Entire home/apt,107196.0,2,50,2025-01-03,1.96,2,29,22,126.11,630.56,Individual,11.0,-6.298323113564848,144.8866854829028,-0.5304245854814897
1066141297797398077,Palacio Cabrera: A Historic Gem in Palermo WiFi,315386547,Josh,Palermo,-34.58474920325655,-58.42993151396513,Entire home/apt,122046.0,1,41,2025-01-21,4.46,2,156,41,143.58,717.92,Individual,20.5,-6.298323113564848,144.8866854829028,-0.5370690037217816
29643397,"Spacious, bright & top location - 3 BR",222745646,Alan,Palermo,-34.58098,-58.4145,Entire home/apt,117026.0,3,50,2024-12-28,0.66,1,181,16,137.68,688.39,Individual,16.0,-6.298323113564848,144.8866854829028,-0.5453356946036343
591920920575408282,Beautiful house in the best location in Palermo,220609238,Inés,Palermo,-34.58744,-58.43367,Entire home/apt,110063.0,3,119,2025-01-12,3.45,3,248,33,129.49,647.43,Profissional,11.0,-6.298323113564848,144.8866854829028,-0.5466667767356945
873200395675060004,Spacious 5BR Classic Apt in Palermo,4370562,Rodrigo,Palermo,-34.5816981,-58.41099499999999,Entire home/apt,112520.0,2,45,2025-01-26,2.2,2,155,24,132.38,661.88,Individual,12.0,-6.298323113564848,144.8866854829028,-0.5524168986081772
1136374853837339585,Chic apartment in Palermo Chico,559637890,Laura,Palermo,-34.57796744237497,-58.40360030768077,Entire home/apt,115524.0,5,14,2025-01-18,1.58,1,40,14,135.91,679.55,Individual,14.0,-6.298323113564848,144.8866854829028,-0.5531050327904323
33399945,"2BR Palermo Soho 24 Hs Security, Pool & Gym 6fl",251619053,Ezequiel,Palermo,-34.58418,-58.42473,Entire home/apt,110126.0,2,110,2025-01-02,1.56,1,334,10,129.56,647.8,Individual,10.0,-6.298323113564848,144.8866854829028,-0.5551405856657106
800960308830630329,Hermoso Dpto de lujo en el corazón de Palermo,156239313,Camila,Palermo,-34.58838578683135,-58.427117970638285,Entire home/apt,118528.0,2,68,2025-01-27,2.84,2,284,30,139.44,697.22,Individual,15.0,-6.298323113564848,144.8866854829028,-0.5619305991607526
956635387097315587,Enchanting Palermo Soho 3BR| Casa Newton Arty Gem,181335026,Newton,Palermo,-34.59156869432955,-58.42453559680952,Entire home/apt,122403.0,26,26,2025-01-27,1.57,1,138,17,144.0,720.02,Individual,17.0,-6.298323113564848,144.8866854829028,-0.5675682768317152
53886536,Departamento en Puerto Madero,502984508,Barbara,Puerto Madero,-34.61852,-58.36107,Entire home/apt,126026.0,30,75,2025-01-02,2.61,2,161,39,148.27,741.33,Individual,19.5,49.42092904885493,223.15875845114505,-0.5677436776205627
975270961987041410,Hermosa casa en Palermo,19359132,Lucas,Palermo,-34.5936442,-58.425583,Entire home/apt,114022.0,2,17,2024-11-24,1.13,1,223,11,134.14,670.72,Individual,11.0,-6.298323113564848,144.8866854829028,-0.5690118031652955
947093592400793299,Exclusive duplex in the heart of Palermo.,528447774,Fernanda,Palermo,-34.5821763,-58.43372180000001,Entire home/apt,123022.0,3,28,2025-01-13,1.61,1,150,17,144.73,723.66,Individual,17.0,-6.298323113564848,144.8866854829028,-0.5710762057120611
1098793000062664959,Hermoso y Seguro Departamento en Puerto Madero!,1614683,Amilcar,Puerto Madero,-34.6107077,-58.36313989999999,Entire home/apt,116669.0,2,74,2025-01-23,6.65,7,8,74,137.26,686.29,Profissional,10.571428571428571,49.42092904885493,223.15875845114505,-0.587492066029996
666691862774036894,"Amplio y comodo departamento.
en Puerto Madero",59778210,Gaston,Puerto Madero,-34.61002,-58.36374,Entire home/apt,126026.0,3,51,2025-01-03,1.65,1,363,14,148.27,741.33,Individual,14.0,49.42092904885493,223.15875845114505,-0.6124995546549207
674033937301855180,Departamento en Puerto Madero - Zencity - Piso 23,470256354,Mariano N.,Puerto Madero,-34.6185984,-58.36085749999999,Entire home/apt,126026.0,2,42,2024-12-26,1.36,1,365,14,148.27,741.33,Individual,14.0,49.42092904885493,223.15875845114505,-0.6124995546549207
48079882,Apartamento Puerto Madero con parking y piscina,1507969,Lucho Y Euge,Puerto Madero,-34.60388,-58.36449,Entire home/apt,136602.0,2,127,2025-01-28,2.64,2,156,41,160.71,803.54,Individual,20.5,49.42092904885493,223.15875845114505,-0.6193851978592153
17102990,"PALERMO SOHO LOFT, DISEÑO Y CONFORT/ LA MEJOR ZONA",3205786,Pablo,Palermo,-34.58854,-58.4246,Entire home/apt,120775.0,7,108,2024-11-10,1.13,2,218,19,142.09,710.44,Individual,9.5,-6.298323113564848,144.8866854829028,-0.6194207385689694
27721261,Apartment with a great balcony and view,168550405,Florencia,Puerto Madero,-34.61686,-58.36217,Entire home/apt,127979.0,5,81,2024-12-23,1.14,1,72,14,150.56,752.82,Individual,14.0,49.42092904885493,223.15875845114505,-0.6235038794987456
785034592361708268,Techno multiespacio + touch de spa + WiFi Starlink,485465690,Gaston Lopez,Puerto Madero,-34.61094,-58.36583,Entire home/apt,145382.0,2,54,2025-01-04,2.11,1,179,26,171.04,855.19,Individual,26.0,49.42092904885493,223.15875845114505,-0.6242689171727669
731936287471532001,Moderno apt con amenities en Palermo,104015126,Stephanie,Colegiales,-34.57808,-58.44073,Entire home/apt,126026.0,3,28,2024-12-31,1.02,2,123,20,148.27,741.33,Individual,10.0,-25.39338022656716,170.99145541453709,-0.645049283407181
1075917748281805755,Lujosa residencia en el hotel Faena Puerto Madero,65070844,Kevin Lionel,Puerto Madero,-34.6149406,-58.3616698,Entire home/apt,144783.0,1,68,2025-01-24,5.59,3,131,68,170.33,851.66,Profissional,22.666666666666668,49.42092904885493,223.15875845114505,-0.6479818698931954
736337329888550764,Hermoso departamento en complejo residencial,470085903,Pablo,Puerto Madero,-34.6211041,-58.36180809999999,Entire home/apt,136528.0,2,38,2025-01-13,1.39,1,345,13,160.62,803.11,Individual,13.0,49.42092904885493,223.15875845114505,-0.6799834548871952
104343,Rio River  View Faena Hotel Luxury Suite Top floor,542973,Stay,Puerto Madero,-34.6022,-58.35541,Entire home/apt,178537.0,1,214,2025-01-20,1.34,1,357,27,210.04,1050.22,Individual,27.0,49.42092904885493,223.15875845114505,-0.8035413840716793
887226957642231809,Lujoso apartamento Puerto Madero,233321336,Melina,Puerto Madero,-34.611160396400194,-58.3635089546442,Entire home/apt,186035.0,2,45,2025-01-24,2.26,1,313,27,218.86,1094.32,Individual,27.0,49.42092904885493,223.15875845114505,-0.8459248535575036
721155966976154610,Hermoso departamento en el Hotel Faena,164674298,Fernando,Puerto Madero,-34.61576,-58.36221,Private room,187537.0,1,73,2025-01-23,2.59,1,37,27,220.63,1103.16,Individual,27.0,49.42092904885493,223.15875845114505,-0.8544303797468354
